<gpx xmlns:ns3="http://www.garmin.com/xmlschemas/TrackPointExtension/v1" xmlns="http://www.topografix.com/GPX/1/1" xmlns:xsi="http://www.w3.org/2001/XMLSchema-instance" xmlns:ns2="http://www.garmin.com/xmlschemas/GpxExtensions/v3" creator="Garmin Connect" version="1.1" xsi:schemaLocation="http://www.topografix.com/GPX/1/1 http://www.topografix.com/GPX/11.xsd">
  <extensions>
<distance>4089.17</distance>
<average_hr>135.0</average_hr>
<average_speed>2.0799999237060547</average_speed>
<start_time>2026-09-11T23:13:40+00:00</start_time>
<end_time>2026-09-11T23:46:25.484000+00:00</end_time>
<moving_time>1859.0</moving_time>
<elapsed_time>1965.484</elapsed_time>
</extensions>
<metadata>
    <link href="connect.garmin.com">
      <text>Garmin Connect</text>
    </link>
    <time>2026-09-11T23:13:40.000Z</time>
  </metadata>
  <trk>
    <name>Chengdu Running</name>
    <type>running</type>
    <trkseg>
      <trkpt lat="30.67428753711283206939697265625" lon="103.90024169348180294036865234375">
        <ele>515.5999755859375</ele>
        <time>2026-09-11T23:26:33.000Z</time>
        <extensions>
          <ns3:TrackPointExtension>
            <ns3:hr>135</ns3:hr>
            <ns3:cad>80</ns3:cad>
          </ns3:TrackPointExtension>
        </extensions>
      </trkpt>
      <trkpt lat="30.67429474554955959320068359375" lon="103.90026851557195186614990234375">
        <ele>515.5999755859375</ele>
        <time>2026-09-11T23:26:34.000Z</time>
        <extensions>
          <ns3:TrackPointExtension>
            <ns3:hr>135</ns3:hr>
            <ns3:cad>80</ns3:cad>
          </ns3:TrackPointExtension>
        </extensions>
      </trkpt>
      <trkpt lat="30.6742872856557369232177734375" lon="103.9002759754657745361328125">
        <ele>515.5999755859375</ele>
        <time>2026-09-11T23:26:35.000Z</time>
        <extensions>
          <ns3:TrackPointExtension>
            <ns3:hr>135</ns3:hr>
            <ns3:cad>80</ns3:cad>
          </ns3:TrackPointExtension>
        </extensions>
      </trkpt>
      <trkpt lat="30.67428669892251491546630859375" lon="103.90028477646410465240478515625">
        <ele>515.5999755859375</ele>
        <time>2026-09-11T23:26:36.000Z</time>
        <extensions>
          <ns3:TrackPointExtension>
            <ns3:hr>135</ns3:hr>
            <ns3:cad>81</ns3:cad>
          </ns3:TrackPointExtension>
        </extensions>
      </trkpt>
      <trkpt lat="30.6743053905665874481201171875" lon="103.90030925162136554718017578125">
        <ele>515.5999755859375</ele>
        <time>2026-09-11T23:26:37.000Z</time>
        <extensions>
          <ns3:TrackPointExtension>
            <ns3:hr>135</ns3:hr>
            <ns3:cad>81</ns3:cad>
          </ns3:TrackPointExtension>
        </extensions>
      </trkpt>
      <trkpt lat="30.67429306916892528533935546875" lon="103.9003214053809642791748046875">
        <ele>515.5999755859375</ele>
        <time>2026-09-11T23:26:38.000Z</time>
        <extensions>
          <ns3:TrackPointExtension>
            <ns3:hr>135</ns3:hr>
            <ns3:cad>81</ns3:cad>
          </ns3:TrackPointExtension>
        </extensions>
      </trkpt>
      <trkpt lat="30.67429952323436737060546875" lon="103.900346718728542327880859375">
        <ele>515.5999755859375</ele>
        <time>2026-09-11T23:26:39.000Z</time>
        <extensions>
          <ns3:TrackPointExtension>
            <ns3:hr>135</ns3:hr>
            <ns3:cad>81</ns3:cad>
          </ns3:TrackPointExtension>
        </extensions>
      </trkpt>
      <trkpt lat="30.67430245690047740936279296875" lon="103.9003706909716129302978515625">
        <ele>515.5999755859375</ele>
        <time>2026-09-11T23:26:40.000Z</time>
        <extensions>
          <ns3:TrackPointExtension>
            <ns3:hr>135</ns3:hr>
            <ns3:cad>81</ns3:cad>
          </ns3:TrackPointExtension>
        </extensions>
      </trkpt>
      <trkpt lat="30.674305893480777740478515625" lon="103.90038720332086086273193359375">
        <ele>515.5999755859375</ele>
        <time>2026-09-11T23:26:41.000Z</time>
        <extensions>
          <ns3:TrackPointExtension>
            <ns3:hr>135</ns3:hr>
            <ns3:cad>81</ns3:cad>
          </ns3:TrackPointExtension>
        </extensions>
      </trkpt>
      <trkpt lat="30.6743201427161693572998046875" lon="103.9004025422036647796630859375">
        <ele>515.5999755859375</ele>
        <time>2026-09-11T23:26:42.000Z</time>
        <extensions>
          <ns3:TrackPointExtension>
            <ns3:hr>135</ns3:hr>
            <ns3:cad>81</ns3:cad>
          </ns3:TrackPointExtension>
        </extensions>
      </trkpt>
      <trkpt lat="30.67433296702802181243896484375" lon="103.90041938982903957366943359375">
        <ele>515.5999755859375</ele>
        <time>2026-09-11T23:26:43.000Z</time>
        <extensions>
          <ns3:TrackPointExtension>
            <ns3:hr>135</ns3:hr>
            <ns3:cad>80</ns3:cad>
          </ns3:TrackPointExtension>
        </extensions>
      </trkpt>
      <trkpt lat="30.6743409298360347747802734375" lon="103.90042928047478199005126953125">
        <ele>515.5999755859375</ele>
        <time>2026-09-11T23:26:44.000Z</time>
        <extensions>
          <ns3:TrackPointExtension>
            <ns3:hr>135</ns3:hr>
            <ns3:cad>80</ns3:cad>
          </ns3:TrackPointExtension>
        </extensions>
      </trkpt>
      <trkpt lat="30.67435040138661861419677734375" lon="103.9004343934357166290283203125">
        <ele>515.5999755859375</ele>
        <time>2026-09-11T23:26:45.000Z</time>
        <extensions>
          <ns3:TrackPointExtension>
            <ns3:hr>135</ns3:hr>
            <ns3:cad>79</ns3:cad>
          </ns3:TrackPointExtension>
        </extensions>
      </trkpt>
      <trkpt lat="30.674360878765583038330078125" lon="103.9004357345402240753173828125">
        <ele>515.5999755859375</ele>
        <time>2026-09-11T23:26:46.000Z</time>
        <extensions>
          <ns3:TrackPointExtension>
            <ns3:hr>135</ns3:hr>
            <ns3:cad>79</ns3:cad>
          </ns3:TrackPointExtension>
        </extensions>
      </trkpt>
      <trkpt lat="30.67437571473419666290283203125" lon="103.90043430961668491363525390625">
        <ele>515.5999755859375</ele>
        <time>2026-09-11T23:26:47.000Z</time>
        <extensions>
          <ns3:TrackPointExtension>
            <ns3:hr>135</ns3:hr>
            <ns3:cad>79</ns3:cad>
          </ns3:TrackPointExtension>
        </extensions>
      </trkpt>
      <trkpt lat="30.67438376136124134063720703125" lon="103.9004256762564182281494140625">
        <ele>515.5999755859375</ele>
        <time>2026-09-11T23:26:48.000Z</time>
        <extensions>
          <ns3:TrackPointExtension>
            <ns3:hr>135</ns3:hr>
            <ns3:cad>79</ns3:cad>
          </ns3:TrackPointExtension>
        </extensions>
      </trkpt>
      <trkpt lat="30.67439683713018894195556640625" lon="103.9004193060100078582763671875">
        <ele>515.5999755859375</ele>
        <time>2026-09-11T23:26:49.000Z</time>
        <extensions>
          <ns3:TrackPointExtension>
            <ns3:hr>135</ns3:hr>
            <ns3:cad>79</ns3:cad>
          </ns3:TrackPointExtension>
        </extensions>
      </trkpt>
      <trkpt lat="30.6744115054607391357421875" lon="103.90040899626910686492919921875">
        <ele>515.5999755859375</ele>
        <time>2026-09-11T23:26:50.000Z</time>
        <extensions>
          <ns3:TrackPointExtension>
            <ns3:hr>135</ns3:hr>
            <ns3:cad>79</ns3:cad>
          </ns3:TrackPointExtension>
        </extensions>
      </trkpt>
      <trkpt lat="30.6744260899722576141357421875" lon="103.900401033461093902587890625">
        <ele>515.5999755859375</ele>
        <time>2026-09-11T23:26:51.000Z</time>
        <extensions>
          <ns3:TrackPointExtension>
            <ns3:hr>135</ns3:hr>
            <ns3:cad>79</ns3:cad>
          </ns3:TrackPointExtension>
        </extensions>
      </trkpt>
      <trkpt lat="30.67444243468344211578369140625" lon="103.90039172954857349395751953125">
        <ele>515.5999755859375</ele>
        <time>2026-09-11T23:26:52.000Z</time>
        <extensions>
          <ns3:TrackPointExtension>
            <ns3:hr>135</ns3:hr>
            <ns3:cad>79</ns3:cad>
          </ns3:TrackPointExtension>
        </extensions>
      </trkpt>
      <trkpt lat="30.67446372471749782562255859375" lon="103.9003886282444000244140625">
        <ele>515.79998779296875</ele>
        <time>2026-09-11T23:26:53.000Z</time>
        <extensions>
          <ns3:TrackPointExtension>
            <ns3:hr>135</ns3:hr>
            <ns3:cad>79</ns3:cad>
          </ns3:TrackPointExtension>
        </extensions>
      </trkpt>
      <trkpt lat="30.6744777224957942962646484375" lon="103.90038150362670421600341796875">
        <ele>515.79998779296875</ele>
        <time>2026-09-11T23:26:54.000Z</time>
        <extensions>
          <ns3:TrackPointExtension>
            <ns3:hr>135</ns3:hr>
            <ns3:cad>78</ns3:cad>
          </ns3:TrackPointExtension>
        </extensions>
      </trkpt>
      <trkpt lat="30.6744971685111522674560546875" lon="103.9003753848373889923095703125">
        <ele>516</ele>
        <time>2026-09-11T23:26:55.000Z</time>
        <extensions>
          <ns3:TrackPointExtension>
            <ns3:hr>135</ns3:hr>
            <ns3:cad>78</ns3:cad>
          </ns3:TrackPointExtension>
        </extensions>
      </trkpt>
      <trkpt lat="30.6745206378400325775146484375" lon="103.9003713615238666534423828125">
        <ele>516.20001220703125</ele>
        <time>2026-09-11T23:26:56.000Z</time>
        <extensions>
          <ns3:TrackPointExtension>
            <ns3:hr>134</ns3:hr>
            <ns3:cad>77</ns3:cad>
          </ns3:TrackPointExtension>
        </extensions>
      </trkpt>
      <trkpt lat="30.67453731782734394073486328125" lon="103.90036507509648799896240234375">
        <ele>516.4000244140625</ele>
        <time>2026-09-11T23:26:57.000Z</time>
        <extensions>
          <ns3:TrackPointExtension>
            <ns3:hr>134</ns3:hr>
            <ns3:cad>77</ns3:cad>
          </ns3:TrackPointExtension>
        </extensions>
      </trkpt>
      <trkpt lat="30.67455324344336986541748046875" lon="103.900366164743900299072265625">
        <ele>516.5999755859375</ele>
        <time>2026-09-11T23:26:58.000Z</time>
        <extensions>
          <ns3:TrackPointExtension>
            <ns3:hr>134</ns3:hr>
            <ns3:cad>77</ns3:cad>
          </ns3:TrackPointExtension>
        </extensions>
      </trkpt>
      <trkpt lat="30.67457310855388641357421875" lon="103.900372199714183807373046875">
        <ele>516.79998779296875</ele>
        <time>2026-09-11T23:26:59.000Z</time>
        <extensions>
          <ns3:TrackPointExtension>
            <ns3:hr>134</ns3:hr>
            <ns3:cad>79</ns3:cad>
          </ns3:TrackPointExtension>
        </extensions>
      </trkpt>
      <trkpt lat="30.674593560397624969482421875" lon="103.90037965960800647735595703125">
        <ele>516.79998779296875</ele>
        <time>2026-09-11T23:27:00.000Z</time>
        <extensions>
          <ns3:TrackPointExtension>
            <ns3:hr>134</ns3:hr>
            <ns3:cad>79</ns3:cad>
          </ns3:TrackPointExtension>
        </extensions>
      </trkpt>
      <trkpt lat="30.67461141385138034820556640625" lon="103.90038527548313140869140625">
        <ele>516.5999755859375</ele>
        <time>2026-09-11T23:27:01.000Z</time>
        <extensions>
          <ns3:TrackPointExtension>
            <ns3:hr>135</ns3:hr>
            <ns3:cad>78</ns3:cad>
          </ns3:TrackPointExtension>
        </extensions>
      </trkpt>
      <trkpt lat="30.67462985403835773468017578125" lon="103.900393657386302947998046875">
        <ele>516.4000244140625</ele>
        <time>2026-09-11T23:27:02.000Z</time>
        <extensions>
          <ns3:TrackPointExtension>
            <ns3:hr>135</ns3:hr>
            <ns3:cad>78</ns3:cad>
          </ns3:TrackPointExtension>
        </extensions>
      </trkpt>
      <trkpt lat="30.67464427091181278228759765625" lon="103.9004042185842990875244140625">
        <ele>516.20001220703125</ele>
        <time>2026-09-11T23:27:03.000Z</time>
        <extensions>
          <ns3:TrackPointExtension>
            <ns3:hr>136</ns3:hr>
            <ns3:cad>78</ns3:cad>
          </ns3:TrackPointExtension>
        </extensions>
      </trkpt>
      <trkpt lat="30.6746577657759189605712890625" lon="103.90041285194456577301025390625">
        <ele>516.20001220703125</ele>
        <time>2026-09-11T23:27:04.000Z</time>
        <extensions>
          <ns3:TrackPointExtension>
            <ns3:hr>137</ns3:hr>
            <ns3:cad>78</ns3:cad>
          </ns3:TrackPointExtension>
        </extensions>
      </trkpt>
      <trkpt lat="30.67467779852449893951416015625" lon="103.90042257495224475860595703125">
        <ele>516</ele>
        <time>2026-09-11T23:27:05.000Z</time>
        <extensions>
          <ns3:TrackPointExtension>
            <ns3:hr>138</ns3:hr>
            <ns3:cad>78</ns3:cad>
          </ns3:TrackPointExtension>
        </extensions>
      </trkpt>
      <trkpt lat="30.6747023575007915496826171875" lon="103.90043179504573345184326171875">
        <ele>516</ele>
        <time>2026-09-11T23:27:06.000Z</time>
        <extensions>
          <ns3:TrackPointExtension>
            <ns3:hr>139</ns3:hr>
            <ns3:cad>78</ns3:cad>
          </ns3:TrackPointExtension>
        </extensions>
      </trkpt>
      <trkpt lat="30.67471568472683429718017578125" lon="103.90043850056827068328857421875">
        <ele>516</ele>
        <time>2026-09-11T23:27:07.000Z</time>
        <extensions>
          <ns3:TrackPointExtension>
            <ns3:hr>139</ns3:hr>
            <ns3:cad>78</ns3:cad>
          </ns3:TrackPointExtension>
        </extensions>
      </trkpt>
      <trkpt lat="30.6747342087328433990478515625" lon="103.90044386498630046844482421875">
        <ele>516</ele>
        <time>2026-09-11T23:27:08.000Z</time>
        <extensions>
          <ns3:TrackPointExtension>
            <ns3:hr>139</ns3:hr>
            <ns3:cad>78</ns3:cad>
          </ns3:TrackPointExtension>
        </extensions>
      </trkpt>
      <trkpt lat="30.6747586838901042938232421875" lon="103.90044989995658397674560546875">
        <ele>515.79998779296875</ele>
        <time>2026-09-11T23:27:09.000Z</time>
        <extensions>
          <ns3:TrackPointExtension>
            <ns3:hr>140</ns3:hr>
            <ns3:cad>78</ns3:cad>
          </ns3:TrackPointExtension>
        </extensions>
      </trkpt>
      <trkpt lat="30.674771927297115325927734375" lon="103.90045409090816974639892578125">
        <ele>515.79998779296875</ele>
        <time>2026-09-11T23:27:10.000Z</time>
        <extensions>
          <ns3:TrackPointExtension>
            <ns3:hr>140</ns3:hr>
            <ns3:cad>79</ns3:cad>
          </ns3:TrackPointExtension>
        </extensions>
      </trkpt>
      <trkpt lat="30.67479128949344158172607421875" lon="103.90045945532619953155517578125">
        <ele>515.79998779296875</ele>
        <time>2026-09-11T23:27:11.000Z</time>
        <extensions>
          <ns3:TrackPointExtension>
            <ns3:hr>141</ns3:hr>
            <ns3:cad>79</ns3:cad>
          </ns3:TrackPointExtension>
        </extensions>
      </trkpt>
      <trkpt lat="30.674812495708465576171875" lon="103.90046146698296070098876953125">
        <ele>515.79998779296875</ele>
        <time>2026-09-11T23:27:12.000Z</time>
        <extensions>
          <ns3:TrackPointExtension>
            <ns3:hr>141</ns3:hr>
            <ns3:cad>79</ns3:cad>
          </ns3:TrackPointExtension>
        </extensions>
      </trkpt>
      <trkpt lat="30.67482925951480865478515625" lon="103.90046146698296070098876953125">
        <ele>515.79998779296875</ele>
        <time>2026-09-11T23:27:13.000Z</time>
        <extensions>
          <ns3:TrackPointExtension>
            <ns3:hr>141</ns3:hr>
            <ns3:cad>79</ns3:cad>
          </ns3:TrackPointExtension>
        </extensions>
      </trkpt>
      <trkpt lat="30.67484811879694461822509765625" lon="103.9004664123058319091796875">
        <ele>515.79998779296875</ele>
        <time>2026-09-11T23:27:14.000Z</time>
        <extensions>
          <ns3:TrackPointExtension>
            <ns3:hr>141</ns3:hr>
            <ns3:cad>79</ns3:cad>
          </ns3:TrackPointExtension>
        </extensions>
      </trkpt>
      <trkpt lat="30.67487007938325405120849609375" lon="103.9004655741155147552490234375">
        <ele>515.79998779296875</ele>
        <time>2026-09-11T23:27:15.000Z</time>
        <extensions>
          <ns3:TrackPointExtension>
            <ns3:hr>140</ns3:hr>
            <ns3:cad>79</ns3:cad>
          </ns3:TrackPointExtension>
        </extensions>
      </trkpt>
      <trkpt lat="30.67488231696188449859619140625" lon="103.90046213753521442413330078125">
        <ele>515.79998779296875</ele>
        <time>2026-09-11T23:27:16.000Z</time>
        <extensions>
          <ns3:TrackPointExtension>
            <ns3:hr>140</ns3:hr>
            <ns3:cad>79</ns3:cad>
          </ns3:TrackPointExtension>
        </extensions>
      </trkpt>
      <trkpt lat="30.67490008659660816192626953125" lon="103.90046314336359500885009765625">
        <ele>515.79998779296875</ele>
        <time>2026-09-11T23:27:17.000Z</time>
        <extensions>
          <ns3:TrackPointExtension>
            <ns3:hr>140</ns3:hr>
            <ns3:cad>79</ns3:cad>
          </ns3:TrackPointExtension>
        </extensions>
      </trkpt>
      <trkpt lat="30.67491902969777584075927734375" lon="103.9004612155258655548095703125">
        <ele>515.79998779296875</ele>
        <time>2026-09-11T23:27:18.000Z</time>
        <extensions>
          <ns3:TrackPointExtension>
            <ns3:hr>140</ns3:hr>
            <ns3:cad>79</ns3:cad>
          </ns3:TrackPointExtension>
        </extensions>
      </trkpt>
      <trkpt lat="30.67493227310478687286376953125" lon="103.90045635402202606201171875">
        <ele>515.79998779296875</ele>
        <time>2026-09-11T23:27:19.000Z</time>
        <extensions>
          <ns3:TrackPointExtension>
            <ns3:hr>141</ns3:hr>
            <ns3:cad>79</ns3:cad>
          </ns3:TrackPointExtension>
        </extensions>
      </trkpt>
      <trkpt lat="30.67494459450244903564453125" lon="103.9004565216600894927978515625">
        <ele>515.79998779296875</ele>
        <time>2026-09-11T23:27:20.000Z</time>
        <extensions>
          <ns3:TrackPointExtension>
            <ns3:hr>141</ns3:hr>
            <ns3:cad>79</ns3:cad>
          </ns3:TrackPointExtension>
        </extensions>
      </trkpt>
      <trkpt lat="30.674959011375904083251953125" lon="103.900454007089138031005859375">
        <ele>515.79998779296875</ele>
        <time>2026-09-11T23:27:21.000Z</time>
        <extensions>
          <ns3:TrackPointExtension>
            <ns3:hr>141</ns3:hr>
            <ns3:cad>79</ns3:cad>
          </ns3:TrackPointExtension>
        </extensions>
      </trkpt>
      <trkpt lat="30.67497074604034423828125" lon="103.90045559965074062347412109375">
        <ele>515.79998779296875</ele>
        <time>2026-09-11T23:27:22.000Z</time>
        <extensions>
          <ns3:TrackPointExtension>
            <ns3:hr>141</ns3:hr>
            <ns3:cad>79</ns3:cad>
          </ns3:TrackPointExtension>
        </extensions>
      </trkpt>
      <trkpt lat="30.6749866716563701629638671875" lon="103.900455348193645477294921875">
        <ele>515.79998779296875</ele>
        <time>2026-09-11T23:27:23.000Z</time>
        <extensions>
          <ns3:TrackPointExtension>
            <ns3:hr>141</ns3:hr>
            <ns3:cad>79</ns3:cad>
          </ns3:TrackPointExtension>
        </extensions>
      </trkpt>
      <trkpt lat="30.6750042736530303955078125" lon="103.90045308507978916168212890625">
        <ele>515.79998779296875</ele>
        <time>2026-09-11T23:27:24.000Z</time>
        <extensions>
          <ns3:TrackPointExtension>
            <ns3:hr>141</ns3:hr>
            <ns3:cad>79</ns3:cad>
          </ns3:TrackPointExtension>
        </extensions>
      </trkpt>
      <trkpt lat="30.6750185228884220123291015625" lon="103.90045166015625">
        <ele>515.79998779296875</ele>
        <time>2026-09-11T23:27:25.000Z</time>
        <extensions>
          <ns3:TrackPointExtension>
            <ns3:hr>140</ns3:hr>
            <ns3:cad>79</ns3:cad>
          </ns3:TrackPointExtension>
        </extensions>
      </trkpt>
      <trkpt lat="30.6750289164483547210693359375" lon="103.90044830739498138427734375">
        <ele>515.79998779296875</ele>
        <time>2026-09-11T23:27:26.000Z</time>
        <extensions>
          <ns3:TrackPointExtension>
            <ns3:hr>141</ns3:hr>
            <ns3:cad>79</ns3:cad>
          </ns3:TrackPointExtension>
        </extensions>
      </trkpt>
      <trkpt lat="30.6750440038740634918212890625" lon="103.9004449546337127685546875">
        <ele>515.79998779296875</ele>
        <time>2026-09-11T23:27:27.000Z</time>
        <extensions>
          <ns3:TrackPointExtension>
            <ns3:hr>141</ns3:hr>
            <ns3:cad>79</ns3:cad>
          </ns3:TrackPointExtension>
        </extensions>
      </trkpt>
      <trkpt lat="30.67505992949008941650390625" lon="103.90043648891150951385498046875">
        <ele>515.79998779296875</ele>
        <time>2026-09-11T23:27:28.000Z</time>
        <extensions>
          <ns3:TrackPointExtension>
            <ns3:hr>141</ns3:hr>
            <ns3:cad>79</ns3:cad>
          </ns3:TrackPointExtension>
        </extensions>
      </trkpt>
      <trkpt lat="30.675072334706783294677734375" lon="103.900432549417018890380859375">
        <ele>515.79998779296875</ele>
        <time>2026-09-11T23:27:29.000Z</time>
        <extensions>
          <ns3:TrackPointExtension>
            <ns3:hr>141</ns3:hr>
            <ns3:cad>79</ns3:cad>
          </ns3:TrackPointExtension>
        </extensions>
      </trkpt>
      <trkpt lat="30.67509102635085582733154296875" lon="103.9004266820847988128662109375">
        <ele>515.79998779296875</ele>
        <time>2026-09-11T23:27:30.000Z</time>
        <extensions>
          <ns3:TrackPointExtension>
            <ns3:hr>142</ns3:hr>
            <ns3:cad>79</ns3:cad>
          </ns3:TrackPointExtension>
        </extensions>
      </trkpt>
      <trkpt lat="30.6751080416142940521240234375" lon="103.9004176296293735504150390625">
        <ele>515.79998779296875</ele>
        <time>2026-09-11T23:27:31.000Z</time>
        <extensions>
          <ns3:TrackPointExtension>
            <ns3:hr>142</ns3:hr>
            <ns3:cad>79</ns3:cad>
          </ns3:TrackPointExtension>
        </extensions>
      </trkpt>
      <trkpt lat="30.675118602812290191650390625" lon="103.90041402541100978851318359375">
        <ele>515.79998779296875</ele>
        <time>2026-09-11T23:27:32.000Z</time>
        <extensions>
          <ns3:TrackPointExtension>
            <ns3:hr>142</ns3:hr>
            <ns3:cad>79</ns3:cad>
          </ns3:TrackPointExtension>
        </extensions>
      </trkpt>
      <trkpt lat="30.67513477988541126251220703125" lon="103.90040681697428226470947265625">
        <ele>516</ele>
        <time>2026-09-11T23:27:33.000Z</time>
        <extensions>
          <ns3:TrackPointExtension>
            <ns3:hr>141</ns3:hr>
            <ns3:cad>79</ns3:cad>
          </ns3:TrackPointExtension>
        </extensions>
      </trkpt>
      <trkpt lat="30.6751519627869129180908203125" lon="103.90040027908980846405029296875">
        <ele>516</ele>
        <time>2026-09-11T23:27:34.000Z</time>
        <extensions>
          <ns3:TrackPointExtension>
            <ns3:hr>142</ns3:hr>
            <ns3:cad>80</ns3:cad>
          </ns3:TrackPointExtension>
        </extensions>
      </trkpt>
      <trkpt lat="30.67516713403165340423583984375" lon="103.90039659105241298675537109375">
        <ele>516</ele>
        <time>2026-09-11T23:27:35.000Z</time>
        <extensions>
          <ns3:TrackPointExtension>
            <ns3:hr>142</ns3:hr>
            <ns3:cad>79</ns3:cad>
          </ns3:TrackPointExtension>
        </extensions>
      </trkpt>
      <trkpt lat="30.67518557421863079071044921875" lon="103.90039307065308094024658203125">
        <ele>516</ele>
        <time>2026-09-11T23:27:36.000Z</time>
        <extensions>
          <ns3:TrackPointExtension>
            <ns3:hr>142</ns3:hr>
            <ns3:cad>79</ns3:cad>
          </ns3:TrackPointExtension>
        </extensions>
      </trkpt>
      <trkpt lat="30.675204098224639892578125" lon="103.90038418583571910858154296875">
        <ele>516</ele>
        <time>2026-09-11T23:27:37.000Z</time>
        <extensions>
          <ns3:TrackPointExtension>
            <ns3:hr>142</ns3:hr>
            <ns3:cad>79</ns3:cad>
          </ns3:TrackPointExtension>
        </extensions>
      </trkpt>
      <trkpt lat="30.6752227060496807098388671875" lon="103.90038703568279743194580078125">
        <ele>516</ele>
        <time>2026-09-11T23:27:38.000Z</time>
        <extensions>
          <ns3:TrackPointExtension>
            <ns3:hr>142</ns3:hr>
            <ns3:cad>79</ns3:cad>
          </ns3:TrackPointExtension>
        </extensions>
      </trkpt>
      <trkpt lat="30.67524173296988010406494140625" lon="103.90038720332086086273193359375">
        <ele>516</ele>
        <time>2026-09-11T23:27:39.000Z</time>
        <extensions>
          <ns3:TrackPointExtension>
            <ns3:hr>142</ns3:hr>
            <ns3:cad>79</ns3:cad>
          </ns3:TrackPointExtension>
        </extensions>
      </trkpt>
      <trkpt lat="30.6752659566700458526611328125" lon="103.90038502402603626251220703125">
        <ele>516</ele>
        <time>2026-09-11T23:27:40.000Z</time>
        <extensions>
          <ns3:TrackPointExtension>
            <ns3:hr>142</ns3:hr>
            <ns3:cad>79</ns3:cad>
          </ns3:TrackPointExtension>
        </extensions>
      </trkpt>
      <trkpt lat="30.67527978681027889251708984375" lon="103.900381587445735931396484375">
        <ele>516</ele>
        <time>2026-09-11T23:27:41.000Z</time>
        <extensions>
          <ns3:TrackPointExtension>
            <ns3:hr>142</ns3:hr>
            <ns3:cad>79</ns3:cad>
          </ns3:TrackPointExtension>
        </extensions>
      </trkpt>
      <trkpt lat="30.67530996166169643402099609375" lon="103.900372199714183807373046875">
        <ele>516</ele>
        <time>2026-09-11T23:27:42.000Z</time>
        <extensions>
          <ns3:TrackPointExtension>
            <ns3:hr>141</ns3:hr>
            <ns3:cad>79</ns3:cad>
          </ns3:TrackPointExtension>
        </extensions>
      </trkpt>
      <trkpt lat="30.67533493973314762115478515625" lon="103.90036943368613719940185546875">
        <ele>516</ele>
        <time>2026-09-11T23:27:43.000Z</time>
        <extensions>
          <ns3:TrackPointExtension>
            <ns3:hr>142</ns3:hr>
            <ns3:cad>79</ns3:cad>
          </ns3:TrackPointExtension>
        </extensions>
      </trkpt>
      <trkpt lat="30.6753548048436641693115234375" lon="103.90036976896226406097412109375">
        <ele>516</ele>
        <time>2026-09-11T23:27:44.000Z</time>
        <extensions>
          <ns3:TrackPointExtension>
            <ns3:hr>141</ns3:hr>
            <ns3:cad>79</ns3:cad>
          </ns3:TrackPointExtension>
        </extensions>
      </trkpt>
      <trkpt lat="30.6753776036202907562255859375" lon="103.90037077479064464569091796875">
        <ele>516</ele>
        <time>2026-09-11T23:27:45.000Z</time>
        <extensions>
          <ns3:TrackPointExtension>
            <ns3:hr>141</ns3:hr>
            <ns3:cad>79</ns3:cad>
          </ns3:TrackPointExtension>
        </extensions>
      </trkpt>
      <trkpt lat="30.675401575863361358642578125" lon="103.9003676734864711761474609375">
        <ele>516</ele>
        <time>2026-09-11T23:27:46.000Z</time>
        <extensions>
          <ns3:TrackPointExtension>
            <ns3:hr>141</ns3:hr>
            <ns3:cad>79</ns3:cad>
          </ns3:TrackPointExtension>
        </extensions>
      </trkpt>
      <trkpt lat="30.67542362026870250701904296875" lon="103.9003670029342174530029296875">
        <ele>516</ele>
        <time>2026-09-11T23:27:47.000Z</time>
        <extensions>
          <ns3:TrackPointExtension>
            <ns3:hr>140</ns3:hr>
            <ns3:cad>80</ns3:cad>
          </ns3:TrackPointExtension>
        </extensions>
      </trkpt>
      <trkpt lat="30.67544407211244106292724609375" lon="103.90036792494356632232666015625">
        <ele>516</ele>
        <time>2026-09-11T23:27:48.000Z</time>
        <extensions>
          <ns3:TrackPointExtension>
            <ns3:hr>140</ns3:hr>
            <ns3:cad>80</ns3:cad>
          </ns3:TrackPointExtension>
        </extensions>
      </trkpt>
      <trkpt lat="30.67547122947871685028076171875" lon="103.90037052333354949951171875">
        <ele>515.79998779296875</ele>
        <time>2026-09-11T23:27:49.000Z</time>
        <extensions>
          <ns3:TrackPointExtension>
            <ns3:hr>139</ns3:hr>
            <ns3:cad>80</ns3:cad>
          </ns3:TrackPointExtension>
        </extensions>
      </trkpt>
      <trkpt lat="30.67548749037086963653564453125" lon="103.9003750495612621307373046875">
        <ele>515.79998779296875</ele>
        <time>2026-09-11T23:27:50.000Z</time>
        <extensions>
          <ns3:TrackPointExtension>
            <ns3:hr>139</ns3:hr>
            <ns3:cad>80</ns3:cad>
          </ns3:TrackPointExtension>
        </extensions>
      </trkpt>
      <trkpt lat="30.67550660111010074615478515625" lon="103.90037898905575275421142578125">
        <ele>515.79998779296875</ele>
        <time>2026-09-11T23:27:51.000Z</time>
        <extensions>
          <ns3:TrackPointExtension>
            <ns3:hr>139</ns3:hr>
            <ns3:cad>79</ns3:cad>
          </ns3:TrackPointExtension>
        </extensions>
      </trkpt>
      <trkpt lat="30.6755268014967441558837890625" lon="103.9003778994083404541015625">
        <ele>515.79998779296875</ele>
        <time>2026-09-11T23:27:52.000Z</time>
        <extensions>
          <ns3:TrackPointExtension>
            <ns3:hr>138</ns3:hr>
            <ns3:cad>79</ns3:cad>
          </ns3:TrackPointExtension>
        </extensions>
      </trkpt>
      <trkpt lat="30.6755452416837215423583984375" lon="103.9003814198076725006103515625">
        <ele>515.79998779296875</ele>
        <time>2026-09-11T23:27:53.000Z</time>
        <extensions>
          <ns3:TrackPointExtension>
            <ns3:hr>138</ns3:hr>
            <ns3:cad>79</ns3:cad>
          </ns3:TrackPointExtension>
        </extensions>
      </trkpt>
      <trkpt lat="30.6755640171468257904052734375" lon="103.9003810845315456390380859375">
        <ele>515.79998779296875</ele>
        <time>2026-09-11T23:27:54.000Z</time>
        <extensions>
          <ns3:TrackPointExtension>
            <ns3:hr>138</ns3:hr>
            <ns3:cad>80</ns3:cad>
          </ns3:TrackPointExtension>
        </extensions>
      </trkpt>
      <trkpt lat="30.67558840848505496978759765625" lon="103.9003861136734485626220703125">
        <ele>515.79998779296875</ele>
        <time>2026-09-11T23:27:55.000Z</time>
        <extensions>
          <ns3:TrackPointExtension>
            <ns3:hr>138</ns3:hr>
            <ns3:cad>80</ns3:cad>
          </ns3:TrackPointExtension>
        </extensions>
      </trkpt>
      <trkpt lat="30.6756042502820491790771484375" lon="103.90038586221635341644287109375">
        <ele>515.79998779296875</ele>
        <time>2026-09-11T23:27:56.000Z</time>
        <extensions>
          <ns3:TrackPointExtension>
            <ns3:hr>139</ns3:hr>
            <ns3:cad>81</ns3:cad>
          </ns3:TrackPointExtension>
        </extensions>
      </trkpt>
      <trkpt lat="30.675622522830963134765625" lon="103.900386951863765716552734375">
        <ele>516</ele>
        <time>2026-09-11T23:27:57.000Z</time>
        <extensions>
          <ns3:TrackPointExtension>
            <ns3:hr>138</ns3:hr>
            <ns3:cad>81</ns3:cad>
          </ns3:TrackPointExtension>
        </extensions>
      </trkpt>
      <trkpt lat="30.6756377778947353363037109375" lon="103.90038318000733852386474609375">
        <ele>516</ele>
        <time>2026-09-11T23:27:58.000Z</time>
        <extensions>
          <ns3:TrackPointExtension>
            <ns3:hr>138</ns3:hr>
            <ns3:cad>81</ns3:cad>
          </ns3:TrackPointExtension>
        </extensions>
      </trkpt>
      <trkpt lat="30.67565211094915866851806640625" lon="103.9003817550837993621826171875">
        <ele>516</ele>
        <time>2026-09-11T23:27:59.000Z</time>
        <extensions>
          <ns3:TrackPointExtension>
            <ns3:hr>137</ns3:hr>
            <ns3:cad>81</ns3:cad>
          </ns3:TrackPointExtension>
        </extensions>
      </trkpt>
      <trkpt lat="30.67567055113613605499267578125" lon="103.90037932433187961578369140625">
        <ele>516</ele>
        <time>2026-09-11T23:28:00.000Z</time>
        <extensions>
          <ns3:TrackPointExtension>
            <ns3:hr>137</ns3:hr>
            <ns3:cad>80</ns3:cad>
          </ns3:TrackPointExtension>
        </extensions>
      </trkpt>
      <trkpt lat="30.67568345926702022552490234375" lon="103.90037597157061100006103515625">
        <ele>516</ele>
        <time>2026-09-11T23:28:01.000Z</time>
        <extensions>
          <ns3:TrackPointExtension>
            <ns3:hr>137</ns3:hr>
            <ns3:cad>80</ns3:cad>
          </ns3:TrackPointExtension>
        </extensions>
      </trkpt>
      <trkpt lat="30.6756927631795406341552734375" lon="103.90037094242870807647705078125">
        <ele>516</ele>
        <time>2026-09-11T23:28:02.000Z</time>
        <extensions>
          <ns3:TrackPointExtension>
            <ns3:hr>137</ns3:hr>
            <ns3:cad>80</ns3:cad>
          </ns3:TrackPointExtension>
        </extensions>
      </trkpt>
      <trkpt lat="30.675708353519439697265625" lon="103.90036742202937602996826171875">
        <ele>516</ele>
        <time>2026-09-11T23:28:03.000Z</time>
        <extensions>
          <ns3:TrackPointExtension>
            <ns3:hr>137</ns3:hr>
            <ns3:cad>81</ns3:cad>
          </ns3:TrackPointExtension>
        </extensions>
      </trkpt>
      <trkpt lat="30.6757209263741970062255859375" lon="103.9003656618297100067138671875">
        <ele>516</ele>
        <time>2026-09-11T23:28:04.000Z</time>
        <extensions>
          <ns3:TrackPointExtension>
            <ns3:hr>137</ns3:hr>
            <ns3:cad>81</ns3:cad>
          </ns3:TrackPointExtension>
        </extensions>
      </trkpt>
      <trkpt lat="30.6757391989231109619140625" lon="103.90036381781101226806640625">
        <ele>516</ele>
        <time>2026-09-11T23:28:05.000Z</time>
        <extensions>
          <ns3:TrackPointExtension>
            <ns3:hr>137</ns3:hr>
            <ns3:cad>81</ns3:cad>
          </ns3:TrackPointExtension>
        </extensions>
      </trkpt>
      <trkpt lat="30.67576006986200809478759765625" lon="103.900362811982631683349609375">
        <ele>516</ele>
        <time>2026-09-11T23:28:06.000Z</time>
        <extensions>
          <ns3:TrackPointExtension>
            <ns3:hr>136</ns3:hr>
            <ns3:cad>81</ns3:cad>
          </ns3:TrackPointExtension>
        </extensions>
      </trkpt>
      <trkpt lat="30.6757806055247783660888671875" lon="103.9003673382103443145751953125">
        <ele>516</ele>
        <time>2026-09-11T23:28:07.000Z</time>
        <extensions>
          <ns3:TrackPointExtension>
            <ns3:hr>137</ns3:hr>
            <ns3:cad>81</ns3:cad>
          </ns3:TrackPointExtension>
        </extensions>
      </trkpt>
      <trkpt lat="30.67580114118754863739013671875" lon="103.90037111006677150726318359375">
        <ele>516</ele>
        <time>2026-09-11T23:28:08.000Z</time>
        <extensions>
          <ns3:TrackPointExtension>
            <ns3:hr>137</ns3:hr>
            <ns3:cad>80</ns3:cad>
          </ns3:TrackPointExtension>
        </extensions>
      </trkpt>
      <trkpt lat="30.6758225150406360626220703125" lon="103.9003752171993255615234375">
        <ele>516</ele>
        <time>2026-09-11T23:28:09.000Z</time>
        <extensions>
          <ns3:TrackPointExtension>
            <ns3:hr>137</ns3:hr>
            <ns3:cad>80</ns3:cad>
          </ns3:TrackPointExtension>
        </extensions>
      </trkpt>
      <trkpt lat="30.6758411228656768798828125" lon="103.9003834314644336700439453125">
        <ele>516</ele>
        <time>2026-09-11T23:28:10.000Z</time>
        <extensions>
          <ns3:TrackPointExtension>
            <ns3:hr>138</ns3:hr>
            <ns3:cad>80</ns3:cad>
          </ns3:TrackPointExtension>
        </extensions>
      </trkpt>
      <trkpt lat="30.67586316727101802825927734375" lon="103.90039374120533466339111328125">
        <ele>516</ele>
        <time>2026-09-11T23:28:11.000Z</time>
        <extensions>
          <ns3:TrackPointExtension>
            <ns3:hr>139</ns3:hr>
            <ns3:cad>80</ns3:cad>
          </ns3:TrackPointExtension>
        </extensions>
      </trkpt>
      <trkpt lat="30.675887726247310638427734375" lon="103.9004018716514110565185546875">
        <ele>516</ele>
        <time>2026-09-11T23:28:12.000Z</time>
        <extensions>
          <ns3:TrackPointExtension>
            <ns3:hr>140</ns3:hr>
            <ns3:cad>80</ns3:cad>
          </ns3:TrackPointExtension>
        </extensions>
      </trkpt>
      <trkpt lat="30.67591060884296894073486328125" lon="103.90040195547044277191162109375">
        <ele>516</ele>
        <time>2026-09-11T23:28:13.000Z</time>
        <extensions>
          <ns3:TrackPointExtension>
            <ns3:hr>140</ns3:hr>
            <ns3:cad>80</ns3:cad>
          </ns3:TrackPointExtension>
        </extensions>
      </trkpt>
      <trkpt lat="30.67592896521091461181640625" lon="103.9004100859165191650390625">
        <ele>516</ele>
        <time>2026-09-11T23:28:14.000Z</time>
        <extensions>
          <ns3:TrackPointExtension>
            <ns3:hr>141</ns3:hr>
            <ns3:cad>80</ns3:cad>
          </ns3:TrackPointExtension>
        </extensions>
      </trkpt>
      <trkpt lat="30.6759457290172576904296875" lon="103.90041855163872241973876953125">
        <ele>516</ele>
        <time>2026-09-11T23:28:15.000Z</time>
        <extensions>
          <ns3:TrackPointExtension>
            <ns3:hr>141</ns3:hr>
            <ns3:cad>80</ns3:cad>
          </ns3:TrackPointExtension>
        </extensions>
      </trkpt>
      <trkpt lat="30.67596157081425189971923828125" lon="103.9004276879131793975830078125">
        <ele>516</ele>
        <time>2026-09-11T23:28:16.000Z</time>
        <extensions>
          <ns3:TrackPointExtension>
            <ns3:hr>142</ns3:hr>
            <ns3:cad>80</ns3:cad>
          </ns3:TrackPointExtension>
        </extensions>
      </trkpt>
      <trkpt lat="30.67597749643027782440185546875" lon="103.9004394225776195526123046875">
        <ele>516</ele>
        <time>2026-09-11T23:28:17.000Z</time>
        <extensions>
          <ns3:TrackPointExtension>
            <ns3:hr>142</ns3:hr>
            <ns3:cad>79</ns3:cad>
          </ns3:TrackPointExtension>
        </extensions>
      </trkpt>
      <trkpt lat="30.67599828355014324188232421875" lon="103.90044537372887134552001953125">
        <ele>516</ele>
        <time>2026-09-11T23:28:18.000Z</time>
        <extensions>
          <ns3:TrackPointExtension>
            <ns3:hr>142</ns3:hr>
            <ns3:cad>79</ns3:cad>
          </ns3:TrackPointExtension>
        </extensions>
      </trkpt>
      <trkpt lat="30.676014460623264312744140625" lon="103.9004541747272014617919921875">
        <ele>516</ele>
        <time>2026-09-11T23:28:19.000Z</time>
        <extensions>
          <ns3:TrackPointExtension>
            <ns3:hr>143</ns3:hr>
            <ns3:cad>79</ns3:cad>
          </ns3:TrackPointExtension>
        </extensions>
      </trkpt>
      <trkpt lat="30.6760327331721782684326171875" lon="103.900460712611675262451171875">
        <ele>516</ele>
        <time>2026-09-11T23:28:20.000Z</time>
        <extensions>
          <ns3:TrackPointExtension>
            <ns3:hr>142</ns3:hr>
            <ns3:cad>79</ns3:cad>
          </ns3:TrackPointExtension>
        </extensions>
      </trkpt>
      <trkpt lat="30.67605578340590000152587890625" lon="103.90046783722937107086181640625">
        <ele>516</ele>
        <time>2026-09-11T23:28:21.000Z</time>
        <extensions>
          <ns3:TrackPointExtension>
            <ns3:hr>142</ns3:hr>
            <ns3:cad>79</ns3:cad>
          </ns3:TrackPointExtension>
        </extensions>
      </trkpt>
      <trkpt lat="30.6760716252028942108154296875" lon="103.9004709385335445404052734375">
        <ele>516</ele>
        <time>2026-09-11T23:28:22.000Z</time>
        <extensions>
          <ns3:TrackPointExtension>
            <ns3:hr>142</ns3:hr>
            <ns3:cad>79</ns3:cad>
          </ns3:TrackPointExtension>
        </extensions>
      </trkpt>
      <trkpt lat="30.67609149031341075897216796875" lon="103.90047688968479633331298828125">
        <ele>516</ele>
        <time>2026-09-11T23:28:23.000Z</time>
        <extensions>
          <ns3:TrackPointExtension>
            <ns3:hr>141</ns3:hr>
            <ns3:cad>79</ns3:cad>
          </ns3:TrackPointExtension>
        </extensions>
      </trkpt>
      <trkpt lat="30.67611127160489559173583984375" lon="103.90048057772219181060791015625">
        <ele>516</ele>
        <time>2026-09-11T23:28:24.000Z</time>
        <extensions>
          <ns3:TrackPointExtension>
            <ns3:hr>141</ns3:hr>
            <ns3:cad>79</ns3:cad>
          </ns3:TrackPointExtension>
        </extensions>
      </trkpt>
      <trkpt lat="30.67612878978252410888671875" lon="103.9004947431385517120361328125">
        <ele>516</ele>
        <time>2026-09-11T23:28:25.000Z</time>
        <extensions>
          <ns3:TrackPointExtension>
            <ns3:hr>141</ns3:hr>
            <ns3:cad>79</ns3:cad>
          </ns3:TrackPointExtension>
        </extensions>
      </trkpt>
      <trkpt lat="30.67614178173243999481201171875" lon="103.9004997722804546356201171875">
        <ele>516</ele>
        <time>2026-09-11T23:28:26.000Z</time>
        <extensions>
          <ns3:TrackPointExtension>
            <ns3:hr>140</ns3:hr>
            <ns3:cad>79</ns3:cad>
          </ns3:TrackPointExtension>
        </extensions>
      </trkpt>
      <trkpt lat="30.6761594675481319427490234375" lon="103.90050329267978668212890625">
        <ele>516</ele>
        <time>2026-09-11T23:28:27.000Z</time>
        <extensions>
          <ns3:TrackPointExtension>
            <ns3:hr>140</ns3:hr>
            <ns3:cad>79</ns3:cad>
          </ns3:TrackPointExtension>
        </extensions>
      </trkpt>
      <trkpt lat="30.676170699298381805419921875" lon="103.90050807036459445953369140625">
        <ele>516</ele>
        <time>2026-09-11T23:28:28.000Z</time>
        <extensions>
          <ns3:TrackPointExtension>
            <ns3:hr>139</ns3:hr>
            <ns3:cad>79</ns3:cad>
          </ns3:TrackPointExtension>
        </extensions>
      </trkpt>
      <trkpt lat="30.676185786724090576171875" lon="103.9005120098590850830078125">
        <ele>516</ele>
        <time>2026-09-11T23:28:29.000Z</time>
        <extensions>
          <ns3:TrackPointExtension>
            <ns3:hr>139</ns3:hr>
            <ns3:cad>80</ns3:cad>
          </ns3:TrackPointExtension>
        </extensions>
      </trkpt>
      <trkpt lat="30.67620095796883106231689453125" lon="103.90051536262035369873046875">
        <ele>516</ele>
        <time>2026-09-11T23:28:30.000Z</time>
        <extensions>
          <ns3:TrackPointExtension>
            <ns3:hr>139</ns3:hr>
            <ns3:cad>80</ns3:cad>
          </ns3:TrackPointExtension>
        </extensions>
      </trkpt>
      <trkpt lat="30.6762144528329372406005859375" lon="103.90051670372486114501953125">
        <ele>516</ele>
        <time>2026-09-11T23:28:31.000Z</time>
        <extensions>
          <ns3:TrackPointExtension>
            <ns3:hr>139</ns3:hr>
            <ns3:cad>80</ns3:cad>
          </ns3:TrackPointExtension>
        </extensions>
      </trkpt>
      <trkpt lat="30.67623741924762725830078125" lon="103.90052433125674724578857421875">
        <ele>516</ele>
        <time>2026-09-11T23:28:32.000Z</time>
        <extensions>
          <ns3:TrackPointExtension>
            <ns3:hr>138</ns3:hr>
            <ns3:cad>81</ns3:cad>
          </ns3:TrackPointExtension>
        </extensions>
      </trkpt>
      <trkpt lat="30.67626021802425384521484375" lon="103.90053204260766506195068359375">
        <ele>516</ele>
        <time>2026-09-11T23:28:33.000Z</time>
        <extensions>
          <ns3:TrackPointExtension>
            <ns3:hr>138</ns3:hr>
            <ns3:cad>81</ns3:cad>
          </ns3:TrackPointExtension>
        </extensions>
      </trkpt>
      <trkpt lat="30.676277987658977508544921875" lon="103.9005393348634243011474609375">
        <ele>516</ele>
        <time>2026-09-11T23:28:34.000Z</time>
        <extensions>
          <ns3:TrackPointExtension>
            <ns3:hr>138</ns3:hr>
            <ns3:cad>80</ns3:cad>
          </ns3:TrackPointExtension>
        </extensions>
      </trkpt>
      <trkpt lat="30.676298104226589202880859375" lon="103.90054863877594470977783203125">
        <ele>516</ele>
        <time>2026-09-11T23:28:35.000Z</time>
        <extensions>
          <ns3:TrackPointExtension>
            <ns3:hr>138</ns3:hr>
            <ns3:cad>80</ns3:cad>
          </ns3:TrackPointExtension>
        </extensions>
      </trkpt>
      <trkpt lat="30.6763131916522979736328125" lon="103.90056255273520946502685546875">
        <ele>516</ele>
        <time>2026-09-11T23:28:36.000Z</time>
        <extensions>
          <ns3:TrackPointExtension>
            <ns3:hr>138</ns3:hr>
            <ns3:cad>80</ns3:cad>
          </ns3:TrackPointExtension>
        </extensions>
      </trkpt>
      <trkpt lat="30.67632861435413360595703125" lon="103.90057093463838100433349609375">
        <ele>516</ele>
        <time>2026-09-11T23:28:37.000Z</time>
        <extensions>
          <ns3:TrackPointExtension>
            <ns3:hr>138</ns3:hr>
            <ns3:cad>81</ns3:cad>
          </ns3:TrackPointExtension>
        </extensions>
      </trkpt>
      <trkpt lat="30.6763431988656520843505859375" lon="103.90058375895023345947265625">
        <ele>516</ele>
        <time>2026-09-11T23:28:38.000Z</time>
        <extensions>
          <ns3:TrackPointExtension>
            <ns3:hr>138</ns3:hr>
            <ns3:cad>81</ns3:cad>
          </ns3:TrackPointExtension>
        </extensions>
      </trkpt>
      <trkpt lat="30.676354430615901947021484375" lon="103.90059758909046649932861328125">
        <ele>516</ele>
        <time>2026-09-11T23:28:39.000Z</time>
        <extensions>
          <ns3:TrackPointExtension>
            <ns3:hr>138</ns3:hr>
            <ns3:cad>81</ns3:cad>
          </ns3:TrackPointExtension>
        </extensions>
      </trkpt>
      <trkpt lat="30.67636691965162754058837890625" lon="103.9006040431559085845947265625">
        <ele>516</ele>
        <time>2026-09-11T23:28:40.000Z</time>
        <extensions>
          <ns3:TrackPointExtension>
            <ns3:hr>137</ns3:hr>
            <ns3:cad>81</ns3:cad>
          </ns3:TrackPointExtension>
        </extensions>
      </trkpt>
      <trkpt lat="30.676381252706050872802734375" lon="103.90061535872519016265869140625">
        <ele>516.20001220703125</ele>
        <time>2026-09-11T23:28:41.000Z</time>
        <extensions>
          <ns3:TrackPointExtension>
            <ns3:hr>137</ns3:hr>
            <ns3:cad>81</ns3:cad>
          </ns3:TrackPointExtension>
        </extensions>
      </trkpt>
      <trkpt lat="30.67639290355145931243896484375" lon="103.900626003742218017578125">
        <ele>516.20001220703125</ele>
        <time>2026-09-11T23:28:42.000Z</time>
        <extensions>
          <ns3:TrackPointExtension>
            <ns3:hr>137</ns3:hr>
            <ns3:cad>80</ns3:cad>
          </ns3:TrackPointExtension>
        </extensions>
      </trkpt>
      <trkpt lat="30.6764058955013751983642578125" lon="103.90063681639730930328369140625">
        <ele>516.20001220703125</ele>
        <time>2026-09-11T23:28:43.000Z</time>
        <extensions>
          <ns3:TrackPointExtension>
            <ns3:hr>137</ns3:hr>
            <ns3:cad>80</ns3:cad>
          </ns3:TrackPointExtension>
        </extensions>
      </trkpt>
      <trkpt lat="30.67642408423125743865966796875" lon="103.900645785033702850341796875">
        <ele>516.20001220703125</ele>
        <time>2026-09-11T23:28:44.000Z</time>
        <extensions>
          <ns3:TrackPointExtension>
            <ns3:hr>136</ns3:hr>
            <ns3:cad>80</ns3:cad>
          </ns3:TrackPointExtension>
        </extensions>
      </trkpt>
      <trkpt lat="30.676432214677333831787109375" lon="103.90065793879330158233642578125">
        <ele>516.20001220703125</ele>
        <time>2026-09-11T23:28:45.000Z</time>
        <extensions>
          <ns3:TrackPointExtension>
            <ns3:hr>136</ns3:hr>
            <ns3:cad>80</ns3:cad>
          </ns3:TrackPointExtension>
        </extensions>
      </trkpt>
      <trkpt lat="30.6764454580843448638916015625" lon="103.90066632069647312164306640625">
        <ele>516</ele>
        <time>2026-09-11T23:28:46.000Z</time>
        <extensions>
          <ns3:TrackPointExtension>
            <ns3:hr>136</ns3:hr>
            <ns3:cad>80</ns3:cad>
          </ns3:TrackPointExtension>
        </extensions>
      </trkpt>
      <trkpt lat="30.67645643837749958038330078125" lon="103.9006778039038181304931640625">
        <ele>516.20001220703125</ele>
        <time>2026-09-11T23:28:47.000Z</time>
        <extensions>
          <ns3:TrackPointExtension>
            <ns3:hr>136</ns3:hr>
            <ns3:cad>80</ns3:cad>
          </ns3:TrackPointExtension>
        </extensions>
      </trkpt>
      <trkpt lat="30.67646750248968601226806640625" lon="103.90069146640598773956298828125">
        <ele>516.20001220703125</ele>
        <time>2026-09-11T23:28:48.000Z</time>
        <extensions>
          <ns3:TrackPointExtension>
            <ns3:hr>135</ns3:hr>
            <ns3:cad>80</ns3:cad>
          </ns3:TrackPointExtension>
        </extensions>
      </trkpt>
      <trkpt lat="30.67647806368768215179443359375" lon="103.90069867484271526336669921875">
        <ele>516.20001220703125</ele>
        <time>2026-09-11T23:28:49.000Z</time>
        <extensions>
          <ns3:TrackPointExtension>
            <ns3:hr>135</ns3:hr>
            <ns3:cad>80</ns3:cad>
          </ns3:TrackPointExtension>
        </extensions>
      </trkpt>
      <trkpt lat="30.676493905484676361083984375" lon="103.90071175061166286468505859375">
        <ele>516.20001220703125</ele>
        <time>2026-09-11T23:28:50.000Z</time>
        <extensions>
          <ns3:TrackPointExtension>
            <ns3:hr>135</ns3:hr>
            <ns3:cad>80</ns3:cad>
          </ns3:TrackPointExtension>
        </extensions>
      </trkpt>
      <trkpt lat="30.67650564014911651611328125" lon="103.9007257483899593353271484375">
        <ele>516.20001220703125</ele>
        <time>2026-09-11T23:28:51.000Z</time>
        <extensions>
          <ns3:TrackPointExtension>
            <ns3:hr>135</ns3:hr>
            <ns3:cad>80</ns3:cad>
          </ns3:TrackPointExtension>
        </extensions>
      </trkpt>
      <trkpt lat="30.67652382887899875640869140625" lon="103.9007337950170040130615234375">
        <ele>516.20001220703125</ele>
        <time>2026-09-11T23:28:52.000Z</time>
        <extensions>
          <ns3:TrackPointExtension>
            <ns3:hr>135</ns3:hr>
            <ns3:cad>80</ns3:cad>
          </ns3:TrackPointExtension>
        </extensions>
      </trkpt>
      <trkpt lat="30.67654293961822986602783203125" lon="103.900741003453731536865234375">
        <ele>516.20001220703125</ele>
        <time>2026-09-11T23:28:53.000Z</time>
        <extensions>
          <ns3:TrackPointExtension>
            <ns3:hr>135</ns3:hr>
            <ns3:cad>80</ns3:cad>
          </ns3:TrackPointExtension>
        </extensions>
      </trkpt>
      <trkpt lat="30.676553249359130859375" lon="103.90075650997459888458251953125">
        <ele>516.20001220703125</ele>
        <time>2026-09-11T23:28:54.000Z</time>
        <extensions>
          <ns3:TrackPointExtension>
            <ns3:hr>135</ns3:hr>
            <ns3:cad>81</ns3:cad>
          </ns3:TrackPointExtension>
        </extensions>
      </trkpt>
      <trkpt lat="30.67656875587999820709228515625" lon="103.90076606534421443939208984375">
        <ele>516.20001220703125</ele>
        <time>2026-09-11T23:28:55.000Z</time>
        <extensions>
          <ns3:TrackPointExtension>
            <ns3:hr>135</ns3:hr>
            <ns3:cad>81</ns3:cad>
          </ns3:TrackPointExtension>
        </extensions>
      </trkpt>
      <trkpt lat="30.67658753134310245513916015625" lon="103.90077813528478145599365234375">
        <ele>516.20001220703125</ele>
        <time>2026-09-11T23:28:56.000Z</time>
        <extensions>
          <ns3:TrackPointExtension>
            <ns3:hr>135</ns3:hr>
            <ns3:cad>81</ns3:cad>
          </ns3:TrackPointExtension>
        </extensions>
      </trkpt>
      <trkpt lat="30.6765983439981937408447265625" lon="103.900791965425014495849609375">
        <ele>516.20001220703125</ele>
        <time>2026-09-11T23:28:57.000Z</time>
        <extensions>
          <ns3:TrackPointExtension>
            <ns3:hr>135</ns3:hr>
            <ns3:cad>81</ns3:cad>
          </ns3:TrackPointExtension>
        </extensions>
      </trkpt>
      <trkpt lat="30.67661435343325138092041015625" lon="103.9008031971752643585205078125">
        <ele>516.20001220703125</ele>
        <time>2026-09-11T23:28:58.000Z</time>
        <extensions>
          <ns3:TrackPointExtension>
            <ns3:hr>135</ns3:hr>
            <ns3:cad>81</ns3:cad>
          </ns3:TrackPointExtension>
        </extensions>
      </trkpt>
      <trkpt lat="30.67662457935512065887451171875" lon="103.90080763958394527435302734375">
        <ele>516.20001220703125</ele>
        <time>2026-09-11T23:28:59.000Z</time>
        <extensions>
          <ns3:TrackPointExtension>
            <ns3:hr>135</ns3:hr>
            <ns3:cad>81</ns3:cad>
          </ns3:TrackPointExtension>
        </extensions>
      </trkpt>
      <trkpt lat="30.67663664929568767547607421875" lon="103.9008159376680850982666015625">
        <ele>516.4000244140625</ele>
        <time>2026-09-11T23:29:00.000Z</time>
        <extensions>
          <ns3:TrackPointExtension>
            <ns3:hr>135</ns3:hr>
            <ns3:cad>81</ns3:cad>
          </ns3:TrackPointExtension>
        </extensions>
      </trkpt>
      <trkpt lat="30.6766513176262378692626953125" lon="103.900824822485446929931640625">
        <ele>516.4000244140625</ele>
        <time>2026-09-11T23:29:01.000Z</time>
        <extensions>
          <ns3:TrackPointExtension>
            <ns3:hr>135</ns3:hr>
            <ns3:cad>81</ns3:cad>
          </ns3:TrackPointExtension>
        </extensions>
      </trkpt>
      <trkpt lat="30.67666347138583660125732421875" lon="103.90083320438861846923828125">
        <ele>516.4000244140625</ele>
        <time>2026-09-11T23:29:02.000Z</time>
        <extensions>
          <ns3:TrackPointExtension>
            <ns3:hr>135</ns3:hr>
            <ns3:cad>81</ns3:cad>
          </ns3:TrackPointExtension>
        </extensions>
      </trkpt>
      <trkpt lat="30.6766767986118793487548828125" lon="103.90084150247275829315185546875">
        <ele>516.4000244140625</ele>
        <time>2026-09-11T23:29:03.000Z</time>
        <extensions>
          <ns3:TrackPointExtension>
            <ns3:hr>135</ns3:hr>
            <ns3:cad>81</ns3:cad>
          </ns3:TrackPointExtension>
        </extensions>
      </trkpt>
      <trkpt lat="30.6766918860375881195068359375" lon="103.90085139311850070953369140625">
        <ele>516.4000244140625</ele>
        <time>2026-09-11T23:29:04.000Z</time>
        <extensions>
          <ns3:TrackPointExtension>
            <ns3:hr>135</ns3:hr>
            <ns3:cad>82</ns3:cad>
          </ns3:TrackPointExtension>
        </extensions>
      </trkpt>
      <trkpt lat="30.6767026148736476898193359375" lon="103.90085776336491107940673828125">
        <ele>516.4000244140625</ele>
        <time>2026-09-11T23:29:05.000Z</time>
        <extensions>
          <ns3:TrackPointExtension>
            <ns3:hr>135</ns3:hr>
            <ns3:cad>82</ns3:cad>
          </ns3:TrackPointExtension>
        </extensions>
      </trkpt>
      <trkpt lat="30.67671828903257846832275390625" lon="103.9008695818483829498291015625">
        <ele>516.4000244140625</ele>
        <time>2026-09-11T23:29:06.000Z</time>
        <extensions>
          <ns3:TrackPointExtension>
            <ns3:hr>135</ns3:hr>
            <ns3:cad>82</ns3:cad>
          </ns3:TrackPointExtension>
        </extensions>
      </trkpt>
      <trkpt lat="30.6767354719340801239013671875" lon="103.90088374726474285125732421875">
        <ele>516.4000244140625</ele>
        <time>2026-09-11T23:29:07.000Z</time>
        <extensions>
          <ns3:TrackPointExtension>
            <ns3:hr>136</ns3:hr>
            <ns3:cad>82</ns3:cad>
          </ns3:TrackPointExtension>
        </extensions>
      </trkpt>
      <trkpt lat="30.67674712277948856353759765625" lon="103.90089246444404125213623046875">
        <ele>516.5999755859375</ele>
        <time>2026-09-11T23:29:08.000Z</time>
        <extensions>
          <ns3:TrackPointExtension>
            <ns3:hr>136</ns3:hr>
            <ns3:cad>82</ns3:cad>
          </ns3:TrackPointExtension>
        </extensions>
      </trkpt>
      <trkpt lat="30.6767622940242290496826171875" lon="103.9009057916700839996337890625">
        <ele>516.5999755859375</ele>
        <time>2026-09-11T23:29:09.000Z</time>
        <extensions>
          <ns3:TrackPointExtension>
            <ns3:hr>136</ns3:hr>
            <ns3:cad>82</ns3:cad>
          </ns3:TrackPointExtension>
        </extensions>
      </trkpt>
      <trkpt lat="30.67677511833608150482177734375" lon="103.9009151794016361236572265625">
        <ele>516.5999755859375</ele>
        <time>2026-09-11T23:29:10.000Z</time>
        <extensions>
          <ns3:TrackPointExtension>
            <ns3:hr>136</ns3:hr>
            <ns3:cad>82</ns3:cad>
          </ns3:TrackPointExtension>
        </extensions>
      </trkpt>
      <trkpt lat="30.67678584717214107513427734375" lon="103.90092096291482448577880859375">
        <ele>516.5999755859375</ele>
        <time>2026-09-11T23:29:11.000Z</time>
        <extensions>
          <ns3:TrackPointExtension>
            <ns3:hr>136</ns3:hr>
            <ns3:cad>82</ns3:cad>
          </ns3:TrackPointExtension>
        </extensions>
      </trkpt>
      <trkpt lat="30.67680177278816699981689453125" lon="103.90093102119863033294677734375">
        <ele>516.5999755859375</ele>
        <time>2026-09-11T23:29:12.000Z</time>
        <extensions>
          <ns3:TrackPointExtension>
            <ns3:hr>137</ns3:hr>
            <ns3:cad>82</ns3:cad>
          </ns3:TrackPointExtension>
        </extensions>
      </trkpt>
      <trkpt lat="30.6768129207193851470947265625" lon="103.9009396545588970184326171875">
        <ele>516.5999755859375</ele>
        <time>2026-09-11T23:29:13.000Z</time>
        <extensions>
          <ns3:TrackPointExtension>
            <ns3:hr>137</ns3:hr>
            <ns3:cad>82</ns3:cad>
          </ns3:TrackPointExtension>
        </extensions>
      </trkpt>
      <trkpt lat="30.67682255990803241729736328125" lon="103.90094879083335399627685546875">
        <ele>516.5999755859375</ele>
        <time>2026-09-11T23:29:14.000Z</time>
        <extensions>
          <ns3:TrackPointExtension>
            <ns3:hr>137</ns3:hr>
            <ns3:cad>82</ns3:cad>
          </ns3:TrackPointExtension>
        </extensions>
      </trkpt>
      <trkpt lat="30.67683630622923374176025390625" lon="103.90096086077392101287841796875">
        <ele>516.5999755859375</ele>
        <time>2026-09-11T23:29:15.000Z</time>
        <extensions>
          <ns3:TrackPointExtension>
            <ns3:hr>136</ns3:hr>
            <ns3:cad>82</ns3:cad>
          </ns3:TrackPointExtension>
        </extensions>
      </trkpt>
      <trkpt lat="30.67684493958950042724609375" lon="103.9009760320186614990234375">
        <ele>516.5999755859375</ele>
        <time>2026-09-11T23:29:16.000Z</time>
        <extensions>
          <ns3:TrackPointExtension>
            <ns3:hr>136</ns3:hr>
            <ns3:cad>82</ns3:cad>
          </ns3:TrackPointExtension>
        </extensions>
      </trkpt>
      <trkpt lat="30.67685709334909915924072265625" lon="103.90098868869245052337646484375">
        <ele>516.5999755859375</ele>
        <time>2026-09-11T23:29:17.000Z</time>
        <extensions>
          <ns3:TrackPointExtension>
            <ns3:hr>136</ns3:hr>
            <ns3:cad>82</ns3:cad>
          </ns3:TrackPointExtension>
        </extensions>
      </trkpt>
      <trkpt lat="30.67686731927096843719482421875" lon="103.901001177728176116943359375">
        <ele>516.5999755859375</ele>
        <time>2026-09-11T23:29:18.000Z</time>
        <extensions>
          <ns3:TrackPointExtension>
            <ns3:hr>136</ns3:hr>
            <ns3:cad>82</ns3:cad>
          </ns3:TrackPointExtension>
        </extensions>
      </trkpt>
      <trkpt lat="30.67688056267797946929931640625" lon="103.9010110683739185333251953125">
        <ele>516.5999755859375</ele>
        <time>2026-09-11T23:29:19.000Z</time>
        <extensions>
          <ns3:TrackPointExtension>
            <ns3:hr>137</ns3:hr>
            <ns3:cad>81</ns3:cad>
          </ns3:TrackPointExtension>
        </extensions>
      </trkpt>
      <trkpt lat="30.67689682357013225555419921875" lon="103.90102288685739040374755859375">
        <ele>516.5999755859375</ele>
        <time>2026-09-11T23:29:20.000Z</time>
        <extensions>
          <ns3:TrackPointExtension>
            <ns3:hr>137</ns3:hr>
            <ns3:cad>81</ns3:cad>
          </ns3:TrackPointExtension>
        </extensions>
      </trkpt>
      <trkpt lat="30.6769098155200481414794921875" lon="103.9010318554937839508056640625">
        <ele>516.79998779296875</ele>
        <time>2026-09-11T23:29:21.000Z</time>
        <extensions>
          <ns3:TrackPointExtension>
            <ns3:hr>137</ns3:hr>
            <ns3:cad>81</ns3:cad>
          </ns3:TrackPointExtension>
        </extensions>
      </trkpt>
      <trkpt lat="30.67692515440285205841064453125" lon="103.9010412432253360748291015625">
        <ele>516.79998779296875</ele>
        <time>2026-09-11T23:29:22.000Z</time>
        <extensions>
          <ns3:TrackPointExtension>
            <ns3:hr>137</ns3:hr>
            <ns3:cad>81</ns3:cad>
          </ns3:TrackPointExtension>
        </extensions>
      </trkpt>
      <trkpt lat="30.67694627679884433746337890625" lon="103.90104920603334903717041015625">
        <ele>516.79998779296875</ele>
        <time>2026-09-11T23:29:23.000Z</time>
        <extensions>
          <ns3:TrackPointExtension>
            <ns3:hr>137</ns3:hr>
            <ns3:cad>81</ns3:cad>
          </ns3:TrackPointExtension>
        </extensions>
      </trkpt>
      <trkpt lat="30.67695717327296733856201171875" lon="103.9010616950690746307373046875">
        <ele>516.79998779296875</ele>
        <time>2026-09-11T23:29:24.000Z</time>
        <extensions>
          <ns3:TrackPointExtension>
            <ns3:hr>137</ns3:hr>
            <ns3:cad>81</ns3:cad>
          </ns3:TrackPointExtension>
        </extensions>
      </trkpt>
      <trkpt lat="30.67696941085159778594970703125" lon="103.901073597371578216552734375">
        <ele>516.79998779296875</ele>
        <time>2026-09-11T23:29:25.000Z</time>
        <extensions>
          <ns3:TrackPointExtension>
            <ns3:hr>137</ns3:hr>
            <ns3:cad>81</ns3:cad>
          </ns3:TrackPointExtension>
        </extensions>
      </trkpt>
      <trkpt lat="30.67698332481086254119873046875" lon="103.90108424238860607147216796875">
        <ele>516.79998779296875</ele>
        <time>2026-09-11T23:29:26.000Z</time>
        <extensions>
          <ns3:TrackPointExtension>
            <ns3:hr>136</ns3:hr>
            <ns3:cad>81</ns3:cad>
          </ns3:TrackPointExtension>
        </extensions>
      </trkpt>
      <trkpt lat="30.6769946403801441192626953125" lon="103.90109430067241191864013671875">
        <ele>517</ele>
        <time>2026-09-11T23:29:27.000Z</time>
        <extensions>
          <ns3:TrackPointExtension>
            <ns3:hr>137</ns3:hr>
            <ns3:cad>82</ns3:cad>
          </ns3:TrackPointExtension>
        </extensions>
      </trkpt>
      <trkpt lat="30.67700595594942569732666015625" lon="103.9011036045849323272705078125">
        <ele>517</ele>
        <time>2026-09-11T23:29:28.000Z</time>
        <extensions>
          <ns3:TrackPointExtension>
            <ns3:hr>137</ns3:hr>
            <ns3:cad>82</ns3:cad>
          </ns3:TrackPointExtension>
        </extensions>
      </trkpt>
      <trkpt lat="30.67701484076678752899169921875" lon="103.9011128246784210205078125">
        <ele>517</ele>
        <time>2026-09-11T23:29:29.000Z</time>
        <extensions>
          <ns3:TrackPointExtension>
            <ns3:hr>136</ns3:hr>
            <ns3:cad>82</ns3:cad>
          </ns3:TrackPointExtension>
        </extensions>
      </trkpt>
      <trkpt lat="30.677028335630893707275390625" lon="103.90112196095287799835205078125">
        <ele>517</ele>
        <time>2026-09-11T23:29:30.000Z</time>
        <extensions>
          <ns3:TrackPointExtension>
            <ns3:hr>137</ns3:hr>
            <ns3:cad>82</ns3:cad>
          </ns3:TrackPointExtension>
        </extensions>
      </trkpt>
      <trkpt lat="30.677041076123714447021484375" lon="103.90113352797925472259521484375">
        <ele>517</ele>
        <time>2026-09-11T23:29:31.000Z</time>
        <extensions>
          <ns3:TrackPointExtension>
            <ns3:hr>137</ns3:hr>
            <ns3:cad>82</ns3:cad>
          </ns3:TrackPointExtension>
        </extensions>
      </trkpt>
      <trkpt lat="30.677051804959774017333984375" lon="103.9011394791305065155029296875">
        <ele>517</ele>
        <time>2026-09-11T23:29:32.000Z</time>
        <extensions>
          <ns3:TrackPointExtension>
            <ns3:hr>137</ns3:hr>
            <ns3:cad>82</ns3:cad>
          </ns3:TrackPointExtension>
        </extensions>
      </trkpt>
      <trkpt lat="30.67706664092838764190673828125" lon="103.90114559791982173919677734375">
        <ele>517</ele>
        <time>2026-09-11T23:29:33.000Z</time>
        <extensions>
          <ns3:TrackPointExtension>
            <ns3:hr>137</ns3:hr>
            <ns3:cad>82</ns3:cad>
          </ns3:TrackPointExtension>
        </extensions>
      </trkpt>
      <trkpt lat="30.67707954905927181243896484375" lon="103.90115330927073955535888671875">
        <ele>517</ele>
        <time>2026-09-11T23:29:34.000Z</time>
        <extensions>
          <ns3:TrackPointExtension>
            <ns3:hr>137</ns3:hr>
            <ns3:cad>82</ns3:cad>
          </ns3:TrackPointExtension>
        </extensions>
      </trkpt>
      <trkpt lat="30.67708960734307765960693359375" lon="103.9011606015264987945556640625">
        <ele>517</ele>
        <time>2026-09-11T23:29:35.000Z</time>
        <extensions>
          <ns3:TrackPointExtension>
            <ns3:hr>137</ns3:hr>
            <ns3:cad>81</ns3:cad>
          </ns3:TrackPointExtension>
        </extensions>
      </trkpt>
      <trkpt lat="30.6771036051213741302490234375" lon="103.90116906724870204925537109375">
        <ele>517.20001220703125</ele>
        <time>2026-09-11T23:29:36.000Z</time>
        <extensions>
          <ns3:TrackPointExtension>
            <ns3:hr>137</ns3:hr>
            <ns3:cad>81</ns3:cad>
          </ns3:TrackPointExtension>
        </extensions>
      </trkpt>
      <trkpt lat="30.6771150045096874237060546875" lon="103.9011793769896030426025390625">
        <ele>517.20001220703125</ele>
        <time>2026-09-11T23:29:37.000Z</time>
        <extensions>
          <ns3:TrackPointExtension>
            <ns3:hr>137</ns3:hr>
            <ns3:cad>81</ns3:cad>
          </ns3:TrackPointExtension>
        </extensions>
      </trkpt>
      <trkpt lat="30.67712447606027126312255859375" lon="103.90118817798793315887451171875">
        <ele>517.20001220703125</ele>
        <time>2026-09-11T23:29:38.000Z</time>
        <extensions>
          <ns3:TrackPointExtension>
            <ns3:hr>137</ns3:hr>
            <ns3:cad>81</ns3:cad>
          </ns3:TrackPointExtension>
        </extensions>
      </trkpt>
      <trkpt lat="30.6771384738385677337646484375" lon="103.901197649538516998291015625">
        <ele>517.20001220703125</ele>
        <time>2026-09-11T23:29:39.000Z</time>
        <extensions>
          <ns3:TrackPointExtension>
            <ns3:hr>138</ns3:hr>
            <ns3:cad>82</ns3:cad>
          </ns3:TrackPointExtension>
        </extensions>
      </trkpt>
      <trkpt lat="30.67714761011302471160888671875" lon="103.9012055285274982452392578125">
        <ele>517.20001220703125</ele>
        <time>2026-09-11T23:29:40.000Z</time>
        <extensions>
          <ns3:TrackPointExtension>
            <ns3:hr>138</ns3:hr>
            <ns3:cad>82</ns3:cad>
          </ns3:TrackPointExtension>
        </extensions>
      </trkpt>
      <trkpt lat="30.67716286517679691314697265625" lon="103.90121567063033580780029296875">
        <ele>517.20001220703125</ele>
        <time>2026-09-11T23:29:41.000Z</time>
        <extensions>
          <ns3:TrackPointExtension>
            <ns3:hr>138</ns3:hr>
            <ns3:cad>83</ns3:cad>
          </ns3:TrackPointExtension>
        </extensions>
      </trkpt>
      <trkpt lat="30.6771777011454105377197265625" lon="103.9012259803712368011474609375">
        <ele>517.4000244140625</ele>
        <time>2026-09-11T23:29:42.000Z</time>
        <extensions>
          <ns3:TrackPointExtension>
            <ns3:hr>137</ns3:hr>
            <ns3:cad>83</ns3:cad>
          </ns3:TrackPointExtension>
        </extensions>
      </trkpt>
      <trkpt lat="30.6771914474666118621826171875" lon="103.90124249272048473358154296875">
        <ele>517.4000244140625</ele>
        <time>2026-09-11T23:29:43.000Z</time>
        <extensions>
          <ns3:TrackPointExtension>
            <ns3:hr>137</ns3:hr>
            <ns3:cad>83</ns3:cad>
          </ns3:TrackPointExtension>
        </extensions>
      </trkpt>
      <trkpt lat="30.67720569670200347900390625" lon="103.9012568257749080657958984375">
        <ele>517.5999755859375</ele>
        <time>2026-09-11T23:29:44.000Z</time>
        <extensions>
          <ns3:TrackPointExtension>
            <ns3:hr>137</ns3:hr>
            <ns3:cad>82</ns3:cad>
          </ns3:TrackPointExtension>
        </extensions>
      </trkpt>
      <trkpt lat="30.677222795784473419189453125" lon="103.90127115882933139801025390625">
        <ele>517.5999755859375</ele>
        <time>2026-09-11T23:29:45.000Z</time>
        <extensions>
          <ns3:TrackPointExtension>
            <ns3:hr>137</ns3:hr>
            <ns3:cad>82</ns3:cad>
          </ns3:TrackPointExtension>
        </extensions>
      </trkpt>
      <trkpt lat="30.6772407330572605133056640625" lon="103.9012813009321689605712890625">
        <ele>517.5999755859375</ele>
        <time>2026-09-11T23:29:46.000Z</time>
        <extensions>
          <ns3:TrackPointExtension>
            <ns3:hr>136</ns3:hr>
            <ns3:cad>82</ns3:cad>
          </ns3:TrackPointExtension>
        </extensions>
      </trkpt>
      <trkpt lat="30.6772613525390625" lon="103.90129563398659229278564453125">
        <ele>517.5999755859375</ele>
        <time>2026-09-11T23:29:47.000Z</time>
        <extensions>
          <ns3:TrackPointExtension>
            <ns3:hr>137</ns3:hr>
            <ns3:cad>82</ns3:cad>
          </ns3:TrackPointExtension>
        </extensions>
      </trkpt>
      <trkpt lat="30.6772772781550884246826171875" lon="103.90130669809877872467041015625">
        <ele>517.5999755859375</ele>
        <time>2026-09-11T23:29:48.000Z</time>
        <extensions>
          <ns3:TrackPointExtension>
            <ns3:hr>137</ns3:hr>
            <ns3:cad>82</ns3:cad>
          </ns3:TrackPointExtension>
        </extensions>
      </trkpt>
      <trkpt lat="30.67729529924690723419189453125" lon="103.9013161696493625640869140625">
        <ele>517.5999755859375</ele>
        <time>2026-09-11T23:29:49.000Z</time>
        <extensions>
          <ns3:TrackPointExtension>
            <ns3:hr>137</ns3:hr>
            <ns3:cad>83</ns3:cad>
          </ns3:TrackPointExtension>
        </extensions>
      </trkpt>
      <trkpt lat="30.6773111410439014434814453125" lon="103.90132212080061435699462890625">
        <ele>517.5999755859375</ele>
        <time>2026-09-11T23:29:50.000Z</time>
        <extensions>
          <ns3:TrackPointExtension>
            <ns3:hr>137</ns3:hr>
            <ns3:cad>83</ns3:cad>
          </ns3:TrackPointExtension>
        </extensions>
      </trkpt>
      <trkpt lat="30.6773248873651027679443359375" lon="103.90133268199861049652099609375">
        <ele>517.5999755859375</ele>
        <time>2026-09-11T23:29:51.000Z</time>
        <extensions>
          <ns3:TrackPointExtension>
            <ns3:hr>138</ns3:hr>
            <ns3:cad>83</ns3:cad>
          </ns3:TrackPointExtension>
        </extensions>
      </trkpt>
      <trkpt lat="30.6773396395146846771240234375" lon="103.9013453386723995208740234375">
        <ele>517.5999755859375</ele>
        <time>2026-09-11T23:29:52.000Z</time>
        <extensions>
          <ns3:TrackPointExtension>
            <ns3:hr>138</ns3:hr>
            <ns3:cad>83</ns3:cad>
          </ns3:TrackPointExtension>
        </extensions>
      </trkpt>
      <trkpt lat="30.6773564033210277557373046875" lon="103.90135531313717365264892578125">
        <ele>517.5999755859375</ele>
        <time>2026-09-11T23:29:53.000Z</time>
        <extensions>
          <ns3:TrackPointExtension>
            <ns3:hr>138</ns3:hr>
            <ns3:cad>82</ns3:cad>
          </ns3:TrackPointExtension>
        </extensions>
      </trkpt>
      <trkpt lat="30.67737023346126079559326171875" lon="103.90136235393583774566650390625">
        <ele>517.5999755859375</ele>
        <time>2026-09-11T23:29:54.000Z</time>
        <extensions>
          <ns3:TrackPointExtension>
            <ns3:hr>138</ns3:hr>
            <ns3:cad>82</ns3:cad>
          </ns3:TrackPointExtension>
        </extensions>
      </trkpt>
      <trkpt lat="30.67739102058112621307373046875" lon="103.9013701491057872772216796875">
        <ele>517.5999755859375</ele>
        <time>2026-09-11T23:29:55.000Z</time>
        <extensions>
          <ns3:TrackPointExtension>
            <ns3:hr>138</ns3:hr>
            <ns3:cad>82</ns3:cad>
          </ns3:TrackPointExtension>
        </extensions>
      </trkpt>
      <trkpt lat="30.67740510217845439910888671875" lon="103.901382386684417724609375">
        <ele>517.5999755859375</ele>
        <time>2026-09-11T23:29:56.000Z</time>
        <extensions>
          <ns3:TrackPointExtension>
            <ns3:hr>138</ns3:hr>
            <ns3:cad>82</ns3:cad>
          </ns3:TrackPointExtension>
        </extensions>
      </trkpt>
      <trkpt lat="30.67742287181317806243896484375" lon="103.901388756930828094482421875">
        <ele>517.79998779296875</ele>
        <time>2026-09-11T23:29:57.000Z</time>
        <extensions>
          <ns3:TrackPointExtension>
            <ns3:hr>138</ns3:hr>
            <ns3:cad>82</ns3:cad>
          </ns3:TrackPointExtension>
        </extensions>
      </trkpt>
      <trkpt lat="30.6774422340095043182373046875" lon="103.90139202587306499481201171875">
        <ele>517.79998779296875</ele>
        <time>2026-09-11T23:29:58.000Z</time>
        <extensions>
          <ns3:TrackPointExtension>
            <ns3:hr>138</ns3:hr>
            <ns3:cad>82</ns3:cad>
          </ns3:TrackPointExtension>
        </extensions>
      </trkpt>
      <trkpt lat="30.67745321430265903472900390625" lon="103.901396133005619049072265625">
        <ele>517.79998779296875</ele>
        <time>2026-09-11T23:29:59.000Z</time>
        <extensions>
          <ns3:TrackPointExtension>
            <ns3:hr>139</ns3:hr>
            <ns3:cad>82</ns3:cad>
          </ns3:TrackPointExtension>
        </extensions>
      </trkpt>
      <trkpt lat="30.67747123539447784423828125" lon="103.901400826871395111083984375">
        <ele>517.79998779296875</ele>
        <time>2026-09-11T23:30:00.000Z</time>
        <extensions>
          <ns3:TrackPointExtension>
            <ns3:hr>140</ns3:hr>
            <ns3:cad>82</ns3:cad>
          </ns3:TrackPointExtension>
        </extensions>
      </trkpt>
      <trkpt lat="30.677486993372440338134765625" lon="103.90140317380428314208984375">
        <ele>517.79998779296875</ele>
        <time>2026-09-11T23:30:01.000Z</time>
        <extensions>
          <ns3:TrackPointExtension>
            <ns3:hr>140</ns3:hr>
            <ns3:cad>82</ns3:cad>
          </ns3:TrackPointExtension>
        </extensions>
      </trkpt>
      <trkpt lat="30.67749814130365848541259765625" lon="103.90140426345169544219970703125">
        <ele>517.79998779296875</ele>
        <time>2026-09-11T23:30:02.000Z</time>
        <extensions>
          <ns3:TrackPointExtension>
            <ns3:hr>141</ns3:hr>
            <ns3:cad>81</ns3:cad>
          </ns3:TrackPointExtension>
        </extensions>
      </trkpt>
      <trkpt lat="30.6775126419961452484130859375" lon="103.90140744857490062713623046875">
        <ele>517.79998779296875</ele>
        <time>2026-09-11T23:30:03.000Z</time>
        <extensions>
          <ns3:TrackPointExtension>
            <ns3:hr>141</ns3:hr>
            <ns3:cad>81</ns3:cad>
          </ns3:TrackPointExtension>
        </extensions>
      </trkpt>
      <trkpt lat="30.67751691676676273345947265625" lon="103.9014003239572048187255859375">
        <ele>517.79998779296875</ele>
        <time>2026-09-11T23:30:04.000Z</time>
        <extensions>
          <ns3:TrackPointExtension>
            <ns3:hr>141</ns3:hr>
            <ns3:cad>81</ns3:cad>
          </ns3:TrackPointExtension>
        </extensions>
      </trkpt>
      <trkpt lat="30.677528567612171173095703125" lon="103.90139378607273101806640625">
        <ele>517.79998779296875</ele>
        <time>2026-09-11T23:30:05.000Z</time>
        <extensions>
          <ns3:TrackPointExtension>
            <ns3:hr>141</ns3:hr>
            <ns3:cad>81</ns3:cad>
          </ns3:TrackPointExtension>
        </extensions>
      </trkpt>
      <trkpt lat="30.67754323594272136688232421875" lon="103.9013849012553691864013671875">
        <ele>517.79998779296875</ele>
        <time>2026-09-11T23:30:06.000Z</time>
        <extensions>
          <ns3:TrackPointExtension>
            <ns3:hr>141</ns3:hr>
            <ns3:cad>81</ns3:cad>
          </ns3:TrackPointExtension>
        </extensions>
      </trkpt>
      <trkpt lat="30.67754675634205341339111328125" lon="103.90137660317122936248779296875">
        <ele>517.79998779296875</ele>
        <time>2026-09-11T23:30:07.000Z</time>
        <extensions>
          <ns3:TrackPointExtension>
            <ns3:hr>141</ns3:hr>
            <ns3:cad>81</ns3:cad>
          </ns3:TrackPointExtension>
        </extensions>
      </trkpt>
      <trkpt lat="30.67755698226392269134521484375" lon="103.9013617672026157379150390625">
        <ele>517.79998779296875</ele>
        <time>2026-09-11T23:30:08.000Z</time>
        <extensions>
          <ns3:TrackPointExtension>
            <ns3:hr>141</ns3:hr>
            <ns3:cad>81</ns3:cad>
          </ns3:TrackPointExtension>
        </extensions>
      </trkpt>
      <trkpt lat="30.6775684654712677001953125" lon="103.9013460092246532440185546875">
        <ele>517.79998779296875</ele>
        <time>2026-09-11T23:30:09.000Z</time>
        <extensions>
          <ns3:TrackPointExtension>
            <ns3:hr>141</ns3:hr>
            <ns3:cad>81</ns3:cad>
          </ns3:TrackPointExtension>
        </extensions>
      </trkpt>
      <trkpt lat="30.6775631010532379150390625" lon="103.90133167617022991180419921875">
        <ele>517.79998779296875</ele>
        <time>2026-09-11T23:30:10.000Z</time>
        <extensions>
          <ns3:TrackPointExtension>
            <ns3:hr>142</ns3:hr>
            <ns3:cad>81</ns3:cad>
          </ns3:TrackPointExtension>
        </extensions>
      </trkpt>
      <trkpt lat="30.67757307551801204681396484375" lon="103.90132136642932891845703125">
        <ele>517.79998779296875</ele>
        <time>2026-09-11T23:30:11.000Z</time>
        <extensions>
          <ns3:TrackPointExtension>
            <ns3:hr>142</ns3:hr>
            <ns3:cad>81</ns3:cad>
          </ns3:TrackPointExtension>
        </extensions>
      </trkpt>
      <trkpt lat="30.67757223732769489288330078125" lon="103.90130032785236835479736328125">
        <ele>517.79998779296875</ele>
        <time>2026-09-11T23:30:12.000Z</time>
        <extensions>
          <ns3:TrackPointExtension>
            <ns3:hr>143</ns3:hr>
            <ns3:cad>81</ns3:cad>
          </ns3:TrackPointExtension>
        </extensions>
      </trkpt>
      <trkpt lat="30.6775652803480625152587890625" lon="103.90128138475120067596435546875">
        <ele>517.79998779296875</ele>
        <time>2026-09-11T23:30:13.000Z</time>
        <extensions>
          <ns3:TrackPointExtension>
            <ns3:hr>143</ns3:hr>
            <ns3:cad>81</ns3:cad>
          </ns3:TrackPointExtension>
        </extensions>
      </trkpt>
      <trkpt lat="30.67756787873804569244384765625" lon="103.90126814134418964385986328125">
        <ele>517.79998779296875</ele>
        <time>2026-09-11T23:30:14.000Z</time>
        <extensions>
          <ns3:TrackPointExtension>
            <ns3:hr>143</ns3:hr>
            <ns3:cad>81</ns3:cad>
          </ns3:TrackPointExtension>
        </extensions>
      </trkpt>
      <trkpt lat="30.67757257260382175445556640625" lon="103.901250623166561126708984375">
        <ele>517.79998779296875</ele>
        <time>2026-09-11T23:30:15.000Z</time>
        <extensions>
          <ns3:TrackPointExtension>
            <ns3:hr>143</ns3:hr>
            <ns3:cad>81</ns3:cad>
          </ns3:TrackPointExtension>
        </extensions>
      </trkpt>
      <trkpt lat="30.6775763444602489471435546875" lon="103.901235200464725494384765625">
        <ele>517.79998779296875</ele>
        <time>2026-09-11T23:30:16.000Z</time>
        <extensions>
          <ns3:TrackPointExtension>
            <ns3:hr>143</ns3:hr>
            <ns3:cad>81</ns3:cad>
          </ns3:TrackPointExtension>
        </extensions>
      </trkpt>
      <trkpt lat="30.6775877438485622406005859375" lon="103.90122053213417530059814453125">
        <ele>517.79998779296875</ele>
        <time>2026-09-11T23:30:17.000Z</time>
        <extensions>
          <ns3:TrackPointExtension>
            <ns3:hr>142</ns3:hr>
            <ns3:cad>81</ns3:cad>
          </ns3:TrackPointExtension>
        </extensions>
      </trkpt>
      <trkpt lat="30.67759000696241855621337890625" lon="103.90121064148843288421630859375">
        <ele>517.79998779296875</ele>
        <time>2026-09-11T23:30:18.000Z</time>
        <extensions>
          <ns3:TrackPointExtension>
            <ns3:hr>143</ns3:hr>
            <ns3:cad>81</ns3:cad>
          </ns3:TrackPointExtension>
        </extensions>
      </trkpt>
      <trkpt lat="30.67760073579847812652587890625" lon="103.9011934585869312286376953125">
        <ele>517.79998779296875</ele>
        <time>2026-09-11T23:30:19.000Z</time>
        <extensions>
          <ns3:TrackPointExtension>
            <ns3:hr>143</ns3:hr>
            <ns3:cad>81</ns3:cad>
          </ns3:TrackPointExtension>
        </extensions>
      </trkpt>
      <trkpt lat="30.67760559730231761932373046875" lon="103.90116889961063861846923828125">
        <ele>517.79998779296875</ele>
        <time>2026-09-11T23:30:20.000Z</time>
        <extensions>
          <ns3:TrackPointExtension>
            <ns3:hr>143</ns3:hr>
            <ns3:cad>81</ns3:cad>
          </ns3:TrackPointExtension>
        </extensions>
      </trkpt>
      <trkpt lat="30.67761339247226715087890625" lon="103.90115397982299327850341796875">
        <ele>517.79998779296875</ele>
        <time>2026-09-11T23:30:21.000Z</time>
        <extensions>
          <ns3:TrackPointExtension>
            <ns3:hr>142</ns3:hr>
            <ns3:cad>81</ns3:cad>
          </ns3:TrackPointExtension>
        </extensions>
      </trkpt>
      <trkpt lat="30.67762621678411960601806640625" lon="103.90114241279661655426025390625">
        <ele>517.79998779296875</ele>
        <time>2026-09-11T23:30:22.000Z</time>
        <extensions>
          <ns3:TrackPointExtension>
            <ns3:hr>143</ns3:hr>
            <ns3:cad>81</ns3:cad>
          </ns3:TrackPointExtension>
        </extensions>
      </trkpt>
      <trkpt lat="30.67763007245957851409912109375" lon="103.90112263150513172149658203125">
        <ele>517.79998779296875</ele>
        <time>2026-09-11T23:30:23.000Z</time>
        <extensions>
          <ns3:TrackPointExtension>
            <ns3:hr>143</ns3:hr>
            <ns3:cad>81</ns3:cad>
          </ns3:TrackPointExtension>
        </extensions>
      </trkpt>
      <trkpt lat="30.67762504331767559051513671875" lon="103.9011072926223278045654296875">
        <ele>517.79998779296875</ele>
        <time>2026-09-11T23:30:24.000Z</time>
        <extensions>
          <ns3:TrackPointExtension>
            <ns3:hr>143</ns3:hr>
            <ns3:cad>81</ns3:cad>
          </ns3:TrackPointExtension>
        </extensions>
      </trkpt>
      <trkpt lat="30.67762236110866069793701171875" lon="103.90108826570212841033935546875">
        <ele>517.79998779296875</ele>
        <time>2026-09-11T23:30:25.000Z</time>
        <extensions>
          <ns3:TrackPointExtension>
            <ns3:hr>143</ns3:hr>
            <ns3:cad>81</ns3:cad>
          </ns3:TrackPointExtension>
        </extensions>
      </trkpt>
      <trkpt lat="30.6776259653270244598388671875" lon="103.90106999315321445465087890625">
        <ele>517.79998779296875</ele>
        <time>2026-09-11T23:30:26.000Z</time>
        <extensions>
          <ns3:TrackPointExtension>
            <ns3:hr>143</ns3:hr>
            <ns3:cad>81</ns3:cad>
          </ns3:TrackPointExtension>
        </extensions>
      </trkpt>
      <trkpt lat="30.67763158120214939117431640625" lon="103.90106110833585262298583984375">
        <ele>517.79998779296875</ele>
        <time>2026-09-11T23:30:27.000Z</time>
        <extensions>
          <ns3:TrackPointExtension>
            <ns3:hr>144</ns3:hr>
            <ns3:cad>81</ns3:cad>
          </ns3:TrackPointExtension>
        </extensions>
      </trkpt>
      <trkpt lat="30.6776333414018154144287109375" lon="103.90103646554052829742431640625">
        <ele>517.79998779296875</ele>
        <time>2026-09-11T23:30:28.000Z</time>
        <extensions>
          <ns3:TrackPointExtension>
            <ns3:hr>144</ns3:hr>
            <ns3:cad>81</ns3:cad>
          </ns3:TrackPointExtension>
        </extensions>
      </trkpt>
      <trkpt lat="30.677633173763751983642578125" lon="103.901021964848041534423828125">
        <ele>517.79998779296875</ele>
        <time>2026-09-11T23:30:29.000Z</time>
        <extensions>
          <ns3:TrackPointExtension>
            <ns3:hr>144</ns3:hr>
            <ns3:cad>81</ns3:cad>
          </ns3:TrackPointExtension>
        </extensions>
      </trkpt>
      <trkpt lat="30.67763216793537139892578125" lon="103.90100997872650623321533203125">
        <ele>517.79998779296875</ele>
        <time>2026-09-11T23:30:30.000Z</time>
        <extensions>
          <ns3:TrackPointExtension>
            <ns3:hr>144</ns3:hr>
            <ns3:cad>81</ns3:cad>
          </ns3:TrackPointExtension>
        </extensions>
      </trkpt>
      <trkpt lat="30.67762336693704128265380859375" lon="103.90098818577826023101806640625">
        <ele>517.79998779296875</ele>
        <time>2026-09-11T23:30:31.000Z</time>
        <extensions>
          <ns3:TrackPointExtension>
            <ns3:hr>144</ns3:hr>
            <ns3:cad>81</ns3:cad>
          </ns3:TrackPointExtension>
        </extensions>
      </trkpt>
      <trkpt lat="30.677626468241214752197265625" lon="103.9009731821715831756591796875">
        <ele>517.79998779296875</ele>
        <time>2026-09-11T23:30:32.000Z</time>
        <extensions>
          <ns3:TrackPointExtension>
            <ns3:hr>143</ns3:hr>
            <ns3:cad>82</ns3:cad>
          </ns3:TrackPointExtension>
        </extensions>
      </trkpt>
      <trkpt lat="30.6776303239166736602783203125" lon="103.900951556861400604248046875">
        <ele>517.79998779296875</ele>
        <time>2026-09-11T23:30:33.000Z</time>
        <extensions>
          <ns3:TrackPointExtension>
            <ns3:hr>144</ns3:hr>
            <ns3:cad>82</ns3:cad>
          </ns3:TrackPointExtension>
        </extensions>
      </trkpt>
      <trkpt lat="30.6776301562786102294921875" lon="103.90093110501766204833984375">
        <ele>517.79998779296875</ele>
        <time>2026-09-11T23:30:34.000Z</time>
        <extensions>
          <ns3:TrackPointExtension>
            <ns3:hr>144</ns3:hr>
            <ns3:cad>82</ns3:cad>
          </ns3:TrackPointExtension>
        </extensions>
      </trkpt>
      <trkpt lat="30.67762638442218303680419921875" lon="103.9009143412113189697265625">
        <ele>517.79998779296875</ele>
        <time>2026-09-11T23:30:35.000Z</time>
        <extensions>
          <ns3:TrackPointExtension>
            <ns3:hr>144</ns3:hr>
            <ns3:cad>82</ns3:cad>
          </ns3:TrackPointExtension>
        </extensions>
      </trkpt>
      <trkpt lat="30.67763007245957851409912109375" lon="103.90089347027242183685302734375">
        <ele>517.79998779296875</ele>
        <time>2026-09-11T23:30:36.000Z</time>
        <extensions>
          <ns3:TrackPointExtension>
            <ns3:hr>144</ns3:hr>
            <ns3:cad>82</ns3:cad>
          </ns3:TrackPointExtension>
        </extensions>
      </trkpt>
      <trkpt lat="30.67763308994472026824951171875" lon="103.90087536536157131195068359375">
        <ele>517.79998779296875</ele>
        <time>2026-09-11T23:30:37.000Z</time>
        <extensions>
          <ns3:TrackPointExtension>
            <ns3:hr>144</ns3:hr>
            <ns3:cad>83</ns3:cad>
          </ns3:TrackPointExtension>
        </extensions>
      </trkpt>
      <trkpt lat="30.677633173763751983642578125" lon="103.9008524827659130096435546875">
        <ele>517.79998779296875</ele>
        <time>2026-09-11T23:30:38.000Z</time>
        <extensions>
          <ns3:TrackPointExtension>
            <ns3:hr>144</ns3:hr>
            <ns3:cad>83</ns3:cad>
          </ns3:TrackPointExtension>
        </extensions>
      </trkpt>
      <trkpt lat="30.67763593979179859161376953125" lon="103.90083328820765018463134765625">
        <ele>517.79998779296875</ele>
        <time>2026-09-11T23:30:39.000Z</time>
        <extensions>
          <ns3:TrackPointExtension>
            <ns3:hr>144</ns3:hr>
            <ns3:cad>83</ns3:cad>
          </ns3:TrackPointExtension>
        </extensions>
      </trkpt>
      <trkpt lat="30.67764231003820896148681640625" lon="103.9008186198770999908447265625">
        <ele>517.79998779296875</ele>
        <time>2026-09-11T23:30:40.000Z</time>
        <extensions>
          <ns3:TrackPointExtension>
            <ns3:hr>143</ns3:hr>
            <ns3:cad>82</ns3:cad>
          </ns3:TrackPointExtension>
        </extensions>
      </trkpt>
      <trkpt lat="30.6776511110365390777587890625" lon="103.90079808421432971954345703125">
        <ele>517.79998779296875</ele>
        <time>2026-09-11T23:30:41.000Z</time>
        <extensions>
          <ns3:TrackPointExtension>
            <ns3:hr>144</ns3:hr>
            <ns3:cad>82</ns3:cad>
          </ns3:TrackPointExtension>
        </extensions>
      </trkpt>
      <trkpt lat="30.67766075022518634796142578125" lon="103.90078433789312839508056640625">
        <ele>517.79998779296875</ele>
        <time>2026-09-11T23:30:42.000Z</time>
        <extensions>
          <ns3:TrackPointExtension>
            <ns3:hr>144</ns3:hr>
            <ns3:cad>82</ns3:cad>
          </ns3:TrackPointExtension>
        </extensions>
      </trkpt>
      <trkpt lat="30.67766829393804073333740234375" lon="103.9007689990103244781494140625">
        <ele>517.79998779296875</ele>
        <time>2026-09-11T23:30:43.000Z</time>
        <extensions>
          <ns3:TrackPointExtension>
            <ns3:hr>144</ns3:hr>
            <ns3:cad>82</ns3:cad>
          </ns3:TrackPointExtension>
        </extensions>
      </trkpt>
      <trkpt lat="30.67767240107059478759765625" lon="103.900752402842044830322265625">
        <ele>517.79998779296875</ele>
        <time>2026-09-11T23:30:44.000Z</time>
        <extensions>
          <ns3:TrackPointExtension>
            <ns3:hr>144</ns3:hr>
            <ns3:cad>82</ns3:cad>
          </ns3:TrackPointExtension>
        </extensions>
      </trkpt>
      <trkpt lat="30.67767868749797344207763671875" lon="103.90073605813086032867431640625">
        <ele>517.79998779296875</ele>
        <time>2026-09-11T23:30:45.000Z</time>
        <extensions>
          <ns3:TrackPointExtension>
            <ns3:hr>144</ns3:hr>
            <ns3:cad>82</ns3:cad>
          </ns3:TrackPointExtension>
        </extensions>
      </trkpt>
      <trkpt lat="30.67768019624054431915283203125" lon="103.9007160253822803497314453125">
        <ele>517.79998779296875</ele>
        <time>2026-09-11T23:30:46.000Z</time>
        <extensions>
          <ns3:TrackPointExtension>
            <ns3:hr>144</ns3:hr>
            <ns3:cad>82</ns3:cad>
          </ns3:TrackPointExtension>
        </extensions>
      </trkpt>
      <trkpt lat="30.67768086679279804229736328125" lon="103.9006975851953029632568359375">
        <ele>517.79998779296875</ele>
        <time>2026-09-11T23:30:47.000Z</time>
        <extensions>
          <ns3:TrackPointExtension>
            <ns3:hr>143</ns3:hr>
            <ns3:cad>83</ns3:cad>
          </ns3:TrackPointExtension>
        </extensions>
      </trkpt>
      <trkpt lat="30.6776826269924640655517578125" lon="103.900686018168926239013671875">
        <ele>517.79998779296875</ele>
        <time>2026-09-11T23:30:48.000Z</time>
        <extensions>
          <ns3:TrackPointExtension>
            <ns3:hr>144</ns3:hr>
            <ns3:cad>83</ns3:cad>
          </ns3:TrackPointExtension>
        </extensions>
      </trkpt>
      <trkpt lat="30.6776893325150012969970703125" lon="103.900664560496807098388671875">
        <ele>517.79998779296875</ele>
        <time>2026-09-11T23:30:49.000Z</time>
        <extensions>
          <ns3:TrackPointExtension>
            <ns3:hr>143</ns3:hr>
            <ns3:cad>83</ns3:cad>
          </ns3:TrackPointExtension>
        </extensions>
      </trkpt>
      <trkpt lat="30.677688159048557281494140625" lon="103.90064436011016368865966796875">
        <ele>517.79998779296875</ele>
        <time>2026-09-11T23:30:50.000Z</time>
        <extensions>
          <ns3:TrackPointExtension>
            <ns3:hr>143</ns3:hr>
            <ns3:cad>83</ns3:cad>
          </ns3:TrackPointExtension>
        </extensions>
      </trkpt>
      <trkpt lat="30.6776900030672550201416015625" lon="103.90062709338963031768798828125">
        <ele>517.79998779296875</ele>
        <time>2026-09-11T23:30:51.000Z</time>
        <extensions>
          <ns3:TrackPointExtension>
            <ns3:hr>143</ns3:hr>
            <ns3:cad>83</ns3:cad>
          </ns3:TrackPointExtension>
        </extensions>
      </trkpt>
      <trkpt lat="30.67769947461783885955810546875" lon="103.90061284415423870086669921875">
        <ele>517.79998779296875</ele>
        <time>2026-09-11T23:30:52.000Z</time>
        <extensions>
          <ns3:TrackPointExtension>
            <ns3:hr>142</ns3:hr>
            <ns3:cad>83</ns3:cad>
          </ns3:TrackPointExtension>
        </extensions>
      </trkpt>
      <trkpt lat="30.67770861089229583740234375" lon="103.90059423632919788360595703125">
        <ele>517.79998779296875</ele>
        <time>2026-09-11T23:30:53.000Z</time>
        <extensions>
          <ns3:TrackPointExtension>
            <ns3:hr>142</ns3:hr>
            <ns3:cad>83</ns3:cad>
          </ns3:TrackPointExtension>
        </extensions>
      </trkpt>
      <trkpt lat="30.67771724425256252288818359375" lon="103.9005778916180133819580078125">
        <ele>517.79998779296875</ele>
        <time>2026-09-11T23:30:54.000Z</time>
        <extensions>
          <ns3:TrackPointExtension>
            <ns3:hr>142</ns3:hr>
            <ns3:cad>83</ns3:cad>
          </ns3:TrackPointExtension>
        </extensions>
      </trkpt>
      <trkpt lat="30.677728392183780670166015625" lon="103.90056355856359004974365234375">
        <ele>517.79998779296875</ele>
        <time>2026-09-11T23:30:55.000Z</time>
        <extensions>
          <ns3:TrackPointExtension>
            <ns3:hr>142</ns3:hr>
            <ns3:cad>82</ns3:cad>
          </ns3:TrackPointExtension>
        </extensions>
      </trkpt>
      <trkpt lat="30.6777335889637470245361328125" lon="103.90054713003337383270263671875">
        <ele>517.79998779296875</ele>
        <time>2026-09-11T23:30:56.000Z</time>
        <extensions>
          <ns3:TrackPointExtension>
            <ns3:hr>141</ns3:hr>
            <ns3:cad>82</ns3:cad>
          </ns3:TrackPointExtension>
        </extensions>
      </trkpt>
      <trkpt lat="30.677742473781108856201171875" lon="103.90052835457026958465576171875">
        <ele>517.79998779296875</ele>
        <time>2026-09-11T23:30:57.000Z</time>
        <extensions>
          <ns3:TrackPointExtension>
            <ns3:hr>141</ns3:hr>
            <ns3:cad>82</ns3:cad>
          </ns3:TrackPointExtension>
        </extensions>
      </trkpt>
      <trkpt lat="30.677752532064914703369140625" lon="103.90051360242068767547607421875">
        <ele>518</ele>
        <time>2026-09-11T23:30:58.000Z</time>
        <extensions>
          <ns3:TrackPointExtension>
            <ns3:hr>140</ns3:hr>
            <ns3:cad>82</ns3:cad>
          </ns3:TrackPointExtension>
        </extensions>
      </trkpt>
      <trkpt lat="30.67775697447359561920166015625" lon="103.900499604642391204833984375">
        <ele>518</ele>
        <time>2026-09-11T23:30:59.000Z</time>
        <extensions>
          <ns3:TrackPointExtension>
            <ns3:hr>140</ns3:hr>
            <ns3:cad>81</ns3:cad>
          </ns3:TrackPointExtension>
        </extensions>
      </trkpt>
      <trkpt lat="30.67776468582451343536376953125" lon="103.90048393048346042633056640625">
        <ele>518</ele>
        <time>2026-09-11T23:31:00.000Z</time>
        <extensions>
          <ns3:TrackPointExtension>
            <ns3:hr>140</ns3:hr>
            <ns3:cad>81</ns3:cad>
          </ns3:TrackPointExtension>
        </extensions>
      </trkpt>
      <trkpt lat="30.6777776777744293212890625" lon="103.9004672504961490631103515625">
        <ele>518</ele>
        <time>2026-09-11T23:31:01.000Z</time>
        <extensions>
          <ns3:TrackPointExtension>
            <ns3:hr>139</ns3:hr>
            <ns3:cad>81</ns3:cad>
          </ns3:TrackPointExtension>
        </extensions>
      </trkpt>
      <trkpt lat="30.67778362892568111419677734375" lon="103.90045367181301116943359375">
        <ele>518</ele>
        <time>2026-09-11T23:31:02.000Z</time>
        <extensions>
          <ns3:TrackPointExtension>
            <ns3:hr>139</ns3:hr>
            <ns3:cad>81</ns3:cad>
          </ns3:TrackPointExtension>
        </extensions>
      </trkpt>
      <trkpt lat="30.6777852214872837066650390625" lon="103.90043715946376323699951171875">
        <ele>517.79998779296875</ele>
        <time>2026-09-11T23:31:03.000Z</time>
        <extensions>
          <ns3:TrackPointExtension>
            <ns3:hr>140</ns3:hr>
            <ns3:cad>81</ns3:cad>
          </ns3:TrackPointExtension>
        </extensions>
      </trkpt>
      <trkpt lat="30.67779268138110637664794921875" lon="103.900421150028705596923828125">
        <ele>517.79998779296875</ele>
        <time>2026-09-11T23:31:04.000Z</time>
        <extensions>
          <ns3:TrackPointExtension>
            <ns3:hr>140</ns3:hr>
            <ns3:cad>81</ns3:cad>
          </ns3:TrackPointExtension>
        </extensions>
      </trkpt>
      <trkpt lat="30.6778046675026416778564453125" lon="103.900403715670108795166015625">
        <ele>517.79998779296875</ele>
        <time>2026-09-11T23:31:05.000Z</time>
        <extensions>
          <ns3:TrackPointExtension>
            <ns3:hr>139</ns3:hr>
            <ns3:cad>81</ns3:cad>
          </ns3:TrackPointExtension>
        </extensions>
      </trkpt>
      <trkpt lat="30.6778083555400371551513671875" lon="103.90037094242870807647705078125">
        <ele>518</ele>
        <time>2026-09-11T23:31:06.000Z</time>
        <extensions>
          <ns3:TrackPointExtension>
            <ns3:hr>139</ns3:hr>
            <ns3:cad>81</ns3:cad>
          </ns3:TrackPointExtension>
        </extensions>
      </trkpt>
      <trkpt lat="30.67781061865389347076416015625" lon="103.9003532566130161285400390625">
        <ele>518</ele>
        <time>2026-09-11T23:31:07.000Z</time>
        <extensions>
          <ns3:TrackPointExtension>
            <ns3:hr>139</ns3:hr>
            <ns3:cad>81</ns3:cad>
          </ns3:TrackPointExtension>
        </extensions>
      </trkpt>
      <trkpt lat="30.67781128920614719390869140625" lon="103.90033624134957790374755859375">
        <ele>518</ele>
        <time>2026-09-11T23:31:08.000Z</time>
        <extensions>
          <ns3:TrackPointExtension>
            <ns3:hr>140</ns3:hr>
            <ns3:cad>81</ns3:cad>
          </ns3:TrackPointExtension>
        </extensions>
      </trkpt>
      <trkpt lat="30.67781749181449413299560546875" lon="103.90032635070383548736572265625">
        <ele>518</ele>
        <time>2026-09-11T23:31:09.000Z</time>
        <extensions>
          <ns3:TrackPointExtension>
            <ns3:hr>139</ns3:hr>
            <ns3:cad>80</ns3:cad>
          </ns3:TrackPointExtension>
        </extensions>
      </trkpt>
      <trkpt lat="30.6778130494058132171630859375" lon="103.90030992217361927032470703125">
        <ele>518</ele>
        <time>2026-09-11T23:31:10.000Z</time>
        <extensions>
          <ns3:TrackPointExtension>
            <ns3:hr>139</ns3:hr>
            <ns3:cad>80</ns3:cad>
          </ns3:TrackPointExtension>
        </extensions>
      </trkpt>
      <trkpt lat="30.67781900055706501007080078125" lon="103.90029919333755970001220703125">
        <ele>517.79998779296875</ele>
        <time>2026-09-11T23:31:11.000Z</time>
        <extensions>
          <ns3:TrackPointExtension>
            <ns3:hr>139</ns3:hr>
            <ns3:cad>80</ns3:cad>
          </ns3:TrackPointExtension>
        </extensions>
      </trkpt>
      <trkpt lat="30.67782796919345855712890625" lon="103.9002818427979946136474609375">
        <ele>517.79998779296875</ele>
        <time>2026-09-11T23:31:12.000Z</time>
        <extensions>
          <ns3:TrackPointExtension>
            <ns3:hr>139</ns3:hr>
            <ns3:cad>79</ns3:cad>
          </ns3:TrackPointExtension>
        </extensions>
      </trkpt>
      <trkpt lat="30.6778234429657459259033203125" lon="103.90027538873255252838134765625">
        <ele>517.5999755859375</ele>
        <time>2026-09-11T23:31:13.000Z</time>
        <extensions>
          <ns3:TrackPointExtension>
            <ns3:hr>139</ns3:hr>
            <ns3:cad>79</ns3:cad>
          </ns3:TrackPointExtension>
        </extensions>
      </trkpt>
      <trkpt lat="30.67783241160213947296142578125" lon="103.90025828965008258819580078125">
        <ele>517.5999755859375</ele>
        <time>2026-09-11T23:31:14.000Z</time>
        <extensions>
          <ns3:TrackPointExtension>
            <ns3:hr>138</ns3:hr>
            <ns3:cad>79</ns3:cad>
          </ns3:TrackPointExtension>
        </extensions>
      </trkpt>
      <trkpt lat="30.67784531973302364349365234375" lon="103.9002369157969951629638671875">
        <ele>517.5999755859375</ele>
        <time>2026-09-11T23:31:15.000Z</time>
        <extensions>
          <ns3:TrackPointExtension>
            <ns3:hr>138</ns3:hr>
            <ns3:cad>79</ns3:cad>
          </ns3:TrackPointExtension>
        </extensions>
      </trkpt>
      <trkpt lat="30.67784397862851619720458984375" lon="103.9002238400280475616455078125">
        <ele>517.5999755859375</ele>
        <time>2026-09-11T23:31:16.000Z</time>
        <extensions>
          <ns3:TrackPointExtension>
            <ns3:hr>138</ns3:hr>
            <ns3:cad>80</ns3:cad>
          </ns3:TrackPointExtension>
        </extensions>
      </trkpt>
      <trkpt lat="30.67784582264721393585205078125" lon="103.90021151863038539886474609375">
        <ele>517.5999755859375</ele>
        <time>2026-09-11T23:31:17.000Z</time>
        <extensions>
          <ns3:TrackPointExtension>
            <ns3:hr>137</ns3:hr>
            <ns3:cad>80</ns3:cad>
          </ns3:TrackPointExtension>
        </extensions>
      </trkpt>
      <trkpt lat="30.6778479181230068206787109375" lon="103.900199867784976959228515625">
        <ele>517.5999755859375</ele>
        <time>2026-09-11T23:31:18.000Z</time>
        <extensions>
          <ns3:TrackPointExtension>
            <ns3:hr>137</ns3:hr>
            <ns3:cad>80</ns3:cad>
          </ns3:TrackPointExtension>
        </extensions>
      </trkpt>
      <trkpt lat="30.6778542883694171905517578125" lon="103.900187127292156219482421875">
        <ele>517.5999755859375</ele>
        <time>2026-09-11T23:31:19.000Z</time>
        <extensions>
          <ns3:TrackPointExtension>
            <ns3:hr>136</ns3:hr>
            <ns3:cad>80</ns3:cad>
          </ns3:TrackPointExtension>
        </extensions>
      </trkpt>
      <trkpt lat="30.6778609938919544219970703125" lon="103.90017329715192317962646484375">
        <ele>517.5999755859375</ele>
        <time>2026-09-11T23:31:20.000Z</time>
        <extensions>
          <ns3:TrackPointExtension>
            <ns3:hr>135</ns3:hr>
            <ns3:cad>80</ns3:cad>
          </ns3:TrackPointExtension>
        </extensions>
      </trkpt>
      <trkpt lat="30.67786552011966705322265625" lon="103.90015862882137298583984375">
        <ele>517.4000244140625</ele>
        <time>2026-09-11T23:31:21.000Z</time>
        <extensions>
          <ns3:TrackPointExtension>
            <ns3:hr>135</ns3:hr>
            <ns3:cad>81</ns3:cad>
          </ns3:TrackPointExtension>
        </extensions>
      </trkpt>
      <trkpt lat="30.67786141298711299896240234375" lon="103.9001443795859813690185546875">
        <ele>517.4000244140625</ele>
        <time>2026-09-11T23:31:22.000Z</time>
        <extensions>
          <ns3:TrackPointExtension>
            <ns3:hr>135</ns3:hr>
            <ns3:cad>81</ns3:cad>
          </ns3:TrackPointExtension>
        </extensions>
      </trkpt>
      <trkpt lat="30.677859149873256683349609375" lon="103.90012367628514766693115234375">
        <ele>517.4000244140625</ele>
        <time>2026-09-11T23:31:23.000Z</time>
        <extensions>
          <ns3:TrackPointExtension>
            <ns3:hr>134</ns3:hr>
            <ns3:cad>81</ns3:cad>
          </ns3:TrackPointExtension>
        </extensions>
      </trkpt>
      <trkpt lat="30.677861161530017852783203125" lon="103.900112695991992950439453125">
        <ele>517.4000244140625</ele>
        <time>2026-09-11T23:31:24.000Z</time>
        <extensions>
          <ns3:TrackPointExtension>
            <ns3:hr>134</ns3:hr>
            <ns3:cad>81</ns3:cad>
          </ns3:TrackPointExtension>
        </extensions>
      </trkpt>
      <trkpt lat="30.677859149873256683349609375" lon="103.9000974409282207489013671875">
        <ele>517.4000244140625</ele>
        <time>2026-09-11T23:31:25.000Z</time>
        <extensions>
          <ns3:TrackPointExtension>
            <ns3:hr>134</ns3:hr>
            <ns3:cad>81</ns3:cad>
          </ns3:TrackPointExtension>
        </extensions>
      </trkpt>
      <trkpt lat="30.67786292172968387603759765625" lon="103.90007824636995792388916015625">
        <ele>517.4000244140625</ele>
        <time>2026-09-11T23:31:26.000Z</time>
        <extensions>
          <ns3:TrackPointExtension>
            <ns3:hr>134</ns3:hr>
            <ns3:cad>81</ns3:cad>
          </ns3:TrackPointExtension>
        </extensions>
      </trkpt>
      <trkpt lat="30.6778653524816036224365234375" lon="103.90006299130618572235107421875">
        <ele>517.4000244140625</ele>
        <time>2026-09-11T23:31:27.000Z</time>
        <extensions>
          <ns3:TrackPointExtension>
            <ns3:hr>133</ns3:hr>
            <ns3:cad>81</ns3:cad>
          </ns3:TrackPointExtension>
        </extensions>
      </trkpt>
      <trkpt lat="30.6778700463473796844482421875" lon="103.9000478200614452362060546875">
        <ele>517.4000244140625</ele>
        <time>2026-09-11T23:31:28.000Z</time>
        <extensions>
          <ns3:TrackPointExtension>
            <ns3:hr>133</ns3:hr>
            <ns3:cad>82</ns3:cad>
          </ns3:TrackPointExtension>
        </extensions>
      </trkpt>
      <trkpt lat="30.67786610685288906097412109375" lon="103.90002342872321605682373046875">
        <ele>517.4000244140625</ele>
        <time>2026-09-11T23:31:29.000Z</time>
        <extensions>
          <ns3:TrackPointExtension>
            <ns3:hr>133</ns3:hr>
            <ns3:cad>83</ns3:cad>
          </ns3:TrackPointExtension>
        </extensions>
      </trkpt>
      <trkpt lat="30.677869878709316253662109375" lon="103.90000171959400177001953125">
        <ele>517.4000244140625</ele>
        <time>2026-09-11T23:31:30.000Z</time>
        <extensions>
          <ns3:TrackPointExtension>
            <ns3:hr>134</ns3:hr>
            <ns3:cad>82</ns3:cad>
          </ns3:TrackPointExtension>
        </extensions>
      </trkpt>
      <trkpt lat="30.677867196500301361083984375" lon="103.89998084865510463714599609375">
        <ele>517.4000244140625</ele>
        <time>2026-09-11T23:31:31.000Z</time>
        <extensions>
          <ns3:TrackPointExtension>
            <ns3:hr>135</ns3:hr>
            <ns3:cad>82</ns3:cad>
          </ns3:TrackPointExtension>
        </extensions>
      </trkpt>
      <trkpt lat="30.67786644212901592254638671875" lon="103.89996207319200038909912109375">
        <ele>517.4000244140625</ele>
        <time>2026-09-11T23:31:32.000Z</time>
        <extensions>
          <ns3:TrackPointExtension>
            <ns3:hr>135</ns3:hr>
            <ns3:cad>82</ns3:cad>
          </ns3:TrackPointExtension>
        </extensions>
      </trkpt>
      <trkpt lat="30.6778742372989654541015625" lon="103.89993893913924694061279296875">
        <ele>517.4000244140625</ele>
        <time>2026-09-11T23:31:33.000Z</time>
        <extensions>
          <ns3:TrackPointExtension>
            <ns3:hr>135</ns3:hr>
            <ns3:cad>82</ns3:cad>
          </ns3:TrackPointExtension>
        </extensions>
      </trkpt>
      <trkpt lat="30.67785940133035182952880859375" lon="103.89990507625043392181396484375">
        <ele>517.4000244140625</ele>
        <time>2026-09-11T23:31:34.000Z</time>
        <extensions>
          <ns3:TrackPointExtension>
            <ns3:hr>136</ns3:hr>
            <ns3:cad>82</ns3:cad>
          </ns3:TrackPointExtension>
        </extensions>
      </trkpt>
      <trkpt lat="30.677861832082271575927734375" lon="103.89988596551120281219482421875">
        <ele>517.4000244140625</ele>
        <time>2026-09-11T23:31:35.000Z</time>
        <extensions>
          <ns3:TrackPointExtension>
            <ns3:hr>136</ns3:hr>
            <ns3:cad>82</ns3:cad>
          </ns3:TrackPointExtension>
        </extensions>
      </trkpt>
      <trkpt lat="30.67786526866257190704345703125" lon="103.89986283145844936370849609375">
        <ele>517.20001220703125</ele>
        <time>2026-09-11T23:31:36.000Z</time>
        <extensions>
          <ns3:TrackPointExtension>
            <ns3:hr>136</ns3:hr>
            <ns3:cad>82</ns3:cad>
          </ns3:TrackPointExtension>
        </extensions>
      </trkpt>
      <trkpt lat="30.67786040715873241424560546875" lon="103.8998473249375820159912109375">
        <ele>517.20001220703125</ele>
        <time>2026-09-11T23:31:37.000Z</time>
        <extensions>
          <ns3:TrackPointExtension>
            <ns3:hr>136</ns3:hr>
            <ns3:cad>82</ns3:cad>
          </ns3:TrackPointExtension>
        </extensions>
      </trkpt>
      <trkpt lat="30.6778573058545589447021484375" lon="103.8998305611312389373779296875">
        <ele>517.20001220703125</ele>
        <time>2026-09-11T23:31:38.000Z</time>
        <extensions>
          <ns3:TrackPointExtension>
            <ns3:hr>136</ns3:hr>
            <ns3:cad>82</ns3:cad>
          </ns3:TrackPointExtension>
        </extensions>
      </trkpt>
      <trkpt lat="30.6778583116829395294189453125" lon="103.8998107798397541046142578125">
        <ele>517.20001220703125</ele>
        <time>2026-09-11T23:31:39.000Z</time>
        <extensions>
          <ns3:TrackPointExtension>
            <ns3:hr>137</ns3:hr>
            <ns3:cad>82</ns3:cad>
          </ns3:TrackPointExtension>
        </extensions>
      </trkpt>
      <trkpt lat="30.67785856314003467559814453125" lon="103.89979577623307704925537109375">
        <ele>517.20001220703125</ele>
        <time>2026-09-11T23:31:40.000Z</time>
        <extensions>
          <ns3:TrackPointExtension>
            <ns3:hr>136</ns3:hr>
            <ns3:cad>82</ns3:cad>
          </ns3:TrackPointExtension>
        </extensions>
      </trkpt>
      <trkpt lat="30.67785118706524372100830078125" lon="103.89977616257965564727783203125">
        <ele>517.20001220703125</ele>
        <time>2026-09-11T23:31:41.000Z</time>
        <extensions>
          <ns3:TrackPointExtension>
            <ns3:hr>136</ns3:hr>
            <ns3:cad>83</ns3:cad>
          </ns3:TrackPointExtension>
        </extensions>
      </trkpt>
      <trkpt lat="30.67785085178911685943603515625" lon="103.8997504301369190216064453125">
        <ele>517.20001220703125</ele>
        <time>2026-09-11T23:31:42.000Z</time>
        <extensions>
          <ns3:TrackPointExtension>
            <ns3:hr>136</ns3:hr>
            <ns3:cad>83</ns3:cad>
          </ns3:TrackPointExtension>
        </extensions>
      </trkpt>
      <trkpt lat="30.67784565500915050506591796875" lon="103.89973659999668598175048828125">
        <ele>517.20001220703125</ele>
        <time>2026-09-11T23:31:43.000Z</time>
        <extensions>
          <ns3:TrackPointExtension>
            <ns3:hr>136</ns3:hr>
            <ns3:cad>83</ns3:cad>
          </ns3:TrackPointExtension>
        </extensions>
      </trkpt>
      <trkpt lat="30.67784314043819904327392578125" lon="103.89971279539167881011962890625">
        <ele>517.20001220703125</ele>
        <time>2026-09-11T23:31:44.000Z</time>
        <extensions>
          <ns3:TrackPointExtension>
            <ns3:hr>135</ns3:hr>
            <ns3:cad>83</ns3:cad>
          </ns3:TrackPointExtension>
        </extensions>
      </trkpt>
      <trkpt lat="30.6778449006378650665283203125" lon="103.899696953594684600830078125">
        <ele>517.20001220703125</ele>
        <time>2026-09-11T23:31:45.000Z</time>
        <extensions>
          <ns3:TrackPointExtension>
            <ns3:hr>135</ns3:hr>
            <ns3:cad>82</ns3:cad>
          </ns3:TrackPointExtension>
        </extensions>
      </trkpt>
      <trkpt lat="30.67784540355205535888671875" lon="103.89968387782573699951171875">
        <ele>517.20001220703125</ele>
        <time>2026-09-11T23:31:46.000Z</time>
        <extensions>
          <ns3:TrackPointExtension>
            <ns3:hr>134</ns3:hr>
            <ns3:cad>82</ns3:cad>
          </ns3:TrackPointExtension>
        </extensions>
      </trkpt>
      <trkpt lat="30.6778449006378650665283203125" lon="103.89966300688683986663818359375">
        <ele>517.20001220703125</ele>
        <time>2026-09-11T23:31:47.000Z</time>
        <extensions>
          <ns3:TrackPointExtension>
            <ns3:hr>134</ns3:hr>
            <ns3:cad>82</ns3:cad>
          </ns3:TrackPointExtension>
        </extensions>
      </trkpt>
      <trkpt lat="30.6778474152088165283203125" lon="103.8996537029743194580078125">
        <ele>517.20001220703125</ele>
        <time>2026-09-11T23:31:48.000Z</time>
        <extensions>
          <ns3:TrackPointExtension>
            <ns3:hr>133</ns3:hr>
            <ns3:cad>82</ns3:cad>
          </ns3:TrackPointExtension>
        </extensions>
      </trkpt>
      <trkpt lat="30.6778512708842754364013671875" lon="103.89964238740503787994384765625">
        <ele>517.20001220703125</ele>
        <time>2026-09-11T23:31:49.000Z</time>
        <extensions>
          <ns3:TrackPointExtension>
            <ns3:hr>133</ns3:hr>
            <ns3:cad>82</ns3:cad>
          </ns3:TrackPointExtension>
        </extensions>
      </trkpt>
      <trkpt lat="30.67785479128360748291015625" lon="103.89963014982640743255615234375">
        <ele>517</ele>
        <time>2026-09-11T23:31:50.000Z</time>
        <extensions>
          <ns3:TrackPointExtension>
            <ns3:hr>132</ns3:hr>
            <ns3:cad>81</ns3:cad>
          </ns3:TrackPointExtension>
        </extensions>
      </trkpt>
      <trkpt lat="30.6778566353023052215576171875" lon="103.89961816370487213134765625">
        <ele>517</ele>
        <time>2026-09-11T23:31:51.000Z</time>
        <extensions>
          <ns3:TrackPointExtension>
            <ns3:hr>132</ns3:hr>
            <ns3:cad>82</ns3:cad>
          </ns3:TrackPointExtension>
        </extensions>
      </trkpt>
      <trkpt lat="30.6778563000261783599853515625" lon="103.899605087935924530029296875">
        <ele>517</ele>
        <time>2026-09-11T23:31:52.000Z</time>
        <extensions>
          <ns3:TrackPointExtension>
            <ns3:hr>132</ns3:hr>
            <ns3:cad>82</ns3:cad>
          </ns3:TrackPointExtension>
        </extensions>
      </trkpt>
      <trkpt lat="30.67786275409162044525146484375" lon="103.8995851390063762664794921875">
        <ele>517</ele>
        <time>2026-09-11T23:31:53.000Z</time>
        <extensions>
          <ns3:TrackPointExtension>
            <ns3:hr>132</ns3:hr>
            <ns3:cad>82</ns3:cad>
          </ns3:TrackPointExtension>
        </extensions>
      </trkpt>
      <trkpt lat="30.67787147127091884613037109375" lon="103.89957231469452381134033203125">
        <ele>517</ele>
        <time>2026-09-11T23:31:54.000Z</time>
        <extensions>
          <ns3:TrackPointExtension>
            <ns3:hr>132</ns3:hr>
            <ns3:cad>81</ns3:cad>
          </ns3:TrackPointExtension>
        </extensions>
      </trkpt>
      <trkpt lat="30.67787432111799716949462890625" lon="103.8995643518865108489990234375">
        <ele>517</ele>
        <time>2026-09-11T23:31:55.000Z</time>
        <extensions>
          <ns3:TrackPointExtension>
            <ns3:hr>132</ns3:hr>
            <ns3:cad>81</ns3:cad>
          </ns3:TrackPointExtension>
        </extensions>
      </trkpt>
      <trkpt lat="30.67788161337375640869140625" lon="103.89953996054828166961669921875">
        <ele>517</ele>
        <time>2026-09-11T23:31:56.000Z</time>
        <extensions>
          <ns3:TrackPointExtension>
            <ns3:hr>132</ns3:hr>
            <ns3:cad>81</ns3:cad>
          </ns3:TrackPointExtension>
        </extensions>
      </trkpt>
      <trkpt lat="30.67788220010697841644287109375" lon="103.89952696859836578369140625">
        <ele>517</ele>
        <time>2026-09-11T23:31:57.000Z</time>
        <extensions>
          <ns3:TrackPointExtension>
            <ns3:hr>131</ns3:hr>
            <ns3:cad>81</ns3:cad>
          </ns3:TrackPointExtension>
        </extensions>
      </trkpt>
      <trkpt lat="30.6778660230338573455810546875" lon="103.89951095916330814361572265625">
        <ele>517</ele>
        <time>2026-09-11T23:31:58.000Z</time>
        <extensions>
          <ns3:TrackPointExtension>
            <ns3:hr>131</ns3:hr>
            <ns3:cad>81</ns3:cad>
          </ns3:TrackPointExtension>
        </extensions>
      </trkpt>
      <trkpt lat="30.67784179933369159698486328125" lon="103.8994838856160640716552734375">
        <ele>517.20001220703125</ele>
        <time>2026-09-11T23:31:59.000Z</time>
        <extensions>
          <ns3:TrackPointExtension>
            <ns3:hr>131</ns3:hr>
            <ns3:cad>81</ns3:cad>
          </ns3:TrackPointExtension>
        </extensions>
      </trkpt>
      <trkpt lat="30.67783794365823268890380859375" lon="103.89946888200938701629638671875">
        <ele>517.20001220703125</ele>
        <time>2026-09-11T23:32:00.000Z</time>
        <extensions>
          <ns3:TrackPointExtension>
            <ns3:hr>131</ns3:hr>
            <ns3:cad>81</ns3:cad>
          </ns3:TrackPointExtension>
        </extensions>
      </trkpt>
      <trkpt lat="30.67782335914671421051025390625" lon="103.899452202022075653076171875">
        <ele>517.20001220703125</ele>
        <time>2026-09-11T23:32:01.000Z</time>
        <extensions>
          <ns3:TrackPointExtension>
            <ns3:hr>131</ns3:hr>
            <ns3:cad>81</ns3:cad>
          </ns3:TrackPointExtension>
        </extensions>
      </trkpt>
      <trkpt lat="30.6777969561517238616943359375" lon="103.8994337618350982666015625">
        <ele>517.20001220703125</ele>
        <time>2026-09-11T23:32:02.000Z</time>
        <extensions>
          <ns3:TrackPointExtension>
            <ns3:hr>131</ns3:hr>
            <ns3:cad>82</ns3:cad>
          </ns3:TrackPointExtension>
        </extensions>
      </trkpt>
      <trkpt lat="30.677784383296966552734375" lon="103.89941305853426456451416015625">
        <ele>517.20001220703125</ele>
        <time>2026-09-11T23:32:03.000Z</time>
        <extensions>
          <ns3:TrackPointExtension>
            <ns3:hr>131</ns3:hr>
            <ns3:cad>83</ns3:cad>
          </ns3:TrackPointExtension>
        </extensions>
      </trkpt>
      <trkpt lat="30.6777654401957988739013671875" lon="103.8993893377482891082763671875">
        <ele>517.20001220703125</ele>
        <time>2026-09-11T23:32:04.000Z</time>
        <extensions>
          <ns3:TrackPointExtension>
            <ns3:hr>131</ns3:hr>
            <ns3:cad>83</ns3:cad>
          </ns3:TrackPointExtension>
        </extensions>
      </trkpt>
      <trkpt lat="30.67775110714137554168701171875" lon="103.8993588276207447052001953125">
        <ele>517.20001220703125</ele>
        <time>2026-09-11T23:32:05.000Z</time>
        <extensions>
          <ns3:TrackPointExtension>
            <ns3:hr>130</ns3:hr>
            <ns3:cad>83</ns3:cad>
          </ns3:TrackPointExtension>
        </extensions>
      </trkpt>
      <trkpt lat="30.67774322815239429473876953125" lon="103.89933510683476924896240234375">
        <ele>517.20001220703125</ele>
        <time>2026-09-11T23:32:06.000Z</time>
        <extensions>
          <ns3:TrackPointExtension>
            <ns3:hr>131</ns3:hr>
            <ns3:cad>84</ns3:cad>
          </ns3:TrackPointExtension>
        </extensions>
      </trkpt>
      <trkpt lat="30.6777332536876201629638671875" lon="103.8993130624294281005859375">
        <ele>517.20001220703125</ele>
        <time>2026-09-11T23:32:07.000Z</time>
        <extensions>
          <ns3:TrackPointExtension>
            <ns3:hr>131</ns3:hr>
            <ns3:cad>84</ns3:cad>
          </ns3:TrackPointExtension>
        </extensions>
      </trkpt>
      <trkpt lat="30.67772738635540008544921875" lon="103.89928867109119892120361328125">
        <ele>517.20001220703125</ele>
        <time>2026-09-11T23:32:08.000Z</time>
        <extensions>
          <ns3:TrackPointExtension>
            <ns3:hr>130</ns3:hr>
            <ns3:cad>84</ns3:cad>
          </ns3:TrackPointExtension>
        </extensions>
      </trkpt>
      <trkpt lat="30.67772126756608486175537109375" lon="103.89926503412425518035888671875">
        <ele>517.20001220703125</ele>
        <time>2026-09-11T23:32:09.000Z</time>
        <extensions>
          <ns3:TrackPointExtension>
            <ns3:hr>131</ns3:hr>
            <ns3:cad>84</ns3:cad>
          </ns3:TrackPointExtension>
        </extensions>
      </trkpt>
      <trkpt lat="30.67772260867059230804443359375" lon="103.89924533665180206298828125">
        <ele>517.20001220703125</ele>
        <time>2026-09-11T23:32:10.000Z</time>
        <extensions>
          <ns3:TrackPointExtension>
            <ns3:hr>131</ns3:hr>
            <ns3:cad>83</ns3:cad>
          </ns3:TrackPointExtension>
        </extensions>
      </trkpt>
      <trkpt lat="30.67771892063319683074951171875" lon="103.89922312460839748382568359375">
        <ele>517.20001220703125</ele>
        <time>2026-09-11T23:32:11.000Z</time>
        <extensions>
          <ns3:TrackPointExtension>
            <ns3:hr>131</ns3:hr>
            <ns3:cad>83</ns3:cad>
          </ns3:TrackPointExtension>
        </extensions>
      </trkpt>
      <trkpt lat="30.67772026173770427703857421875" lon="103.89920418150722980499267578125">
        <ele>517.20001220703125</ele>
        <time>2026-09-11T23:32:12.000Z</time>
        <extensions>
          <ns3:TrackPointExtension>
            <ns3:hr>132</ns3:hr>
            <ns3:cad>83</ns3:cad>
          </ns3:TrackPointExtension>
        </extensions>
      </trkpt>
      <trkpt lat="30.67771422676742076873779296875" lon="103.89918766915798187255859375">
        <ele>517.20001220703125</ele>
        <time>2026-09-11T23:32:13.000Z</time>
        <extensions>
          <ns3:TrackPointExtension>
            <ns3:hr>132</ns3:hr>
            <ns3:cad>83</ns3:cad>
          </ns3:TrackPointExtension>
        </extensions>
      </trkpt>
      <trkpt lat="30.6777107901871204376220703125" lon="103.8991677202284336090087890625">
        <ele>517.20001220703125</ele>
        <time>2026-09-11T23:32:14.000Z</time>
        <extensions>
          <ns3:TrackPointExtension>
            <ns3:hr>133</ns3:hr>
            <ns3:cad>83</ns3:cad>
          </ns3:TrackPointExtension>
        </extensions>
      </trkpt>
      <trkpt lat="30.67771154455840587615966796875" lon="103.89915254898369312286376953125">
        <ele>517.20001220703125</ele>
        <time>2026-09-11T23:32:15.000Z</time>
        <extensions>
          <ns3:TrackPointExtension>
            <ns3:hr>133</ns3:hr>
            <ns3:cad>83</ns3:cad>
          </ns3:TrackPointExtension>
        </extensions>
      </trkpt>
      <trkpt lat="30.67771255038678646087646484375" lon="103.89913377352058887481689453125">
        <ele>517.20001220703125</ele>
        <time>2026-09-11T23:32:16.000Z</time>
        <extensions>
          <ns3:TrackPointExtension>
            <ns3:hr>133</ns3:hr>
            <ns3:cad>83</ns3:cad>
          </ns3:TrackPointExtension>
        </extensions>
      </trkpt>
      <trkpt lat="30.67770819179713726043701171875" lon="103.8991150818765163421630859375">
        <ele>517.20001220703125</ele>
        <time>2026-09-11T23:32:17.000Z</time>
        <extensions>
          <ns3:TrackPointExtension>
            <ns3:hr>133</ns3:hr>
            <ns3:cad>83</ns3:cad>
          </ns3:TrackPointExtension>
        </extensions>
      </trkpt>
      <trkpt lat="30.6777079403400421142578125" lon="103.8990926183760166168212890625">
        <ele>517.20001220703125</ele>
        <time>2026-09-11T23:32:18.000Z</time>
        <extensions>
          <ns3:TrackPointExtension>
            <ns3:hr>134</ns3:hr>
            <ns3:cad>83</ns3:cad>
          </ns3:TrackPointExtension>
        </extensions>
      </trkpt>
      <trkpt lat="30.6777054257690906524658203125" lon="103.89907493256032466888427734375">
        <ele>517.20001220703125</ele>
        <time>2026-09-11T23:32:19.000Z</time>
        <extensions>
          <ns3:TrackPointExtension>
            <ns3:hr>134</ns3:hr>
            <ns3:cad>83</ns3:cad>
          </ns3:TrackPointExtension>
        </extensions>
      </trkpt>
      <trkpt lat="30.67770324647426605224609375" lon="103.89906437136232852935791015625">
        <ele>517.20001220703125</ele>
        <time>2026-09-11T23:32:20.000Z</time>
        <extensions>
          <ns3:TrackPointExtension>
            <ns3:hr>135</ns3:hr>
            <ns3:cad>83</ns3:cad>
          </ns3:TrackPointExtension>
        </extensions>
      </trkpt>
      <trkpt lat="30.6776997260749340057373046875" lon="103.89904777519404888153076171875">
        <ele>517.20001220703125</ele>
        <time>2026-09-11T23:32:21.000Z</time>
        <extensions>
          <ns3:TrackPointExtension>
            <ns3:hr>136</ns3:hr>
            <ns3:cad>83</ns3:cad>
          </ns3:TrackPointExtension>
        </extensions>
      </trkpt>
      <trkpt lat="30.6776973791420459747314453125" lon="103.8990232162177562713623046875">
        <ele>517.20001220703125</ele>
        <time>2026-09-11T23:32:22.000Z</time>
        <extensions>
          <ns3:TrackPointExtension>
            <ns3:hr>136</ns3:hr>
            <ns3:cad>83</ns3:cad>
          </ns3:TrackPointExtension>
        </extensions>
      </trkpt>
      <trkpt lat="30.67769662477076053619384765625" lon="103.8990034349262714385986328125">
        <ele>517.20001220703125</ele>
        <time>2026-09-11T23:32:23.000Z</time>
        <extensions>
          <ns3:TrackPointExtension>
            <ns3:hr>135</ns3:hr>
            <ns3:cad>82</ns3:cad>
          </ns3:TrackPointExtension>
        </extensions>
      </trkpt>
      <trkpt lat="30.67768589593470096588134765625" lon="103.89898273162543773651123046875">
        <ele>517.20001220703125</ele>
        <time>2026-09-11T23:32:24.000Z</time>
        <extensions>
          <ns3:TrackPointExtension>
            <ns3:hr>135</ns3:hr>
            <ns3:cad>82</ns3:cad>
          </ns3:TrackPointExtension>
        </extensions>
      </trkpt>
      <trkpt lat="30.67767768166959285736083984375" lon="103.89896429143846035003662109375">
        <ele>517.20001220703125</ele>
        <time>2026-09-11T23:32:25.000Z</time>
        <extensions>
          <ns3:TrackPointExtension>
            <ns3:hr>136</ns3:hr>
            <ns3:cad>82</ns3:cad>
          </ns3:TrackPointExtension>
        </extensions>
      </trkpt>
      <trkpt lat="30.6776742450892925262451171875" lon="103.8989494554698467254638671875">
        <ele>517.20001220703125</ele>
        <time>2026-09-11T23:32:26.000Z</time>
        <extensions>
          <ns3:TrackPointExtension>
            <ns3:hr>136</ns3:hr>
            <ns3:cad>82</ns3:cad>
          </ns3:TrackPointExtension>
        </extensions>
      </trkpt>
      <trkpt lat="30.67767064087092876434326171875" lon="103.898929841816425323486328125">
        <ele>517.20001220703125</ele>
        <time>2026-09-11T23:32:27.000Z</time>
        <extensions>
          <ns3:TrackPointExtension>
            <ns3:hr>136</ns3:hr>
            <ns3:cad>83</ns3:cad>
          </ns3:TrackPointExtension>
        </extensions>
      </trkpt>
      <trkpt lat="30.6776598282158374786376953125" lon="103.8989155925810337066650390625">
        <ele>517.20001220703125</ele>
        <time>2026-09-11T23:32:28.000Z</time>
        <extensions>
          <ns3:TrackPointExtension>
            <ns3:hr>137</ns3:hr>
            <ns3:cad>81</ns3:cad>
          </ns3:TrackPointExtension>
        </extensions>
      </trkpt>
      <trkpt lat="30.67766225896775722503662109375" lon="103.898902349174022674560546875">
        <ele>517.20001220703125</ele>
        <time>2026-09-11T23:32:29.000Z</time>
        <extensions>
          <ns3:TrackPointExtension>
            <ns3:hr>137</ns3:hr>
            <ns3:cad>81</ns3:cad>
          </ns3:TrackPointExtension>
        </extensions>
      </trkpt>
      <trkpt lat="30.6776618398725986480712890625" lon="103.8988919556140899658203125">
        <ele>517.20001220703125</ele>
        <time>2026-09-11T23:32:30.000Z</time>
        <extensions>
          <ns3:TrackPointExtension>
            <ns3:hr>137</ns3:hr>
            <ns3:cad>81</ns3:cad>
          </ns3:TrackPointExtension>
        </extensions>
      </trkpt>
      <trkpt lat="30.6776685453951358795166015625" lon="103.898872174322605133056640625">
        <ele>517.20001220703125</ele>
        <time>2026-09-11T23:32:31.000Z</time>
        <extensions>
          <ns3:TrackPointExtension>
            <ns3:hr>137</ns3:hr>
            <ns3:cad>82</ns3:cad>
          </ns3:TrackPointExtension>
        </extensions>
      </trkpt>
      <trkpt lat="30.6776708923280239105224609375" lon="103.89885281212627887725830078125">
        <ele>517.20001220703125</ele>
        <time>2026-09-11T23:32:32.000Z</time>
        <extensions>
          <ns3:TrackPointExtension>
            <ns3:hr>137</ns3:hr>
            <ns3:cad>83</ns3:cad>
          </ns3:TrackPointExtension>
        </extensions>
      </trkpt>
      <trkpt lat="30.6776739098131656646728515625" lon="103.89883889816701412200927734375">
        <ele>517.20001220703125</ele>
        <time>2026-09-11T23:32:33.000Z</time>
        <extensions>
          <ns3:TrackPointExtension>
            <ns3:hr>137</ns3:hr>
            <ns3:cad>83</ns3:cad>
          </ns3:TrackPointExtension>
        </extensions>
      </trkpt>
      <trkpt lat="30.677677430212497711181640625" lon="103.8988183625042438507080078125">
        <ele>517.20001220703125</ele>
        <time>2026-09-11T23:32:34.000Z</time>
        <extensions>
          <ns3:TrackPointExtension>
            <ns3:hr>137</ns3:hr>
            <ns3:cad>83</ns3:cad>
          </ns3:TrackPointExtension>
        </extensions>
      </trkpt>
      <trkpt lat="30.677678771317005157470703125" lon="103.8988002575933933258056640625">
        <ele>517.20001220703125</ele>
        <time>2026-09-11T23:32:35.000Z</time>
        <extensions>
          <ns3:TrackPointExtension>
            <ns3:hr>136</ns3:hr>
            <ns3:cad>83</ns3:cad>
          </ns3:TrackPointExtension>
        </extensions>
      </trkpt>
      <trkpt lat="30.6776819564402103424072265625" lon="103.89878240413963794708251953125">
        <ele>517.4000244140625</ele>
        <time>2026-09-11T23:32:36.000Z</time>
        <extensions>
          <ns3:TrackPointExtension>
            <ns3:hr>137</ns3:hr>
            <ns3:cad>83</ns3:cad>
          </ns3:TrackPointExtension>
        </extensions>
      </trkpt>
      <trkpt lat="30.67768220789730548858642578125" lon="103.8987627066671848297119140625">
        <ele>517.4000244140625</ele>
        <time>2026-09-11T23:32:37.000Z</time>
        <extensions>
          <ns3:TrackPointExtension>
            <ns3:hr>137</ns3:hr>
            <ns3:cad>83</ns3:cad>
          </ns3:TrackPointExtension>
        </extensions>
      </trkpt>
      <trkpt lat="30.677676089107990264892578125" lon="103.8987482897937297821044921875">
        <ele>517.5999755859375</ele>
        <time>2026-09-11T23:32:38.000Z</time>
        <extensions>
          <ns3:TrackPointExtension>
            <ns3:hr>136</ns3:hr>
            <ns3:cad>83</ns3:cad>
          </ns3:TrackPointExtension>
        </extensions>
      </trkpt>
      <trkpt lat="30.6776772625744342803955078125" lon="103.89873580075800418853759765625">
        <ele>517.5999755859375</ele>
        <time>2026-09-11T23:32:39.000Z</time>
        <extensions>
          <ns3:TrackPointExtension>
            <ns3:hr>137</ns3:hr>
            <ns3:cad>83</ns3:cad>
          </ns3:TrackPointExtension>
        </extensions>
      </trkpt>
      <trkpt lat="30.677672736346721649169921875" lon="103.89871652238070964813232421875">
        <ele>517.5999755859375</ele>
        <time>2026-09-11T23:32:40.000Z</time>
        <extensions>
          <ns3:TrackPointExtension>
            <ns3:hr>137</ns3:hr>
            <ns3:cad>81</ns3:cad>
          </ns3:TrackPointExtension>
        </extensions>
      </trkpt>
      <trkpt lat="30.6776692159473896026611328125" lon="103.89870042912662029266357421875">
        <ele>517.5999755859375</ele>
        <time>2026-09-11T23:32:41.000Z</time>
        <extensions>
          <ns3:TrackPointExtension>
            <ns3:hr>136</ns3:hr>
            <ns3:cad>81</ns3:cad>
          </ns3:TrackPointExtension>
        </extensions>
      </trkpt>
      <trkpt lat="30.67767416127026081085205078125" lon="103.898674361407756805419921875">
        <ele>517.5999755859375</ele>
        <time>2026-09-11T23:32:42.000Z</time>
        <extensions>
          <ns3:TrackPointExtension>
            <ns3:hr>137</ns3:hr>
            <ns3:cad>81</ns3:cad>
          </ns3:TrackPointExtension>
        </extensions>
      </trkpt>
      <trkpt lat="30.6776641868054866790771484375" lon="103.89864762313663959503173828125">
        <ele>517.5999755859375</ele>
        <time>2026-09-11T23:32:43.000Z</time>
        <extensions>
          <ns3:TrackPointExtension>
            <ns3:hr>137</ns3:hr>
            <ns3:cad>81</ns3:cad>
          </ns3:TrackPointExtension>
        </extensions>
      </trkpt>
      <trkpt lat="30.6776420585811138153076171875" lon="103.89862574636936187744140625">
        <ele>517.5999755859375</ele>
        <time>2026-09-11T23:32:44.000Z</time>
        <extensions>
          <ns3:TrackPointExtension>
            <ns3:hr>136</ns3:hr>
            <ns3:cad>81</ns3:cad>
          </ns3:TrackPointExtension>
        </extensions>
      </trkpt>
      <trkpt lat="30.67763082683086395263671875" lon="103.8985960744321346282958984375">
        <ele>517.5999755859375</ele>
        <time>2026-09-11T23:32:45.000Z</time>
        <extensions>
          <ns3:TrackPointExtension>
            <ns3:hr>137</ns3:hr>
            <ns3:cad>81</ns3:cad>
          </ns3:TrackPointExtension>
        </extensions>
      </trkpt>
      <trkpt lat="30.6776246242225170135498046875" lon="103.8985742814838886260986328125">
        <ele>517.5999755859375</ele>
        <time>2026-09-11T23:32:46.000Z</time>
        <extensions>
          <ns3:TrackPointExtension>
            <ns3:hr>137</ns3:hr>
            <ns3:cad>81</ns3:cad>
          </ns3:TrackPointExtension>
        </extensions>
      </trkpt>
      <trkpt lat="30.67761716432869434356689453125" lon="103.8985534943640232086181640625">
        <ele>517.5999755859375</ele>
        <time>2026-09-11T23:32:47.000Z</time>
        <extensions>
          <ns3:TrackPointExtension>
            <ns3:hr>138</ns3:hr>
            <ns3:cad>81</ns3:cad>
          </ns3:TrackPointExtension>
        </extensions>
      </trkpt>
      <trkpt lat="30.67762386985123157501220703125" lon="103.89853849075734615325927734375">
        <ele>517.5999755859375</ele>
        <time>2026-09-11T23:32:48.000Z</time>
        <extensions>
          <ns3:TrackPointExtension>
            <ns3:hr>138</ns3:hr>
            <ns3:cad>82</ns3:cad>
          </ns3:TrackPointExtension>
        </extensions>
      </trkpt>
      <trkpt lat="30.6776236183941364288330078125" lon="103.89852046966552734375">
        <ele>517.5999755859375</ele>
        <time>2026-09-11T23:32:49.000Z</time>
        <extensions>
          <ns3:TrackPointExtension>
            <ns3:hr>138</ns3:hr>
            <ns3:cad>82</ns3:cad>
          </ns3:TrackPointExtension>
        </extensions>
      </trkpt>
      <trkpt lat="30.677620433270931243896484375" lon="103.8985083997249603271484375">
        <ele>517.5999755859375</ele>
        <time>2026-09-11T23:32:50.000Z</time>
        <extensions>
          <ns3:TrackPointExtension>
            <ns3:hr>138</ns3:hr>
            <ns3:cad>82</ns3:cad>
          </ns3:TrackPointExtension>
        </extensions>
      </trkpt>
      <trkpt lat="30.677625797688961029052734375" lon="103.89848769642412662506103515625">
        <ele>517.5999755859375</ele>
        <time>2026-09-11T23:32:51.000Z</time>
        <extensions>
          <ns3:TrackPointExtension>
            <ns3:hr>138</ns3:hr>
            <ns3:cad>81</ns3:cad>
          </ns3:TrackPointExtension>
        </extensions>
      </trkpt>
      <trkpt lat="30.67762403748929500579833984375" lon="103.89846975915133953094482421875">
        <ele>517.4000244140625</ele>
        <time>2026-09-11T23:32:52.000Z</time>
        <extensions>
          <ns3:TrackPointExtension>
            <ns3:hr>138</ns3:hr>
            <ns3:cad>80</ns3:cad>
          </ns3:TrackPointExtension>
        </extensions>
      </trkpt>
      <trkpt lat="30.6776222772896289825439453125" lon="103.8984492234885692596435546875">
        <ele>517.4000244140625</ele>
        <time>2026-09-11T23:32:53.000Z</time>
        <extensions>
          <ns3:TrackPointExtension>
            <ns3:hr>138</ns3:hr>
            <ns3:cad>80</ns3:cad>
          </ns3:TrackPointExtension>
        </extensions>
      </trkpt>
      <trkpt lat="30.67761498503386974334716796875" lon="103.898426592350006103515625">
        <ele>517.20001220703125</ele>
        <time>2026-09-11T23:32:54.000Z</time>
        <extensions>
          <ns3:TrackPointExtension>
            <ns3:hr>138</ns3:hr>
            <ns3:cad>80</ns3:cad>
          </ns3:TrackPointExtension>
        </extensions>
      </trkpt>
      <trkpt lat="30.6776098720729351043701171875" lon="103.89840974472463130950927734375">
        <ele>517</ele>
        <time>2026-09-11T23:32:55.000Z</time>
        <extensions>
          <ns3:TrackPointExtension>
            <ns3:hr>138</ns3:hr>
            <ns3:cad>80</ns3:cad>
          </ns3:TrackPointExtension>
        </extensions>
      </trkpt>
      <trkpt lat="30.67760559730231761932373046875" lon="103.898386694490909576416015625">
        <ele>517</ele>
        <time>2026-09-11T23:32:56.000Z</time>
        <extensions>
          <ns3:TrackPointExtension>
            <ns3:hr>139</ns3:hr>
            <ns3:cad>80</ns3:cad>
          </ns3:TrackPointExtension>
        </extensions>
      </trkpt>
      <trkpt lat="30.677607692778110504150390625" lon="103.89836565591394901275634765625">
        <ele>517</ele>
        <time>2026-09-11T23:32:57.000Z</time>
        <extensions>
          <ns3:TrackPointExtension>
            <ns3:hr>138</ns3:hr>
            <ns3:cad>80</ns3:cad>
          </ns3:TrackPointExtension>
        </extensions>
      </trkpt>
      <trkpt lat="30.67761079408228397369384765625" lon="103.89834403060376644134521484375">
        <ele>517</ele>
        <time>2026-09-11T23:32:58.000Z</time>
        <extensions>
          <ns3:TrackPointExtension>
            <ns3:hr>138</ns3:hr>
            <ns3:cad>81</ns3:cad>
          </ns3:TrackPointExtension>
        </extensions>
      </trkpt>
      <trkpt lat="30.67761280573904514312744140625" lon="103.8983194716274738311767578125">
        <ele>517</ele>
        <time>2026-09-11T23:32:59.000Z</time>
        <extensions>
          <ns3:TrackPointExtension>
            <ns3:hr>138</ns3:hr>
            <ns3:cad>81</ns3:cad>
          </ns3:TrackPointExtension>
        </extensions>
      </trkpt>
      <trkpt lat="30.67761875689029693603515625" lon="103.89830346219241619110107421875">
        <ele>517</ele>
        <time>2026-09-11T23:33:00.000Z</time>
        <extensions>
          <ns3:TrackPointExtension>
            <ns3:hr>138</ns3:hr>
            <ns3:cad>81</ns3:cad>
          </ns3:TrackPointExtension>
        </extensions>
      </trkpt>
      <trkpt lat="30.6776167452335357666015625" lon="103.898287117481231689453125">
        <ele>517</ele>
        <time>2026-09-11T23:33:01.000Z</time>
        <extensions>
          <ns3:TrackPointExtension>
            <ns3:hr>138</ns3:hr>
            <ns3:cad>82</ns3:cad>
          </ns3:TrackPointExtension>
        </extensions>
      </trkpt>
      <trkpt lat="30.67760576494038105010986328125" lon="103.89826356433331966400146484375">
        <ele>517</ele>
        <time>2026-09-11T23:33:02.000Z</time>
        <extensions>
          <ns3:TrackPointExtension>
            <ns3:hr>138</ns3:hr>
            <ns3:cad>82</ns3:cad>
          </ns3:TrackPointExtension>
        </extensions>
      </trkpt>
      <trkpt lat="30.6776055134832859039306640625" lon="103.8982544280588626861572265625">
        <ele>517</ele>
        <time>2026-09-11T23:33:03.000Z</time>
        <extensions>
          <ns3:TrackPointExtension>
            <ns3:hr>138</ns3:hr>
            <ns3:cad>82</ns3:cad>
          </ns3:TrackPointExtension>
        </extensions>
      </trkpt>
      <trkpt lat="30.677604340016841888427734375" lon="103.8982393406331539154052734375">
        <ele>517</ele>
        <time>2026-09-11T23:33:04.000Z</time>
        <extensions>
          <ns3:TrackPointExtension>
            <ns3:hr>138</ns3:hr>
            <ns3:cad>83</ns3:cad>
          </ns3:TrackPointExtension>
        </extensions>
      </trkpt>
      <trkpt lat="30.67760744132101535797119140625" lon="103.89821779914200305938720703125">
        <ele>517</ele>
        <time>2026-09-11T23:33:05.000Z</time>
        <extensions>
          <ns3:TrackPointExtension>
            <ns3:hr>138</ns3:hr>
            <ns3:cad>82</ns3:cad>
          </ns3:TrackPointExtension>
        </extensions>
      </trkpt>
      <trkpt lat="30.677606351673603057861328125" lon="103.8981960900127887725830078125">
        <ele>517</ele>
        <time>2026-09-11T23:33:06.000Z</time>
        <extensions>
          <ns3:TrackPointExtension>
            <ns3:hr>138</ns3:hr>
            <ns3:cad>82</ns3:cad>
          </ns3:TrackPointExtension>
        </extensions>
      </trkpt>
      <trkpt lat="30.67760744132101535797119140625" lon="103.8981692679226398468017578125">
        <ele>517</ele>
        <time>2026-09-11T23:33:07.000Z</time>
        <extensions>
          <ns3:TrackPointExtension>
            <ns3:hr>138</ns3:hr>
            <ns3:cad>82</ns3:cad>
          </ns3:TrackPointExtension>
        </extensions>
      </trkpt>
      <trkpt lat="30.67761045880615711212158203125" lon="103.89815275557339191436767578125">
        <ele>517</ele>
        <time>2026-09-11T23:33:08.000Z</time>
        <extensions>
          <ns3:TrackPointExtension>
            <ns3:hr>138</ns3:hr>
            <ns3:cad>83</ns3:cad>
          </ns3:TrackPointExtension>
        </extensions>
      </trkpt>
      <trkpt lat="30.677615068852901458740234375" lon="103.89813381247222423553466796875">
        <ele>517</ele>
        <time>2026-09-11T23:33:09.000Z</time>
        <extensions>
          <ns3:TrackPointExtension>
            <ns3:hr>138</ns3:hr>
            <ns3:cad>83</ns3:cad>
          </ns3:TrackPointExtension>
        </extensions>
      </trkpt>
      <trkpt lat="30.67761582322418689727783203125" lon="103.89811470173299312591552734375">
        <ele>517</ele>
        <time>2026-09-11T23:33:10.000Z</time>
        <extensions>
          <ns3:TrackPointExtension>
            <ns3:hr>138</ns3:hr>
            <ns3:cad>83</ns3:cad>
          </ns3:TrackPointExtension>
        </extensions>
      </trkpt>
      <trkpt lat="30.67761414684355258941650390625" lon="103.898104391992092132568359375">
        <ele>517</ele>
        <time>2026-09-11T23:33:11.000Z</time>
        <extensions>
          <ns3:TrackPointExtension>
            <ns3:hr>138</ns3:hr>
            <ns3:cad>84</ns3:cad>
          </ns3:TrackPointExtension>
        </extensions>
      </trkpt>
      <trkpt lat="30.6776179186999797821044921875" lon="103.898083269596099853515625">
        <ele>516.79998779296875</ele>
        <time>2026-09-11T23:33:12.000Z</time>
        <extensions>
          <ns3:TrackPointExtension>
            <ns3:hr>138</ns3:hr>
            <ns3:cad>84</ns3:cad>
          </ns3:TrackPointExtension>
        </extensions>
      </trkpt>
      <trkpt lat="30.677625127136707305908203125" lon="103.8980720378458499908447265625">
        <ele>517</ele>
        <time>2026-09-11T23:33:13.000Z</time>
        <extensions>
          <ns3:TrackPointExtension>
            <ns3:hr>137</ns3:hr>
            <ns3:cad>83</ns3:cad>
          </ns3:TrackPointExtension>
        </extensions>
      </trkpt>
      <trkpt lat="30.67762470804154872894287109375" lon="103.898048736155033111572265625">
        <ele>517</ele>
        <time>2026-09-11T23:33:14.000Z</time>
        <extensions>
          <ns3:TrackPointExtension>
            <ns3:hr>137</ns3:hr>
            <ns3:cad>83</ns3:cad>
          </ns3:TrackPointExtension>
        </extensions>
      </trkpt>
      <trkpt lat="30.67762169055640697479248046875" lon="103.8980230875313282012939453125">
        <ele>516.79998779296875</ele>
        <time>2026-09-11T23:33:15.000Z</time>
        <extensions>
          <ns3:TrackPointExtension>
            <ns3:hr>137</ns3:hr>
            <ns3:cad>83</ns3:cad>
          </ns3:TrackPointExtension>
        </extensions>
      </trkpt>
      <trkpt lat="30.6776303239166736602783203125" lon="103.898013196885585784912109375">
        <ele>516.79998779296875</ele>
        <time>2026-09-11T23:33:16.000Z</time>
        <extensions>
          <ns3:TrackPointExtension>
            <ns3:hr>137</ns3:hr>
            <ns3:cad>83</ns3:cad>
          </ns3:TrackPointExtension>
        </extensions>
      </trkpt>
      <trkpt lat="30.677637197077274322509765625" lon="103.897990398108959197998046875">
        <ele>516.79998779296875</ele>
        <time>2026-09-11T23:33:17.000Z</time>
        <extensions>
          <ns3:TrackPointExtension>
            <ns3:hr>137</ns3:hr>
            <ns3:cad>82</ns3:cad>
          </ns3:TrackPointExtension>
        </extensions>
      </trkpt>
      <trkpt lat="30.6776427291333675384521484375" lon="103.8979681022465229034423828125">
        <ele>516.79998779296875</ele>
        <time>2026-09-11T23:33:18.000Z</time>
        <extensions>
          <ns3:TrackPointExtension>
            <ns3:hr>137</ns3:hr>
            <ns3:cad>82</ns3:cad>
          </ns3:TrackPointExtension>
        </extensions>
      </trkpt>
      <trkpt lat="30.677648596465587615966796875" lon="103.89794957824051380157470703125">
        <ele>516.79998779296875</ele>
        <time>2026-09-11T23:33:19.000Z</time>
        <extensions>
          <ns3:TrackPointExtension>
            <ns3:hr>136</ns3:hr>
            <ns3:cad>82</ns3:cad>
          </ns3:TrackPointExtension>
        </extensions>
      </trkpt>
      <trkpt lat="30.677657984197139739990234375" lon="103.8979288749396800994873046875">
        <ele>517</ele>
        <time>2026-09-11T23:33:20.000Z</time>
        <extensions>
          <ns3:TrackPointExtension>
            <ns3:hr>136</ns3:hr>
            <ns3:cad>82</ns3:cad>
          </ns3:TrackPointExtension>
        </extensions>
      </trkpt>
      <trkpt lat="30.6776623427867889404296875" lon="103.897911272943019866943359375">
        <ele>517</ele>
        <time>2026-09-11T23:33:21.000Z</time>
        <extensions>
          <ns3:TrackPointExtension>
            <ns3:hr>136</ns3:hr>
            <ns3:cad>81</ns3:cad>
          </ns3:TrackPointExtension>
        </extensions>
      </trkpt>
      <trkpt lat="30.67766980268061161041259765625" lon="103.8978919945657253265380859375">
        <ele>517</ele>
        <time>2026-09-11T23:33:22.000Z</time>
        <extensions>
          <ns3:TrackPointExtension>
            <ns3:hr>136</ns3:hr>
            <ns3:cad>81</ns3:cad>
          </ns3:TrackPointExtension>
        </extensions>
      </trkpt>
      <trkpt lat="30.677682459354400634765625" lon="103.8978681899607181549072265625">
        <ele>517</ele>
        <time>2026-09-11T23:33:23.000Z</time>
        <extensions>
          <ns3:TrackPointExtension>
            <ns3:hr>137</ns3:hr>
            <ns3:cad>81</ns3:cad>
          </ns3:TrackPointExtension>
        </extensions>
      </trkpt>
      <trkpt lat="30.67769427783787250518798828125" lon="103.89785067178308963775634765625">
        <ele>517</ele>
        <time>2026-09-11T23:33:24.000Z</time>
        <extensions>
          <ns3:TrackPointExtension>
            <ns3:hr>136</ns3:hr>
            <ns3:cad>81</ns3:cad>
          </ns3:TrackPointExtension>
        </extensions>
      </trkpt>
      <trkpt lat="30.677705593407154083251953125" lon="103.89783206395804882049560546875">
        <ele>517</ele>
        <time>2026-09-11T23:33:25.000Z</time>
        <extensions>
          <ns3:TrackPointExtension>
            <ns3:hr>136</ns3:hr>
            <ns3:cad>81</ns3:cad>
          </ns3:TrackPointExtension>
        </extensions>
      </trkpt>
      <trkpt lat="30.6777114607393741607666015625" lon="103.89780775643885135650634765625">
        <ele>516.79998779296875</ele>
        <time>2026-09-11T23:33:26.000Z</time>
        <extensions>
          <ns3:TrackPointExtension>
            <ns3:hr>136</ns3:hr>
            <ns3:cad>82</ns3:cad>
          </ns3:TrackPointExtension>
        </extensions>
      </trkpt>
      <trkpt lat="30.6777144782245159149169921875" lon="103.89778713695704936981201171875">
        <ele>517</ele>
        <time>2026-09-11T23:33:27.000Z</time>
        <extensions>
          <ns3:TrackPointExtension>
            <ns3:hr>135</ns3:hr>
            <ns3:cad>82</ns3:cad>
          </ns3:TrackPointExtension>
        </extensions>
      </trkpt>
      <trkpt lat="30.6777288950979709625244140625" lon="103.8977659307420253753662109375">
        <ele>517</ele>
        <time>2026-09-11T23:33:28.000Z</time>
        <extensions>
          <ns3:TrackPointExtension>
            <ns3:hr>135</ns3:hr>
            <ns3:cad>82</ns3:cad>
          </ns3:TrackPointExtension>
        </extensions>
      </trkpt>
      <trkpt lat="30.67775429226458072662353515625" lon="103.8977632485330104827880859375">
        <ele>517</ele>
        <time>2026-09-11T23:33:29.000Z</time>
        <extensions>
          <ns3:TrackPointExtension>
            <ns3:hr>135</ns3:hr>
            <ns3:cad>82</ns3:cad>
          </ns3:TrackPointExtension>
        </extensions>
      </trkpt>
      <trkpt lat="30.67776686511933803558349609375" lon="103.89775578863918781280517578125">
        <ele>517</ele>
        <time>2026-09-11T23:33:30.000Z</time>
        <extensions>
          <ns3:TrackPointExtension>
            <ns3:hr>135</ns3:hr>
            <ns3:cad>83</ns3:cad>
          </ns3:TrackPointExtension>
        </extensions>
      </trkpt>
      <trkpt lat="30.67778815515339374542236328125" lon="103.89775109477341175079345703125">
        <ele>517</ele>
        <time>2026-09-11T23:33:31.000Z</time>
        <extensions>
          <ns3:TrackPointExtension>
            <ns3:hr>135</ns3:hr>
            <ns3:cad>82</ns3:cad>
          </ns3:TrackPointExtension>
        </extensions>
      </trkpt>
      <trkpt lat="30.6777999736368656158447265625" lon="103.8977471552789211273193359375">
        <ele>517</ele>
        <time>2026-09-11T23:33:32.000Z</time>
        <extensions>
          <ns3:TrackPointExtension>
            <ns3:hr>134</ns3:hr>
            <ns3:cad>82</ns3:cad>
          </ns3:TrackPointExtension>
        </extensions>
      </trkpt>
      <trkpt lat="30.677814222872257232666015625" lon="103.8977404497563838958740234375">
        <ele>517</ele>
        <time>2026-09-11T23:33:33.000Z</time>
        <extensions>
          <ns3:TrackPointExtension>
            <ns3:hr>134</ns3:hr>
            <ns3:cad>81</ns3:cad>
          </ns3:TrackPointExtension>
        </extensions>
      </trkpt>
      <trkpt lat="30.67783308215439319610595703125" lon="103.8977300561964511871337890625">
        <ele>517</ele>
        <time>2026-09-11T23:33:34.000Z</time>
        <extensions>
          <ns3:TrackPointExtension>
            <ns3:hr>134</ns3:hr>
            <ns3:cad>80</ns3:cad>
          </ns3:TrackPointExtension>
        </extensions>
      </trkpt>
      <trkpt lat="30.67784381099045276641845703125" lon="103.89772444032132625579833984375">
        <ele>517</ele>
        <time>2026-09-11T23:33:35.000Z</time>
        <extensions>
          <ns3:TrackPointExtension>
            <ns3:hr>134</ns3:hr>
            <ns3:cad>81</ns3:cad>
          </ns3:TrackPointExtension>
        </extensions>
      </trkpt>
      <trkpt lat="30.67785789258778095245361328125" lon="103.89771773479878902435302734375">
        <ele>517</ele>
        <time>2026-09-11T23:33:36.000Z</time>
        <extensions>
          <ns3:TrackPointExtension>
            <ns3:hr>134</ns3:hr>
            <ns3:cad>81</ns3:cad>
          </ns3:TrackPointExtension>
        </extensions>
      </trkpt>
      <trkpt lat="30.67786124534904956817626953125" lon="103.89770264737308025360107421875">
        <ele>517</ele>
        <time>2026-09-11T23:33:37.000Z</time>
        <extensions>
          <ns3:TrackPointExtension>
            <ns3:hr>134</ns3:hr>
            <ns3:cad>81</ns3:cad>
          </ns3:TrackPointExtension>
        </extensions>
      </trkpt>
      <trkpt lat="30.67786308936774730682373046875" lon="103.897692672908306121826171875">
        <ele>517</ele>
        <time>2026-09-11T23:33:38.000Z</time>
        <extensions>
          <ns3:TrackPointExtension>
            <ns3:hr>135</ns3:hr>
            <ns3:cad>81</ns3:cad>
          </ns3:TrackPointExtension>
        </extensions>
      </trkpt>
      <trkpt lat="30.67786677740514278411865234375" lon="103.89767599292099475860595703125">
        <ele>517</ele>
        <time>2026-09-11T23:33:39.000Z</time>
        <extensions>
          <ns3:TrackPointExtension>
            <ns3:hr>134</ns3:hr>
            <ns3:cad>81</ns3:cad>
          </ns3:TrackPointExtension>
        </extensions>
      </trkpt>
      <trkpt lat="30.67787298001348972320556640625" lon="103.8976635038852691650390625">
        <ele>517</ele>
        <time>2026-09-11T23:33:40.000Z</time>
        <extensions>
          <ns3:TrackPointExtension>
            <ns3:hr>134</ns3:hr>
            <ns3:cad>82</ns3:cad>
          </ns3:TrackPointExtension>
        </extensions>
      </trkpt>
      <trkpt lat="30.67788521759212017059326171875" lon="103.89765269123017787933349609375">
        <ele>516.79998779296875</ele>
        <time>2026-09-11T23:33:41.000Z</time>
        <extensions>
          <ns3:TrackPointExtension>
            <ns3:hr>134</ns3:hr>
            <ns3:cad>82</ns3:cad>
          </ns3:TrackPointExtension>
        </extensions>
      </trkpt>
      <trkpt lat="30.6778943538665771484375" lon="103.89762989245355129241943359375">
        <ele>516.79998779296875</ele>
        <time>2026-09-11T23:33:42.000Z</time>
        <extensions>
          <ns3:TrackPointExtension>
            <ns3:hr>134</ns3:hr>
            <ns3:cad>82</ns3:cad>
          </ns3:TrackPointExtension>
        </extensions>
      </trkpt>
      <trkpt lat="30.6778955273330211639404296875" lon="103.89761363156139850616455078125">
        <ele>516.79998779296875</ele>
        <time>2026-09-11T23:33:43.000Z</time>
        <extensions>
          <ns3:TrackPointExtension>
            <ns3:hr>135</ns3:hr>
            <ns3:cad>81</ns3:cad>
          </ns3:TrackPointExtension>
        </extensions>
      </trkpt>
      <trkpt lat="30.6779075972735881805419921875" lon="103.8975982926785945892333984375">
        <ele>517</ele>
        <time>2026-09-11T23:33:44.000Z</time>
        <extensions>
          <ns3:TrackPointExtension>
            <ns3:hr>135</ns3:hr>
            <ns3:cad>81</ns3:cad>
          </ns3:TrackPointExtension>
        </extensions>
      </trkpt>
      <trkpt lat="30.677922852337360382080078125" lon="103.89758504927158355712890625">
        <ele>517</ele>
        <time>2026-09-11T23:33:45.000Z</time>
        <extensions>
          <ns3:TrackPointExtension>
            <ns3:hr>135</ns3:hr>
            <ns3:cad>81</ns3:cad>
          </ns3:TrackPointExtension>
        </extensions>
      </trkpt>
      <trkpt lat="30.6779357604682445526123046875" lon="103.897581361234188079833984375">
        <ele>516.79998779296875</ele>
        <time>2026-09-11T23:33:46.000Z</time>
        <extensions>
          <ns3:TrackPointExtension>
            <ns3:hr>135</ns3:hr>
            <ns3:cad>82</ns3:cad>
          </ns3:TrackPointExtension>
        </extensions>
      </trkpt>
      <trkpt lat="30.67794657312333583831787109375" lon="103.8975667767226696014404296875">
        <ele>516.79998779296875</ele>
        <time>2026-09-11T23:33:47.000Z</time>
        <extensions>
          <ns3:TrackPointExtension>
            <ns3:hr>135</ns3:hr>
            <ns3:cad>81</ns3:cad>
          </ns3:TrackPointExtension>
        </extensions>
      </trkpt>
      <trkpt lat="30.67795780487358570098876953125" lon="103.8975547067821025848388671875">
        <ele>516.5999755859375</ele>
        <time>2026-09-11T23:33:48.000Z</time>
        <extensions>
          <ns3:TrackPointExtension>
            <ns3:hr>135</ns3:hr>
            <ns3:cad>81</ns3:cad>
          </ns3:TrackPointExtension>
        </extensions>
      </trkpt>
      <trkpt lat="30.67796635441482067108154296875" lon="103.897541798651218414306640625">
        <ele>516.4000244140625</ele>
        <time>2026-09-11T23:33:49.000Z</time>
        <extensions>
          <ns3:TrackPointExtension>
            <ns3:hr>135</ns3:hr>
            <ns3:cad>81</ns3:cad>
          </ns3:TrackPointExtension>
        </extensions>
      </trkpt>
      <trkpt lat="30.67797943018376827239990234375" lon="103.8975335843861103057861328125">
        <ele>516.4000244140625</ele>
        <time>2026-09-11T23:33:50.000Z</time>
        <extensions>
          <ns3:TrackPointExtension>
            <ns3:hr>135</ns3:hr>
            <ns3:cad>79</ns3:cad>
          </ns3:TrackPointExtension>
        </extensions>
      </trkpt>
      <trkpt lat="30.67798965610563755035400390625" lon="103.8975221849977970123291015625">
        <ele>516.20001220703125</ele>
        <time>2026-09-11T23:33:51.000Z</time>
        <extensions>
          <ns3:TrackPointExtension>
            <ns3:hr>135</ns3:hr>
            <ns3:cad>79</ns3:cad>
          </ns3:TrackPointExtension>
        </extensions>
      </trkpt>
      <trkpt lat="30.67800139077007770538330078125" lon="103.89751405455172061920166015625">
        <ele>516.20001220703125</ele>
        <time>2026-09-11T23:33:52.000Z</time>
        <extensions>
          <ns3:TrackPointExtension>
            <ns3:hr>134</ns3:hr>
            <ns3:cad>79</ns3:cad>
          </ns3:TrackPointExtension>
        </extensions>
      </trkpt>
      <trkpt lat="30.67800826393067836761474609375" lon="103.89750726521015167236328125">
        <ele>516.20001220703125</ele>
        <time>2026-09-11T23:33:53.000Z</time>
        <extensions>
          <ns3:TrackPointExtension>
            <ns3:hr>135</ns3:hr>
            <ns3:cad>79</ns3:cad>
          </ns3:TrackPointExtension>
        </extensions>
      </trkpt>
      <trkpt lat="30.67801044322550296783447265625" lon="103.8974993862211704254150390625">
        <ele>516.20001220703125</ele>
        <time>2026-09-11T23:33:54.000Z</time>
        <extensions>
          <ns3:TrackPointExtension>
            <ns3:hr>134</ns3:hr>
            <ns3:cad>80</ns3:cad>
          </ns3:TrackPointExtension>
        </extensions>
      </trkpt>
      <trkpt lat="30.6780137121677398681640625" lon="103.8974903337657451629638671875">
        <ele>516.4000244140625</ele>
        <time>2026-09-11T23:33:55.000Z</time>
        <extensions>
          <ns3:TrackPointExtension>
            <ns3:hr>134</ns3:hr>
            <ns3:cad>81</ns3:cad>
          </ns3:TrackPointExtension>
        </extensions>
      </trkpt>
      <trkpt lat="30.6780244410037994384765625" lon="103.89747105538845062255859375">
        <ele>516.4000244140625</ele>
        <time>2026-09-11T23:33:56.000Z</time>
        <extensions>
          <ns3:TrackPointExtension>
            <ns3:hr>133</ns3:hr>
            <ns3:cad>81</ns3:cad>
          </ns3:TrackPointExtension>
        </extensions>
      </trkpt>
      <trkpt lat="30.67803575657308101654052734375" lon="103.89745672233402729034423828125">
        <ele>516.5999755859375</ele>
        <time>2026-09-11T23:33:57.000Z</time>
        <extensions>
          <ns3:TrackPointExtension>
            <ns3:hr>133</ns3:hr>
            <ns3:cad>81</ns3:cad>
          </ns3:TrackPointExtension>
        </extensions>
      </trkpt>
      <trkpt lat="30.6780484132468700408935546875" lon="103.89744431711733341217041015625">
        <ele>516.5999755859375</ele>
        <time>2026-09-11T23:33:58.000Z</time>
        <extensions>
          <ns3:TrackPointExtension>
            <ns3:hr>133</ns3:hr>
            <ns3:cad>81</ns3:cad>
          </ns3:TrackPointExtension>
        </extensions>
      </trkpt>
      <trkpt lat="30.678065009415149688720703125" lon="103.897423781454563140869140625">
        <ele>516.5999755859375</ele>
        <time>2026-09-11T23:33:59.000Z</time>
        <extensions>
          <ns3:TrackPointExtension>
            <ns3:hr>134</ns3:hr>
            <ns3:cad>80</ns3:cad>
          </ns3:TrackPointExtension>
        </extensions>
      </trkpt>
      <trkpt lat="30.67806760780513286590576171875" lon="103.8974118791520595550537109375">
        <ele>516.5999755859375</ele>
        <time>2026-09-11T23:34:00.000Z</time>
        <extensions>
          <ns3:TrackPointExtension>
            <ns3:hr>134</ns3:hr>
            <ns3:cad>80</ns3:cad>
          </ns3:TrackPointExtension>
        </extensions>
      </trkpt>
      <trkpt lat="30.678081102669239044189453125" lon="103.89740592800080776214599609375">
        <ele>516.5999755859375</ele>
        <time>2026-09-11T23:34:01.000Z</time>
        <extensions>
          <ns3:TrackPointExtension>
            <ns3:hr>134</ns3:hr>
            <ns3:cad>80</ns3:cad>
          </ns3:TrackPointExtension>
        </extensions>
      </trkpt>
      <trkpt lat="30.6780886463820934295654296875" lon="103.89738748781383037567138671875">
        <ele>516.5999755859375</ele>
        <time>2026-09-11T23:34:02.000Z</time>
        <extensions>
          <ns3:TrackPointExtension>
            <ns3:hr>134</ns3:hr>
            <ns3:cad>81</ns3:cad>
          </ns3:TrackPointExtension>
        </extensions>
      </trkpt>
      <trkpt lat="30.67809375934302806854248046875" lon="103.8973724842071533203125">
        <ele>516.5999755859375</ele>
        <time>2026-09-11T23:34:03.000Z</time>
        <extensions>
          <ns3:TrackPointExtension>
            <ns3:hr>134</ns3:hr>
            <ns3:cad>81</ns3:cad>
          </ns3:TrackPointExtension>
        </extensions>
      </trkpt>
      <trkpt lat="30.678107924759387969970703125" lon="103.897362761199474334716796875">
        <ele>516.5999755859375</ele>
        <time>2026-09-11T23:34:04.000Z</time>
        <extensions>
          <ns3:TrackPointExtension>
            <ns3:hr>133</ns3:hr>
            <ns3:cad>82</ns3:cad>
          </ns3:TrackPointExtension>
        </extensions>
      </trkpt>
      <trkpt lat="30.6781215034425258636474609375" lon="103.8973511941730976104736328125">
        <ele>516.5999755859375</ele>
        <time>2026-09-11T23:34:05.000Z</time>
        <extensions>
          <ns3:TrackPointExtension>
            <ns3:hr>134</ns3:hr>
            <ns3:cad>81</ns3:cad>
          </ns3:TrackPointExtension>
        </extensions>
      </trkpt>
      <trkpt lat="30.6781261973083019256591796875" lon="103.89733954332768917083740234375">
        <ele>516.5999755859375</ele>
        <time>2026-09-11T23:34:06.000Z</time>
        <extensions>
          <ns3:TrackPointExtension>
            <ns3:hr>133</ns3:hr>
            <ns3:cad>81</ns3:cad>
          </ns3:TrackPointExtension>
        </extensions>
      </trkpt>
      <trkpt lat="30.678132064640522003173828125" lon="103.8973287306725978851318359375">
        <ele>516.4000244140625</ele>
        <time>2026-09-11T23:34:07.000Z</time>
        <extensions>
          <ns3:TrackPointExtension>
            <ns3:hr>133</ns3:hr>
            <ns3:cad>80</ns3:cad>
          </ns3:TrackPointExtension>
        </extensions>
      </trkpt>
      <trkpt lat="30.678134076297283172607421875" lon="103.89731372706592082977294921875">
        <ele>516.20001220703125</ele>
        <time>2026-09-11T23:34:08.000Z</time>
        <extensions>
          <ns3:TrackPointExtension>
            <ns3:hr>133</ns3:hr>
            <ns3:cad>80</ns3:cad>
          </ns3:TrackPointExtension>
        </extensions>
      </trkpt>
      <trkpt lat="30.6781315617263317108154296875" lon="103.89729377813637256622314453125">
        <ele>516</ele>
        <time>2026-09-11T23:34:09.000Z</time>
        <extensions>
          <ns3:TrackPointExtension>
            <ns3:hr>134</ns3:hr>
            <ns3:cad>80</ns3:cad>
          </ns3:TrackPointExtension>
        </extensions>
      </trkpt>
      <trkpt lat="30.67813776433467864990234375" lon="103.897275589406490325927734375">
        <ele>515.79998779296875</ele>
        <time>2026-09-11T23:34:10.000Z</time>
        <extensions>
          <ns3:TrackPointExtension>
            <ns3:hr>133</ns3:hr>
            <ns3:cad>80</ns3:cad>
          </ns3:TrackPointExtension>
        </extensions>
      </trkpt>
      <trkpt lat="30.6781171448528766632080078125" lon="103.89725170098245143890380859375">
        <ele>515.79998779296875</ele>
        <time>2026-09-11T23:34:11.000Z</time>
        <extensions>
          <ns3:TrackPointExtension>
            <ns3:hr>133</ns3:hr>
            <ns3:cad>82</ns3:cad>
          </ns3:TrackPointExtension>
        </extensions>
      </trkpt>
      <trkpt lat="30.67812024615705013275146484375" lon="103.89721901156008243560791015625">
        <ele>515.79998779296875</ele>
        <time>2026-09-11T23:34:12.000Z</time>
        <extensions>
          <ns3:TrackPointExtension>
            <ns3:hr>132</ns3:hr>
            <ns3:cad>83</ns3:cad>
          </ns3:TrackPointExtension>
        </extensions>
      </trkpt>
      <trkpt lat="30.67812762223184108734130859375" lon="103.8972009904682636260986328125">
        <ele>515.5999755859375</ele>
        <time>2026-09-11T23:34:13.000Z</time>
        <extensions>
          <ns3:TrackPointExtension>
            <ns3:hr>132</ns3:hr>
            <ns3:cad>83</ns3:cad>
          </ns3:TrackPointExtension>
        </extensions>
      </trkpt>
      <trkpt lat="30.67813734523952007293701171875" lon="103.897177688777446746826171875">
        <ele>515.5999755859375</ele>
        <time>2026-09-11T23:34:14.000Z</time>
        <extensions>
          <ns3:TrackPointExtension>
            <ns3:hr>133</ns3:hr>
            <ns3:cad>83</ns3:cad>
          </ns3:TrackPointExtension>
        </extensions>
      </trkpt>
      <trkpt lat="30.67813835106790065765380859375" lon="103.89715413562953472137451171875">
        <ele>515.5999755859375</ele>
        <time>2026-09-11T23:34:15.000Z</time>
        <extensions>
          <ns3:TrackPointExtension>
            <ns3:hr>133</ns3:hr>
            <ns3:cad>82</ns3:cad>
          </ns3:TrackPointExtension>
        </extensions>
      </trkpt>
      <trkpt lat="30.6781412847340106964111328125" lon="103.89713921584188938140869140625">
        <ele>515.5999755859375</ele>
        <time>2026-09-11T23:34:16.000Z</time>
        <extensions>
          <ns3:TrackPointExtension>
            <ns3:hr>133</ns3:hr>
            <ns3:cad>81</ns3:cad>
          </ns3:TrackPointExtension>
        </extensions>
      </trkpt>
      <trkpt lat="30.678148157894611358642578125" lon="103.8971282355487346649169921875">
        <ele>515.4000244140625</ele>
        <time>2026-09-11T23:34:17.000Z</time>
        <extensions>
          <ns3:TrackPointExtension>
            <ns3:hr>133</ns3:hr>
            <ns3:cad>80</ns3:cad>
          </ns3:TrackPointExtension>
        </extensions>
      </trkpt>
      <trkpt lat="30.6781563721597194671630859375" lon="103.89711407013237476348876953125">
        <ele>515.5999755859375</ele>
        <time>2026-09-11T23:34:18.000Z</time>
        <extensions>
          <ns3:TrackPointExtension>
            <ns3:hr>133</ns3:hr>
            <ns3:cad>80</ns3:cad>
          </ns3:TrackPointExtension>
        </extensions>
      </trkpt>
      <trkpt lat="30.6781603954732418060302734375" lon="103.89710032381117343902587890625">
        <ele>515.5999755859375</ele>
        <time>2026-09-11T23:34:19.000Z</time>
        <extensions>
          <ns3:TrackPointExtension>
            <ns3:hr>132</ns3:hr>
            <ns3:cad>80</ns3:cad>
          </ns3:TrackPointExtension>
        </extensions>
      </trkpt>
      <trkpt lat="30.67816785536706447601318359375" lon="103.89708825387060642242431640625">
        <ele>515.79998779296875</ele>
        <time>2026-09-11T23:34:20.000Z</time>
        <extensions>
          <ns3:TrackPointExtension>
            <ns3:hr>132</ns3:hr>
            <ns3:cad>80</ns3:cad>
          </ns3:TrackPointExtension>
        </extensions>
      </trkpt>
      <trkpt lat="30.6781771592795848846435546875" lon="103.897072412073612213134765625">
        <ele>516</ele>
        <time>2026-09-11T23:34:21.000Z</time>
        <extensions>
          <ns3:TrackPointExtension>
            <ns3:hr>132</ns3:hr>
            <ns3:cad>78</ns3:cad>
          </ns3:TrackPointExtension>
        </extensions>
      </trkpt>
      <trkpt lat="30.67819316871464252471923828125" lon="103.89706738293170928955078125">
        <ele>516.20001220703125</ele>
        <time>2026-09-11T23:34:22.000Z</time>
        <extensions>
          <ns3:TrackPointExtension>
            <ns3:hr>132</ns3:hr>
            <ns3:cad>78</ns3:cad>
          </ns3:TrackPointExtension>
        </extensions>
      </trkpt>
      <trkpt lat="30.67821194417774677276611328125" lon="103.8970626890659332275390625">
        <ele>516.4000244140625</ele>
        <time>2026-09-11T23:34:23.000Z</time>
        <extensions>
          <ns3:TrackPointExtension>
            <ns3:hr>132</ns3:hr>
            <ns3:cad>78</ns3:cad>
          </ns3:TrackPointExtension>
        </extensions>
      </trkpt>
      <trkpt lat="30.6782167218625545501708984375" lon="103.89706470072269439697265625">
        <ele>516.5999755859375</ele>
        <time>2026-09-11T23:34:24.000Z</time>
        <extensions>
          <ns3:TrackPointExtension>
            <ns3:hr>132</ns3:hr>
            <ns3:cad>78</ns3:cad>
          </ns3:TrackPointExtension>
        </extensions>
      </trkpt>
      <trkpt lat="30.67822485230863094329833984375" lon="103.89706335961818695068359375">
        <ele>516.79998779296875</ele>
        <time>2026-09-11T23:34:25.000Z</time>
        <extensions>
          <ns3:TrackPointExtension>
            <ns3:hr>133</ns3:hr>
            <ns3:cad>0</ns3:cad>
          </ns3:TrackPointExtension>
        </extensions>
      </trkpt>
      <trkpt lat="30.67823658697307109832763671875" lon="103.89706159941852092742919921875">
        <ele>516.79998779296875</ele>
        <time>2026-09-11T23:34:26.000Z</time>
        <extensions>
          <ns3:TrackPointExtension>
            <ns3:hr>133</ns3:hr>
            <ns3:cad>0</ns3:cad>
          </ns3:TrackPointExtension>
        </extensions>
      </trkpt>
      <trkpt lat="30.6782524287700653076171875" lon="103.89706067740917205810546875">
        <ele>516.79998779296875</ele>
        <time>2026-09-11T23:34:27.000Z</time>
        <extensions>
          <ns3:TrackPointExtension>
            <ns3:hr>134</ns3:hr>
            <ns3:cad>0</ns3:cad>
          </ns3:TrackPointExtension>
        </extensions>
      </trkpt>
      <trkpt lat="30.6782593019306659698486328125" lon="103.89705874957144260406494140625">
        <ele>516.79998779296875</ele>
        <time>2026-09-11T23:34:28.000Z</time>
        <extensions>
          <ns3:TrackPointExtension>
            <ns3:hr>134</ns3:hr>
            <ns3:cad>0</ns3:cad>
          </ns3:TrackPointExtension>
        </extensions>
      </trkpt>
      <trkpt lat="30.678268186748027801513671875" lon="103.8970519602298736572265625">
        <ele>516.4000244140625</ele>
        <time>2026-09-11T23:34:29.000Z</time>
        <extensions>
          <ns3:TrackPointExtension>
            <ns3:hr>134</ns3:hr>
            <ns3:cad>0</ns3:cad>
          </ns3:TrackPointExtension>
        </extensions>
      </trkpt>
      <trkpt lat="30.67828126251697540283203125" lon="103.897049613296985626220703125">
        <ele>516.20001220703125</ele>
        <time>2026-09-11T23:34:30.000Z</time>
        <extensions>
          <ns3:TrackPointExtension>
            <ns3:hr>133</ns3:hr>
            <ns3:cad>0</ns3:cad>
          </ns3:TrackPointExtension>
        </extensions>
      </trkpt>
      <trkpt lat="30.67828821949660778045654296875" lon="103.8970434106886386871337890625">
        <ele>516</ele>
        <time>2026-09-11T23:34:31.000Z</time>
        <extensions>
          <ns3:TrackPointExtension>
            <ns3:hr>133</ns3:hr>
            <ns3:cad>0</ns3:cad>
          </ns3:TrackPointExtension>
        </extensions>
      </trkpt>
      <trkpt lat="30.67830406129360198974609375" lon="103.89703628607094287872314453125">
        <ele>515.79998779296875</ele>
        <time>2026-09-11T23:34:32.000Z</time>
        <extensions>
          <ns3:TrackPointExtension>
            <ns3:hr>133</ns3:hr>
            <ns3:cad>0</ns3:cad>
          </ns3:TrackPointExtension>
        </extensions>
      </trkpt>
      <trkpt lat="30.678322501480579376220703125" lon="103.89702538959681987762451171875">
        <ele>515.5999755859375</ele>
        <time>2026-09-11T23:34:33.000Z</time>
        <extensions>
          <ns3:TrackPointExtension>
            <ns3:hr>133</ns3:hr>
            <ns3:cad>79</ns3:cad>
          </ns3:TrackPointExtension>
        </extensions>
      </trkpt>
      <trkpt lat="30.67833147011697292327880859375" lon="103.89701449312269687652587890625">
        <ele>515.5999755859375</ele>
        <time>2026-09-11T23:34:34.000Z</time>
        <extensions>
          <ns3:TrackPointExtension>
            <ns3:hr>134</ns3:hr>
            <ns3:cad>80</ns3:cad>
          </ns3:TrackPointExtension>
        </extensions>
      </trkpt>
      <trkpt lat="30.678349994122982025146484375" lon="103.89699940569698810577392578125">
        <ele>515.5999755859375</ele>
        <time>2026-09-11T23:34:35.000Z</time>
        <extensions>
          <ns3:TrackPointExtension>
            <ns3:hr>134</ns3:hr>
            <ns3:cad>79</ns3:cad>
          </ns3:TrackPointExtension>
        </extensions>
      </trkpt>
      <trkpt lat="30.678362064063549041748046875" lon="103.89699102379381656646728515625">
        <ele>515.5999755859375</ele>
        <time>2026-09-11T23:34:36.000Z</time>
        <extensions>
          <ns3:TrackPointExtension>
            <ns3:hr>134</ns3:hr>
            <ns3:cad>79</ns3:cad>
          </ns3:TrackPointExtension>
        </extensions>
      </trkpt>
      <trkpt lat="30.67837245762348175048828125" lon="103.89698230661451816558837890625">
        <ele>515.5999755859375</ele>
        <time>2026-09-11T23:34:37.000Z</time>
        <extensions>
          <ns3:TrackPointExtension>
            <ns3:hr>134</ns3:hr>
            <ns3:cad>79</ns3:cad>
          </ns3:TrackPointExtension>
        </extensions>
      </trkpt>
      <trkpt lat="30.6783873774111270904541015625" lon="103.8969713263213634490966796875">
        <ele>515.5999755859375</ele>
        <time>2026-09-11T23:34:38.000Z</time>
        <extensions>
          <ns3:TrackPointExtension>
            <ns3:hr>136</ns3:hr>
            <ns3:cad>79</ns3:cad>
          </ns3:TrackPointExtension>
        </extensions>
      </trkpt>
      <trkpt lat="30.6783917360007762908935546875" lon="103.89696822501718997955322265625">
        <ele>515.5999755859375</ele>
        <time>2026-09-11T23:34:39.000Z</time>
        <extensions>
          <ns3:TrackPointExtension>
            <ns3:hr>136</ns3:hr>
            <ns3:cad>80</ns3:cad>
          </ns3:TrackPointExtension>
        </extensions>
      </trkpt>
      <trkpt lat="30.67840070463716983795166015625" lon="103.89695833437144756317138671875">
        <ele>515.5999755859375</ele>
        <time>2026-09-11T23:34:40.000Z</time>
        <extensions>
          <ns3:TrackPointExtension>
            <ns3:hr>136</ns3:hr>
            <ns3:cad>81</ns3:cad>
          </ns3:TrackPointExtension>
        </extensions>
      </trkpt>
      <trkpt lat="30.6784093379974365234375" lon="103.89693955890834331512451171875">
        <ele>515.5999755859375</ele>
        <time>2026-09-11T23:34:41.000Z</time>
        <extensions>
          <ns3:TrackPointExtension>
            <ns3:hr>137</ns3:hr>
            <ns3:cad>81</ns3:cad>
          </ns3:TrackPointExtension>
        </extensions>
      </trkpt>
      <trkpt lat="30.6784188933670520782470703125" lon="103.89693167991936206817626953125">
        <ele>515.5999755859375</ele>
        <time>2026-09-11T23:34:42.000Z</time>
        <extensions>
          <ns3:TrackPointExtension>
            <ns3:hr>137</ns3:hr>
            <ns3:cad>81</ns3:cad>
          </ns3:TrackPointExtension>
        </extensions>
      </trkpt>
      <trkpt lat="30.67843280732631683349609375" lon="103.8969186879694461822509765625">
        <ele>515.5999755859375</ele>
        <time>2026-09-11T23:34:43.000Z</time>
        <extensions>
          <ns3:TrackPointExtension>
            <ns3:hr>137</ns3:hr>
            <ns3:cad>81</ns3:cad>
          </ns3:TrackPointExtension>
        </extensions>
      </trkpt>
      <trkpt lat="30.67844009958207607269287109375" lon="103.8968995772302150726318359375">
        <ele>515.5999755859375</ele>
        <time>2026-09-11T23:34:44.000Z</time>
        <extensions>
          <ns3:TrackPointExtension>
            <ns3:hr>137</ns3:hr>
            <ns3:cad>81</ns3:cad>
          </ns3:TrackPointExtension>
        </extensions>
      </trkpt>
      <trkpt lat="30.6784534268081188201904296875" lon="103.89688340015709400177001953125">
        <ele>515.5999755859375</ele>
        <time>2026-09-11T23:34:45.000Z</time>
        <extensions>
          <ns3:TrackPointExtension>
            <ns3:hr>137</ns3:hr>
            <ns3:cad>81</ns3:cad>
          </ns3:TrackPointExtension>
        </extensions>
      </trkpt>
      <trkpt lat="30.6784708611667156219482421875" lon="103.89686353504657745361328125">
        <ele>515.5999755859375</ele>
        <time>2026-09-11T23:34:46.000Z</time>
        <extensions>
          <ns3:TrackPointExtension>
            <ns3:hr>137</ns3:hr>
            <ns3:cad>81</ns3:cad>
          </ns3:TrackPointExtension>
        </extensions>
      </trkpt>
      <trkpt lat="30.67847840487957000732421875" lon="103.89684601686894893646240234375">
        <ele>515.5999755859375</ele>
        <time>2026-09-11T23:34:47.000Z</time>
        <extensions>
          <ns3:TrackPointExtension>
            <ns3:hr>136</ns3:hr>
            <ns3:cad>81</ns3:cad>
          </ns3:TrackPointExtension>
        </extensions>
      </trkpt>
      <trkpt lat="30.6784916482865810394287109375" lon="103.8968320190906524658203125">
        <ele>515.5999755859375</ele>
        <time>2026-09-11T23:34:48.000Z</time>
        <extensions>
          <ns3:TrackPointExtension>
            <ns3:hr>137</ns3:hr>
            <ns3:cad>81</ns3:cad>
          </ns3:TrackPointExtension>
        </extensions>
      </trkpt>
      <trkpt lat="30.67850028164684772491455078125" lon="103.89681014232337474822998046875">
        <ele>515.5999755859375</ele>
        <time>2026-09-11T23:34:49.000Z</time>
        <extensions>
          <ns3:TrackPointExtension>
            <ns3:hr>136</ns3:hr>
            <ns3:cad>82</ns3:cad>
          </ns3:TrackPointExtension>
        </extensions>
      </trkpt>
      <trkpt lat="30.67850665189325809478759765625" lon="103.8967976532876491546630859375">
        <ele>515.5999755859375</ele>
        <time>2026-09-11T23:34:50.000Z</time>
        <extensions>
          <ns3:TrackPointExtension>
            <ns3:hr>136</ns3:hr>
            <ns3:cad>81</ns3:cad>
          </ns3:TrackPointExtension>
        </extensions>
      </trkpt>
      <trkpt lat="30.678515620529651641845703125" lon="103.8967829011380672454833984375">
        <ele>515.5999755859375</ele>
        <time>2026-09-11T23:34:51.000Z</time>
        <extensions>
          <ns3:TrackPointExtension>
            <ns3:hr>136</ns3:hr>
            <ns3:cad>81</ns3:cad>
          </ns3:TrackPointExtension>
        </extensions>
      </trkpt>
      <trkpt lat="30.67852576263248920440673828125" lon="103.89676974155008792877197265625">
        <ele>515.5999755859375</ele>
        <time>2026-09-11T23:34:52.000Z</time>
        <extensions>
          <ns3:TrackPointExtension>
            <ns3:hr>135</ns3:hr>
            <ns3:cad>81</ns3:cad>
          </ns3:TrackPointExtension>
        </extensions>
      </trkpt>
      <trkpt lat="30.678535401821136474609375" lon="103.8967594318091869354248046875">
        <ele>515.5999755859375</ele>
        <time>2026-09-11T23:34:53.000Z</time>
        <extensions>
          <ns3:TrackPointExtension>
            <ns3:hr>135</ns3:hr>
            <ns3:cad>81</ns3:cad>
          </ns3:TrackPointExtension>
        </extensions>
      </trkpt>
      <trkpt lat="30.67854654975235462188720703125" lon="103.8967490382492542266845703125">
        <ele>515.4000244140625</ele>
        <time>2026-09-11T23:34:54.000Z</time>
        <extensions>
          <ns3:TrackPointExtension>
            <ns3:hr>134</ns3:hr>
            <ns3:cad>81</ns3:cad>
          </ns3:TrackPointExtension>
        </extensions>
      </trkpt>
      <trkpt lat="30.67856012843549251556396484375" lon="103.89673923142254352569580078125">
        <ele>515.4000244140625</ele>
        <time>2026-09-11T23:34:55.000Z</time>
        <extensions>
          <ns3:TrackPointExtension>
            <ns3:hr>134</ns3:hr>
            <ns3:cad>81</ns3:cad>
          </ns3:TrackPointExtension>
        </extensions>
      </trkpt>
      <trkpt lat="30.67857387475669384002685546875" lon="103.89672833494842052459716796875">
        <ele>515.4000244140625</ele>
        <time>2026-09-11T23:34:56.000Z</time>
        <extensions>
          <ns3:TrackPointExtension>
            <ns3:hr>133</ns3:hr>
            <ns3:cad>81</ns3:cad>
          </ns3:TrackPointExtension>
        </extensions>
      </trkpt>
      <trkpt lat="30.67858636379241943359375" lon="103.89671844430267810821533203125">
        <ele>515.4000244140625</ele>
        <time>2026-09-11T23:34:57.000Z</time>
        <extensions>
          <ns3:TrackPointExtension>
            <ns3:hr>133</ns3:hr>
            <ns3:cad>81</ns3:cad>
          </ns3:TrackPointExtension>
        </extensions>
      </trkpt>
      <trkpt lat="30.67859935574233531951904296875" lon="103.89670670963823795318603515625">
        <ele>515.4000244140625</ele>
        <time>2026-09-11T23:34:58.000Z</time>
        <extensions>
          <ns3:TrackPointExtension>
            <ns3:hr>133</ns3:hr>
            <ns3:cad>62</ns3:cad>
          </ns3:TrackPointExtension>
        </extensions>
      </trkpt>
      <trkpt lat="30.67860874347388744354248046875" lon="103.89669531024992465972900390625">
        <ele>515.4000244140625</ele>
        <time>2026-09-11T23:34:59.000Z</time>
        <extensions>
          <ns3:TrackPointExtension>
            <ns3:hr>133</ns3:hr>
            <ns3:cad>60</ns3:cad>
          </ns3:TrackPointExtension>
        </extensions>
      </trkpt>
      <trkpt lat="30.6786214001476764678955078125" lon="103.89668407849967479705810546875">
        <ele>515.4000244140625</ele>
        <time>2026-09-11T23:35:00.000Z</time>
        <extensions>
          <ns3:TrackPointExtension>
            <ns3:hr>134</ns3:hr>
            <ns3:cad>60</ns3:cad>
          </ns3:TrackPointExtension>
        </extensions>
      </trkpt>
      <trkpt lat="30.67863891832530498504638671875" lon="103.8966803066432476043701171875">
        <ele>515.4000244140625</ele>
        <time>2026-09-11T23:35:01.000Z</time>
        <extensions>
          <ns3:TrackPointExtension>
            <ns3:hr>135</ns3:hr>
            <ns3:cad>0</ns3:cad>
          </ns3:TrackPointExtension>
        </extensions>
      </trkpt>
      <trkpt lat="30.67864964716136455535888671875" lon="103.8966725952923297882080078125">
        <ele>515.4000244140625</ele>
        <time>2026-09-11T23:35:02.000Z</time>
        <extensions>
          <ns3:TrackPointExtension>
            <ns3:hr>137</ns3:hr>
            <ns3:cad>0</ns3:cad>
          </ns3:TrackPointExtension>
        </extensions>
      </trkpt>
      <trkpt lat="30.678669176995754241943359375" lon="103.8966585136950016021728515625">
        <ele>515.20001220703125</ele>
        <time>2026-09-11T23:35:03.000Z</time>
        <extensions>
          <ns3:TrackPointExtension>
            <ns3:hr>137</ns3:hr>
            <ns3:cad>0</ns3:cad>
          </ns3:TrackPointExtension>
        </extensions>
      </trkpt>
      <trkpt lat="30.678685605525970458984375" lon="103.89665222726762294769287109375">
        <ele>515.20001220703125</ele>
        <time>2026-09-11T23:35:04.000Z</time>
        <extensions>
          <ns3:TrackPointExtension>
            <ns3:hr>137</ns3:hr>
            <ns3:cad>0</ns3:cad>
          </ns3:TrackPointExtension>
        </extensions>
      </trkpt>
      <trkpt lat="30.67870446480810642242431640625" lon="103.89663915149867534637451171875">
        <ele>515.20001220703125</ele>
        <time>2026-09-11T23:35:05.000Z</time>
        <extensions>
          <ns3:TrackPointExtension>
            <ns3:hr>137</ns3:hr>
            <ns3:cad>0</ns3:cad>
          </ns3:TrackPointExtension>
        </extensions>
      </trkpt>
      <trkpt lat="30.678719468414783477783203125" lon="103.89662993140518665313720703125">
        <ele>515.20001220703125</ele>
        <time>2026-09-11T23:35:06.000Z</time>
        <extensions>
          <ns3:TrackPointExtension>
            <ns3:hr>136</ns3:hr>
            <ns3:cad>0</ns3:cad>
          </ns3:TrackPointExtension>
        </extensions>
      </trkpt>
      <trkpt lat="30.678728520870208740234375" lon="103.89661886729300022125244140625">
        <ele>515.20001220703125</ele>
        <time>2026-09-11T23:35:07.000Z</time>
        <extensions>
          <ns3:TrackPointExtension>
            <ns3:hr>135</ns3:hr>
            <ns3:cad>0</ns3:cad>
          </ns3:TrackPointExtension>
        </extensions>
      </trkpt>
      <trkpt lat="30.678734891116619110107421875" lon="103.89661450870335102081298828125">
        <ele>515.20001220703125</ele>
        <time>2026-09-11T23:35:08.000Z</time>
        <extensions>
          <ns3:TrackPointExtension>
            <ns3:hr>134</ns3:hr>
            <ns3:cad>0</ns3:cad>
          </ns3:TrackPointExtension>
        </extensions>
      </trkpt>
      <trkpt lat="30.6787538342177867889404296875" lon="103.89661316759884357452392578125">
        <ele>515.4000244140625</ele>
        <time>2026-09-11T23:35:09.000Z</time>
        <extensions>
          <ns3:TrackPointExtension>
            <ns3:hr>134</ns3:hr>
            <ns3:cad>81</ns3:cad>
          </ns3:TrackPointExtension>
        </extensions>
      </trkpt>
      <trkpt lat="30.678763724863529205322265625" lon="103.89661149121820926666259765625">
        <ele>515.4000244140625</ele>
        <time>2026-09-11T23:35:10.000Z</time>
        <extensions>
          <ns3:TrackPointExtension>
            <ns3:hr>134</ns3:hr>
            <ns3:cad>81</ns3:cad>
          </ns3:TrackPointExtension>
        </extensions>
      </trkpt>
      <trkpt lat="30.6787786446511745452880859375" lon="103.89660947956144809722900390625">
        <ele>515.5999755859375</ele>
        <time>2026-09-11T23:35:11.000Z</time>
        <extensions>
          <ns3:TrackPointExtension>
            <ns3:hr>134</ns3:hr>
            <ns3:cad>81</ns3:cad>
          </ns3:TrackPointExtension>
        </extensions>
      </trkpt>
      <trkpt lat="30.67879565991461277008056640625" lon="103.8966052047908306121826171875">
        <ele>515.5999755859375</ele>
        <time>2026-09-11T23:35:12.000Z</time>
        <extensions>
          <ns3:TrackPointExtension>
            <ns3:hr>134</ns3:hr>
            <ns3:cad>81</ns3:cad>
          </ns3:TrackPointExtension>
        </extensions>
      </trkpt>
      <trkpt lat="30.67880873568356037139892578125" lon="103.89660201966762542724609375">
        <ele>515.79998779296875</ele>
        <time>2026-09-11T23:35:13.000Z</time>
        <extensions>
          <ns3:TrackPointExtension>
            <ns3:hr>133</ns3:hr>
            <ns3:cad>81</ns3:cad>
          </ns3:TrackPointExtension>
        </extensions>
      </trkpt>
      <trkpt lat="30.67882583476603031158447265625" lon="103.89659875072538852691650390625">
        <ele>515.5999755859375</ele>
        <time>2026-09-11T23:35:14.000Z</time>
        <extensions>
          <ns3:TrackPointExtension>
            <ns3:hr>133</ns3:hr>
            <ns3:cad>81</ns3:cad>
          </ns3:TrackPointExtension>
        </extensions>
      </trkpt>
      <trkpt lat="30.6788379885256290435791015625" lon="103.896580897271633148193359375">
        <ele>515.79998779296875</ele>
        <time>2026-09-11T23:35:15.000Z</time>
        <extensions>
          <ns3:TrackPointExtension>
            <ns3:hr>133</ns3:hr>
            <ns3:cad>82</ns3:cad>
          </ns3:TrackPointExtension>
        </extensions>
      </trkpt>
      <trkpt lat="30.6788507290184497833251953125" lon="103.896571509540081024169921875">
        <ele>516</ele>
        <time>2026-09-11T23:35:16.000Z</time>
        <extensions>
          <ns3:TrackPointExtension>
            <ns3:hr>133</ns3:hr>
            <ns3:cad>82</ns3:cad>
          </ns3:TrackPointExtension>
        </extensions>
      </trkpt>
      <trkpt lat="30.67886355333030223846435546875" lon="103.89656723476946353912353515625">
        <ele>515.79998779296875</ele>
        <time>2026-09-11T23:35:17.000Z</time>
        <extensions>
          <ns3:TrackPointExtension>
            <ns3:hr>133</ns3:hr>
            <ns3:cad>82</ns3:cad>
          </ns3:TrackPointExtension>
        </extensions>
      </trkpt>
      <trkpt lat="30.67887797020375728607177734375" lon="103.896564804017543792724609375">
        <ele>515.79998779296875</ele>
        <time>2026-09-11T23:35:18.000Z</time>
        <extensions>
          <ns3:TrackPointExtension>
            <ns3:hr>133</ns3:hr>
            <ns3:cad>82</ns3:cad>
          </ns3:TrackPointExtension>
        </extensions>
      </trkpt>
      <trkpt lat="30.67888936959207057952880859375" lon="103.8965629599988460540771484375">
        <ele>515.79998779296875</ele>
        <time>2026-09-11T23:35:19.000Z</time>
        <extensions>
          <ns3:TrackPointExtension>
            <ns3:hr>133</ns3:hr>
            <ns3:cad>82</ns3:cad>
          </ns3:TrackPointExtension>
        </extensions>
      </trkpt>
      <trkpt lat="30.67889909259974956512451171875" lon="103.8965611159801483154296875">
        <ele>515.5999755859375</ele>
        <time>2026-09-11T23:35:20.000Z</time>
        <extensions>
          <ns3:TrackPointExtension>
            <ns3:hr>133</ns3:hr>
            <ns3:cad>0</ns3:cad>
          </ns3:TrackPointExtension>
        </extensions>
      </trkpt>
      <trkpt lat="30.678905546665191650390625" lon="103.89655935578048229217529296875">
        <ele>515.4000244140625</ele>
        <time>2026-09-11T23:35:21.000Z</time>
        <extensions>
          <ns3:TrackPointExtension>
            <ns3:hr>134</ns3:hr>
            <ns3:cad>0</ns3:cad>
          </ns3:TrackPointExtension>
        </extensions>
      </trkpt>
      <trkpt lat="30.67892096936702728271484375" lon="103.89655063860118389129638671875">
        <ele>515.4000244140625</ele>
        <time>2026-09-11T23:35:22.000Z</time>
        <extensions>
          <ns3:TrackPointExtension>
            <ns3:hr>134</ns3:hr>
            <ns3:cad>0</ns3:cad>
          </ns3:TrackPointExtension>
        </extensions>
      </trkpt>
      <trkpt lat="30.67892608232796192169189453125" lon="103.896543681621551513671875">
        <ele>515.4000244140625</ele>
        <time>2026-09-11T23:35:23.000Z</time>
        <extensions>
          <ns3:TrackPointExtension>
            <ns3:hr>134</ns3:hr>
            <ns3:cad>0</ns3:cad>
          </ns3:TrackPointExtension>
        </extensions>
      </trkpt>
      <trkpt lat="30.67893329076468944549560546875" lon="103.896539323031902313232421875">
        <ele>515.4000244140625</ele>
        <time>2026-09-11T23:35:24.000Z</time>
        <extensions>
          <ns3:TrackPointExtension>
            <ns3:hr>134</ns3:hr>
            <ns3:cad>0</ns3:cad>
          </ns3:TrackPointExtension>
        </extensions>
      </trkpt>
      <trkpt lat="30.6789389066398143768310546875" lon="103.89653638936579227447509765625">
        <ele>515.4000244140625</ele>
        <time>2026-09-11T23:35:25.000Z</time>
        <extensions>
          <ns3:TrackPointExtension>
            <ns3:hr>135</ns3:hr>
            <ns3:cad>0</ns3:cad>
          </ns3:TrackPointExtension>
        </extensions>
      </trkpt>
      <trkpt lat="30.678949467837810516357421875" lon="103.89653052203357219696044921875">
        <ele>515.4000244140625</ele>
        <time>2026-09-11T23:35:26.000Z</time>
        <extensions>
          <ns3:TrackPointExtension>
            <ns3:hr>136</ns3:hr>
            <ns3:cad>0</ns3:cad>
          </ns3:TrackPointExtension>
        </extensions>
      </trkpt>
      <trkpt lat="30.6789549998939037322998046875" lon="103.89653052203357219696044921875">
        <ele>515.4000244140625</ele>
        <time>2026-09-11T23:35:27.000Z</time>
        <extensions>
          <ns3:TrackPointExtension>
            <ns3:hr>136</ns3:hr>
            <ns3:cad>0</ns3:cad>
          </ns3:TrackPointExtension>
        </extensions>
      </trkpt>
      <trkpt lat="30.678958185017108917236328125" lon="103.8965314440429210662841796875">
        <ele>515.4000244140625</ele>
        <time>2026-09-11T23:35:28.000Z</time>
        <extensions>
          <ns3:TrackPointExtension>
            <ns3:hr>136</ns3:hr>
            <ns3:cad>0</ns3:cad>
          </ns3:TrackPointExtension>
        </extensions>
      </trkpt>
      <trkpt lat="30.67896187305450439453125" lon="103.89653253369033336639404296875">
        <ele>515.4000244140625</ele>
        <time>2026-09-11T23:35:29.000Z</time>
        <extensions>
          <ns3:TrackPointExtension>
            <ns3:hr>136</ns3:hr>
            <ns3:cad>0</ns3:cad>
          </ns3:TrackPointExtension>
        </extensions>
      </trkpt>
      <trkpt lat="30.67896681837737560272216796875" lon="103.89653203077614307403564453125">
        <ele>515.4000244140625</ele>
        <time>2026-09-11T23:35:30.000Z</time>
        <extensions>
          <ns3:TrackPointExtension>
            <ns3:hr>135</ns3:hr>
            <ns3:cad>0</ns3:cad>
          </ns3:TrackPointExtension>
        </extensions>
      </trkpt>
      <trkpt lat="30.67897335626184940338134765625" lon="103.8965301029384136199951171875">
        <ele>515.4000244140625</ele>
        <time>2026-09-11T23:35:31.000Z</time>
        <extensions>
          <ns3:TrackPointExtension>
            <ns3:hr>134</ns3:hr>
            <ns3:cad>49</ns3:cad>
          </ns3:TrackPointExtension>
        </extensions>
      </trkpt>
      <trkpt lat="30.6789798103272914886474609375" lon="103.89652348123490810394287109375">
        <ele>515.4000244140625</ele>
        <time>2026-09-11T23:35:32.000Z</time>
        <extensions>
          <ns3:TrackPointExtension>
            <ns3:hr>133</ns3:hr>
            <ns3:cad>49</ns3:cad>
          </ns3:TrackPointExtension>
        </extensions>
      </trkpt>
      <trkpt lat="30.678991712629795074462890625" lon="103.89651895500719547271728515625">
        <ele>515.4000244140625</ele>
        <time>2026-09-11T23:35:33.000Z</time>
        <extensions>
          <ns3:TrackPointExtension>
            <ns3:hr>133</ns3:hr>
            <ns3:cad>50</ns3:cad>
          </ns3:TrackPointExtension>
        </extensions>
      </trkpt>
      <trkpt lat="30.67899682559072971343994140625" lon="103.89651442877948284149169921875">
        <ele>515.4000244140625</ele>
        <time>2026-09-11T23:35:34.000Z</time>
        <extensions>
          <ns3:TrackPointExtension>
            <ns3:hr>133</ns3:hr>
            <ns3:cad>50</ns3:cad>
          </ns3:TrackPointExtension>
        </extensions>
      </trkpt>
      <trkpt lat="30.67900336347520351409912109375" lon="103.8965093158185482025146484375">
        <ele>515.4000244140625</ele>
        <time>2026-09-11T23:35:35.000Z</time>
        <extensions>
          <ns3:TrackPointExtension>
            <ns3:hr>133</ns3:hr>
            <ns3:cad>48</ns3:cad>
          </ns3:TrackPointExtension>
        </extensions>
      </trkpt>
      <trkpt lat="30.67901023663580417633056640625" lon="103.8965079747140407562255859375">
        <ele>515.4000244140625</ele>
        <time>2026-09-11T23:35:36.000Z</time>
        <extensions>
          <ns3:TrackPointExtension>
            <ns3:hr>133</ns3:hr>
            <ns3:cad>48</ns3:cad>
          </ns3:TrackPointExtension>
        </extensions>
      </trkpt>
      <trkpt lat="30.67902264185249805450439453125" lon="103.896503783762454986572265625">
        <ele>515.5999755859375</ele>
        <time>2026-09-11T23:35:37.000Z</time>
        <extensions>
          <ns3:TrackPointExtension>
            <ns3:hr>133</ns3:hr>
            <ns3:cad>0</ns3:cad>
          </ns3:TrackPointExtension>
        </extensions>
      </trkpt>
      <trkpt lat="30.67901828326284885406494140625" lon="103.8965016044676303863525390625">
        <ele>515.5999755859375</ele>
        <time>2026-09-11T23:35:38.000Z</time>
        <extensions>
          <ns3:TrackPointExtension>
            <ns3:hr>133</ns3:hr>
            <ns3:cad>0</ns3:cad>
          </ns3:TrackPointExtension>
        </extensions>
      </trkpt>
      <trkpt lat="30.67902130074799060821533203125" lon="103.8964952342212200164794921875">
        <ele>515.79998779296875</ele>
        <time>2026-09-11T23:35:39.000Z</time>
        <extensions>
          <ns3:TrackPointExtension>
            <ns3:hr>133</ns3:hr>
            <ns3:cad>0</ns3:cad>
          </ns3:TrackPointExtension>
        </extensions>
      </trkpt>
      <trkpt lat="30.67902532406151294708251953125" lon="103.89648760668933391571044921875">
        <ele>515.79998779296875</ele>
        <time>2026-09-11T23:35:40.000Z</time>
        <extensions>
          <ns3:TrackPointExtension>
            <ns3:hr>133</ns3:hr>
            <ns3:cad>47</ns3:cad>
          </ns3:TrackPointExtension>
        </extensions>
      </trkpt>
      <trkpt lat="30.6790331192314624786376953125" lon="103.89647754840552806854248046875">
        <ele>516</ele>
        <time>2026-09-11T23:35:41.000Z</time>
        <extensions>
          <ns3:TrackPointExtension>
            <ns3:hr>133</ns3:hr>
            <ns3:cad>47</ns3:cad>
          </ns3:TrackPointExtension>
        </extensions>
      </trkpt>
      <trkpt lat="30.679038651287555694580078125" lon="103.89646883122622966766357421875">
        <ele>516</ele>
        <time>2026-09-11T23:35:42.000Z</time>
        <extensions>
          <ns3:TrackPointExtension>
            <ns3:hr>133</ns3:hr>
            <ns3:cad>47</ns3:cad>
          </ns3:TrackPointExtension>
        </extensions>
      </trkpt>
      <trkpt lat="30.67904225550591945648193359375" lon="103.8964603655040264129638671875">
        <ele>515.79998779296875</ele>
        <time>2026-09-11T23:35:43.000Z</time>
        <extensions>
          <ns3:TrackPointExtension>
            <ns3:hr>132</ns3:hr>
            <ns3:cad>55</ns3:cad>
          </ns3:TrackPointExtension>
        </extensions>
      </trkpt>
      <trkpt lat="30.67904426716268062591552734375" lon="103.89645441435277462005615234375">
        <ele>515.79998779296875</ele>
        <time>2026-09-11T23:35:44.000Z</time>
        <extensions>
          <ns3:TrackPointExtension>
            <ns3:hr>132</ns3:hr>
            <ns3:cad>55</ns3:cad>
          </ns3:TrackPointExtension>
        </extensions>
      </trkpt>
      <trkpt lat="30.67904929630458354949951171875" lon="103.89644854702055454254150390625">
        <ele>515.79998779296875</ele>
        <time>2026-09-11T23:35:45.000Z</time>
        <extensions>
          <ns3:TrackPointExtension>
            <ns3:hr>131</ns3:hr>
            <ns3:cad>55</ns3:cad>
          </ns3:TrackPointExtension>
        </extensions>
      </trkpt>
      <trkpt lat="30.67906958051025867462158203125" lon="103.89644301496446132659912109375">
        <ele>515.79998779296875</ele>
        <time>2026-09-11T23:35:46.000Z</time>
        <extensions>
          <ns3:TrackPointExtension>
            <ns3:hr>131</ns3:hr>
            <ns3:cad>55</ns3:cad>
          </ns3:TrackPointExtension>
        </extensions>
      </trkpt>
      <trkpt lat="30.67907662130892276763916015625" lon="103.89643932692706584930419921875">
        <ele>516</ele>
        <time>2026-09-11T23:35:47.000Z</time>
        <extensions>
          <ns3:TrackPointExtension>
            <ns3:hr>131</ns3:hr>
            <ns3:cad>108</ns3:cad>
          </ns3:TrackPointExtension>
        </extensions>
      </trkpt>
      <trkpt lat="30.679092966020107269287109375" lon="103.8964258320629596710205078125">
        <ele>516.20001220703125</ele>
        <time>2026-09-11T23:35:48.000Z</time>
        <extensions>
          <ns3:TrackPointExtension>
            <ns3:hr>131</ns3:hr>
            <ns3:cad>108</ns3:cad>
          </ns3:TrackPointExtension>
        </extensions>
      </trkpt>
      <trkpt lat="30.6791075505316257476806640625" lon="103.89641284011304378509521484375">
        <ele>516.20001220703125</ele>
        <time>2026-09-11T23:35:49.000Z</time>
        <extensions>
          <ns3:TrackPointExtension>
            <ns3:hr>130</ns3:hr>
            <ns3:cad>108</ns3:cad>
          </ns3:TrackPointExtension>
        </extensions>
      </trkpt>
      <trkpt lat="30.6791236437857151031494140625" lon="103.896397836506366729736328125">
        <ele>516.20001220703125</ele>
        <time>2026-09-11T23:35:50.000Z</time>
        <extensions>
          <ns3:TrackPointExtension>
            <ns3:hr>130</ns3:hr>
            <ns3:cad>108</ns3:cad>
          </ns3:TrackPointExtension>
        </extensions>
      </trkpt>
      <trkpt lat="30.67913143895566463470458984375" lon="103.89638802967965602874755859375">
        <ele>516</ele>
        <time>2026-09-11T23:35:51.000Z</time>
        <extensions>
          <ns3:TrackPointExtension>
            <ns3:hr>130</ns3:hr>
            <ns3:cad>77</ns3:cad>
          </ns3:TrackPointExtension>
        </extensions>
      </trkpt>
      <trkpt lat="30.67914401181042194366455078125" lon="103.8963772170245647430419921875">
        <ele>516</ele>
        <time>2026-09-11T23:35:52.000Z</time>
        <extensions>
          <ns3:TrackPointExtension>
            <ns3:hr>130</ns3:hr>
            <ns3:cad>77</ns3:cad>
          </ns3:TrackPointExtension>
        </extensions>
      </trkpt>
      <trkpt lat="30.679164044559001922607421875" lon="103.89636238105595111846923828125">
        <ele>515.79998779296875</ele>
        <time>2026-09-11T23:35:53.000Z</time>
        <extensions>
          <ns3:TrackPointExtension>
            <ns3:hr>129</ns3:hr>
            <ns3:cad>79</ns3:cad>
          </ns3:TrackPointExtension>
        </extensions>
      </trkpt>
      <trkpt lat="30.6791725941002368927001953125" lon="103.89635919593274593353271484375">
        <ele>515.5999755859375</ele>
        <time>2026-09-11T23:35:54.000Z</time>
        <extensions>
          <ns3:TrackPointExtension>
            <ns3:hr>129</ns3:hr>
            <ns3:cad>79</ns3:cad>
          </ns3:TrackPointExtension>
        </extensions>
      </trkpt>
      <trkpt lat="30.67918659187853336334228515625" lon="103.89635391533374786376953125">
        <ele>515.5999755859375</ele>
        <time>2026-09-11T23:35:55.000Z</time>
        <extensions>
          <ns3:TrackPointExtension>
            <ns3:hr>130</ns3:hr>
            <ns3:cad>80</ns3:cad>
          </ns3:TrackPointExtension>
        </extensions>
      </trkpt>
      <trkpt lat="30.679196901619434356689453125" lon="103.89634779654443264007568359375">
        <ele>515.79998779296875</ele>
        <time>2026-09-11T23:35:56.000Z</time>
        <extensions>
          <ns3:TrackPointExtension>
            <ns3:hr>130</ns3:hr>
            <ns3:cad>80</ns3:cad>
          </ns3:TrackPointExtension>
        </extensions>
      </trkpt>
      <trkpt lat="30.679202266037464141845703125" lon="103.89633941464126110076904296875">
        <ele>515.5999755859375</ele>
        <time>2026-09-11T23:35:57.000Z</time>
        <extensions>
          <ns3:TrackPointExtension>
            <ns3:hr>129</ns3:hr>
            <ns3:cad>80</ns3:cad>
          </ns3:TrackPointExtension>
        </extensions>
      </trkpt>
      <trkpt lat="30.67921475507318973541259765625" lon="103.89632617123425006866455078125">
        <ele>515.5999755859375</ele>
        <time>2026-09-11T23:35:58.000Z</time>
        <extensions>
          <ns3:TrackPointExtension>
            <ns3:hr>129</ns3:hr>
            <ns3:cad>80</ns3:cad>
          </ns3:TrackPointExtension>
        </extensions>
      </trkpt>
      <trkpt lat="30.67921911366283893585205078125" lon="103.89630923978984355926513671875">
        <ele>515.4000244140625</ele>
        <time>2026-09-11T23:35:59.000Z</time>
        <extensions>
          <ns3:TrackPointExtension>
            <ns3:hr>128</ns3:hr>
            <ns3:cad>80</ns3:cad>
          </ns3:TrackPointExtension>
        </extensions>
      </trkpt>
      <trkpt lat="30.67922850139439105987548828125" lon="103.8962940685451030731201171875">
        <ele>515.4000244140625</ele>
        <time>2026-09-11T23:36:00.000Z</time>
        <extensions>
          <ns3:TrackPointExtension>
            <ns3:hr>128</ns3:hr>
            <ns3:cad>80</ns3:cad>
          </ns3:TrackPointExtension>
        </extensions>
      </trkpt>
      <trkpt lat="30.6792430020868778228759765625" lon="103.89627822674810886383056640625">
        <ele>515.20001220703125</ele>
        <time>2026-09-11T23:36:01.000Z</time>
        <extensions>
          <ns3:TrackPointExtension>
            <ns3:hr>129</ns3:hr>
            <ns3:cad>80</ns3:cad>
          </ns3:TrackPointExtension>
        </extensions>
      </trkpt>
      <trkpt lat="30.67925297655165195465087890625" lon="103.8962645642459392547607421875">
        <ele>515.20001220703125</ele>
        <time>2026-09-11T23:36:02.000Z</time>
        <extensions>
          <ns3:TrackPointExtension>
            <ns3:hr>128</ns3:hr>
            <ns3:cad>80</ns3:cad>
          </ns3:TrackPointExtension>
        </extensions>
      </trkpt>
      <trkpt lat="30.67926504649221897125244140625" lon="103.8962514884769916534423828125">
        <ele>515.4000244140625</ele>
        <time>2026-09-11T23:36:03.000Z</time>
        <extensions>
          <ns3:TrackPointExtension>
            <ns3:hr>128</ns3:hr>
            <ns3:cad>80</ns3:cad>
          </ns3:TrackPointExtension>
        </extensions>
      </trkpt>
      <trkpt lat="30.67927711643278598785400390625" lon="103.89623128809034824371337890625">
        <ele>515.4000244140625</ele>
        <time>2026-09-11T23:36:04.000Z</time>
        <extensions>
          <ns3:TrackPointExtension>
            <ns3:hr>128</ns3:hr>
            <ns3:cad>81</ns3:cad>
          </ns3:TrackPointExtension>
        </extensions>
      </trkpt>
      <trkpt lat="30.679290108382701873779296875" lon="103.89622542075812816619873046875">
        <ele>515.4000244140625</ele>
        <time>2026-09-11T23:36:05.000Z</time>
        <extensions>
          <ns3:TrackPointExtension>
            <ns3:hr>127</ns3:hr>
            <ns3:cad>81</ns3:cad>
          </ns3:TrackPointExtension>
        </extensions>
      </trkpt>
      <trkpt lat="30.67930494435131549835205078125" lon="103.8962204754352569580078125">
        <ele>515.4000244140625</ele>
        <time>2026-09-11T23:36:06.000Z</time>
        <extensions>
          <ns3:TrackPointExtension>
            <ns3:hr>126</ns3:hr>
            <ns3:cad>81</ns3:cad>
          </ns3:TrackPointExtension>
        </extensions>
      </trkpt>
      <trkpt lat="30.679320953786373138427734375" lon="103.89621234498918056488037109375">
        <ele>515.20001220703125</ele>
        <time>2026-09-11T23:36:07.000Z</time>
        <extensions>
          <ns3:TrackPointExtension>
            <ns3:hr>125</ns3:hr>
            <ns3:cad>81</ns3:cad>
          </ns3:TrackPointExtension>
        </extensions>
      </trkpt>
      <trkpt lat="30.67933662794530391693115234375" lon="103.8962070643901824951171875">
        <ele>515.20001220703125</ele>
        <time>2026-09-11T23:36:08.000Z</time>
        <extensions>
          <ns3:TrackPointExtension>
            <ns3:hr>124</ns3:hr>
            <ns3:cad>81</ns3:cad>
          </ns3:TrackPointExtension>
        </extensions>
      </trkpt>
      <trkpt lat="30.679353810846805572509765625" lon="103.8962045498192310333251953125">
        <ele>515.20001220703125</ele>
        <time>2026-09-11T23:36:09.000Z</time>
        <extensions>
          <ns3:TrackPointExtension>
            <ns3:hr>124</ns3:hr>
            <ns3:cad>81</ns3:cad>
          </ns3:TrackPointExtension>
        </extensions>
      </trkpt>
      <trkpt lat="30.67936428822576999664306640625" lon="103.89620748348534107208251953125">
        <ele>515.4000244140625</ele>
        <time>2026-09-11T23:36:10.000Z</time>
        <extensions>
          <ns3:TrackPointExtension>
            <ns3:hr>124</ns3:hr>
            <ns3:cad>81</ns3:cad>
          </ns3:TrackPointExtension>
        </extensions>
      </trkpt>
      <trkpt lat="30.67937987856566905975341796875" lon="103.89620907604694366455078125">
        <ele>515.5999755859375</ele>
        <time>2026-09-11T23:36:11.000Z</time>
        <extensions>
          <ns3:TrackPointExtension>
            <ns3:hr>124</ns3:hr>
            <ns3:cad>82</ns3:cad>
          </ns3:TrackPointExtension>
        </extensions>
      </trkpt>
      <trkpt lat="30.67938976921141147613525390625" lon="103.8962048850953578948974609375">
        <ele>515.79998779296875</ele>
        <time>2026-09-11T23:36:12.000Z</time>
        <extensions>
          <ns3:TrackPointExtension>
            <ns3:hr>124</ns3:hr>
            <ns3:cad>83</ns3:cad>
          </ns3:TrackPointExtension>
        </extensions>
      </trkpt>
      <trkpt lat="30.6794032640755176544189453125" lon="103.8962015323340892791748046875">
        <ele>516.20001220703125</ele>
        <time>2026-09-11T23:36:13.000Z</time>
        <extensions>
          <ns3:TrackPointExtension>
            <ns3:hr>124</ns3:hr>
            <ns3:cad>84</ns3:cad>
          </ns3:TrackPointExtension>
        </extensions>
      </trkpt>
      <trkpt lat="30.6794119812548160552978515625" lon="103.896196670830249786376953125">
        <ele>516.5999755859375</ele>
        <time>2026-09-11T23:36:14.000Z</time>
        <extensions>
          <ns3:TrackPointExtension>
            <ns3:hr>124</ns3:hr>
            <ns3:cad>84</ns3:cad>
          </ns3:TrackPointExtension>
        </extensions>
      </trkpt>
      <trkpt lat="30.67941994406282901763916015625" lon="103.89619507826864719390869140625">
        <ele>516.79998779296875</ele>
        <time>2026-09-11T23:36:15.000Z</time>
        <extensions>
          <ns3:TrackPointExtension>
            <ns3:hr>124</ns3:hr>
            <ns3:cad>86</ns3:cad>
          </ns3:TrackPointExtension>
        </extensions>
      </trkpt>
      <trkpt lat="30.679429583251476287841796875" lon="103.89619172550737857818603515625">
        <ele>517.20001220703125</ele>
        <time>2026-09-11T23:36:16.000Z</time>
        <extensions>
          <ns3:TrackPointExtension>
            <ns3:hr>125</ns3:hr>
            <ns3:cad>83</ns3:cad>
          </ns3:TrackPointExtension>
        </extensions>
      </trkpt>
      <trkpt lat="30.6794361211359500885009765625" lon="103.89618501998484134674072265625">
        <ele>517.4000244140625</ele>
        <time>2026-09-11T23:36:17.000Z</time>
        <extensions>
          <ns3:TrackPointExtension>
            <ns3:hr>125</ns3:hr>
            <ns3:cad>83</ns3:cad>
          </ns3:TrackPointExtension>
        </extensions>
      </trkpt>
      <trkpt lat="30.679446347057819366455078125" lon="103.89617948792874813079833984375">
        <ele>517.5999755859375</ele>
        <time>2026-09-11T23:36:18.000Z</time>
        <extensions>
          <ns3:TrackPointExtension>
            <ns3:hr>125</ns3:hr>
            <ns3:cad>83</ns3:cad>
          </ns3:TrackPointExtension>
        </extensions>
      </trkpt>
      <trkpt lat="30.6794458441436290740966796875" lon="103.896171189844608306884765625">
        <ele>517.5999755859375</ele>
        <time>2026-09-11T23:36:19.000Z</time>
        <extensions>
          <ns3:TrackPointExtension>
            <ns3:hr>126</ns3:hr>
            <ns3:cad>83</ns3:cad>
          </ns3:TrackPointExtension>
        </extensions>
      </trkpt>
      <trkpt lat="30.67944676615297794342041015625" lon="103.89615618623793125152587890625">
        <ele>517.5999755859375</ele>
        <time>2026-09-11T23:36:20.000Z</time>
        <extensions>
          <ns3:TrackPointExtension>
            <ns3:hr>127</ns3:hr>
            <ns3:cad>60</ns3:cad>
          </ns3:TrackPointExtension>
        </extensions>
      </trkpt>
      <trkpt lat="30.67945078946650028228759765625" lon="103.89614336192607879638671875">
        <ele>517.5999755859375</ele>
        <time>2026-09-11T23:36:21.000Z</time>
        <extensions>
          <ns3:TrackPointExtension>
            <ns3:hr>127</ns3:hr>
            <ns3:cad>60</ns3:cad>
          </ns3:TrackPointExtension>
        </extensions>
      </trkpt>
      <trkpt lat="30.6794525496661663055419921875" lon="103.89612458646297454833984375">
        <ele>517.5999755859375</ele>
        <time>2026-09-11T23:36:22.000Z</time>
        <extensions>
          <ns3:TrackPointExtension>
            <ns3:hr>128</ns3:hr>
            <ns3:cad>60</ns3:cad>
          </ns3:TrackPointExtension>
        </extensions>
      </trkpt>
      <trkpt lat="30.6794582493603229522705078125" lon="103.8960997760295867919921875">
        <ele>517.5999755859375</ele>
        <time>2026-09-11T23:36:23.000Z</time>
        <extensions>
          <ns3:TrackPointExtension>
            <ns3:hr>129</ns3:hr>
            <ns3:cad>60</ns3:cad>
          </ns3:TrackPointExtension>
        </extensions>
      </trkpt>
      <trkpt lat="30.6794621050357818603515625" lon="103.89608242549002170562744140625">
        <ele>517.5999755859375</ele>
        <time>2026-09-11T23:36:24.000Z</time>
        <extensions>
          <ns3:TrackPointExtension>
            <ns3:hr>129</ns3:hr>
            <ns3:cad>0</ns3:cad>
          </ns3:TrackPointExtension>
        </extensions>
      </trkpt>
      <trkpt lat="30.67946839146316051483154296875" lon="103.896071277558803558349609375">
        <ele>517.4000244140625</ele>
        <time>2026-09-11T23:36:25.000Z</time>
        <extensions>
          <ns3:TrackPointExtension>
            <ns3:hr>130</ns3:hr>
            <ns3:cad>0</ns3:cad>
          </ns3:TrackPointExtension>
        </extensions>
      </trkpt>
      <trkpt lat="30.67947216331958770751953125" lon="103.89604277908802032470703125">
        <ele>517.4000244140625</ele>
        <time>2026-09-11T23:36:26.000Z</time>
        <extensions>
          <ns3:TrackPointExtension>
            <ns3:hr>130</ns3:hr>
            <ns3:cad>0</ns3:cad>
          </ns3:TrackPointExtension>
        </extensions>
      </trkpt>
      <trkpt lat="30.6794780306518077850341796875" lon="103.89602668583393096923828125">
        <ele>517.20001220703125</ele>
        <time>2026-09-11T23:36:27.000Z</time>
        <extensions>
          <ns3:TrackPointExtension>
            <ns3:hr>131</ns3:hr>
            <ns3:cad>0</ns3:cad>
          </ns3:TrackPointExtension>
        </extensions>
      </trkpt>
      <trkpt lat="30.67948884330689907073974609375" lon="103.896010927855968475341796875">
        <ele>517.20001220703125</ele>
        <time>2026-09-11T23:36:28.000Z</time>
        <extensions>
          <ns3:TrackPointExtension>
            <ns3:hr>130</ns3:hr>
            <ns3:cad>78</ns3:cad>
          </ns3:TrackPointExtension>
        </extensions>
      </trkpt>
      <trkpt lat="30.6794968061149120330810546875" lon="103.89597798697650432586669921875">
        <ele>517.20001220703125</ele>
        <time>2026-09-11T23:36:29.000Z</time>
        <extensions>
          <ns3:TrackPointExtension>
            <ns3:hr>130</ns3:hr>
            <ns3:cad>79</ns3:cad>
          </ns3:TrackPointExtension>
        </extensions>
      </trkpt>
      <trkpt lat="30.679506696760654449462890625" lon="103.89595317654311656951904296875">
        <ele>517.20001220703125</ele>
        <time>2026-09-11T23:36:30.000Z</time>
        <extensions>
          <ns3:TrackPointExtension>
            <ns3:hr>130</ns3:hr>
            <ns3:cad>79</ns3:cad>
          </ns3:TrackPointExtension>
        </extensions>
      </trkpt>
      <trkpt lat="30.6795165874063968658447265625" lon="103.89593012630939483642578125">
        <ele>517.20001220703125</ele>
        <time>2026-09-11T23:36:31.000Z</time>
        <extensions>
          <ns3:TrackPointExtension>
            <ns3:hr>129</ns3:hr>
            <ns3:cad>79</ns3:cad>
          </ns3:TrackPointExtension>
        </extensions>
      </trkpt>
      <trkpt lat="30.67952371202409267425537109375" lon="103.89590288512408733367919921875">
        <ele>517.20001220703125</ele>
        <time>2026-09-11T23:36:32.000Z</time>
        <extensions>
          <ns3:TrackPointExtension>
            <ns3:hr>129</ns3:hr>
            <ns3:cad>79</ns3:cad>
          </ns3:TrackPointExtension>
        </extensions>
      </trkpt>
      <trkpt lat="30.679527819156646728515625" lon="103.8958706147968769073486328125">
        <ele>517.20001220703125</ele>
        <time>2026-09-11T23:36:33.000Z</time>
        <extensions>
          <ns3:TrackPointExtension>
            <ns3:hr>129</ns3:hr>
            <ns3:cad>79</ns3:cad>
          </ns3:TrackPointExtension>
        </extensions>
      </trkpt>
      <trkpt lat="30.679532177746295928955078125" lon="103.89584320597350597381591796875">
        <ele>517.20001220703125</ele>
        <time>2026-09-11T23:36:34.000Z</time>
        <extensions>
          <ns3:TrackPointExtension>
            <ns3:hr>130</ns3:hr>
            <ns3:cad>79</ns3:cad>
          </ns3:TrackPointExtension>
        </extensions>
      </trkpt>
      <trkpt lat="30.679534859955310821533203125" lon="103.89582845382392406463623046875">
        <ele>517.20001220703125</ele>
        <time>2026-09-11T23:36:35.000Z</time>
        <extensions>
          <ns3:TrackPointExtension>
            <ns3:hr>130</ns3:hr>
            <ns3:cad>79</ns3:cad>
          </ns3:TrackPointExtension>
        </extensions>
      </trkpt>
      <trkpt lat="30.6795276515185832977294921875" lon="103.895806409418582916259765625">
        <ele>517.20001220703125</ele>
        <time>2026-09-11T23:36:36.000Z</time>
        <extensions>
          <ns3:TrackPointExtension>
            <ns3:hr>130</ns3:hr>
            <ns3:cad>77</ns3:cad>
          </ns3:TrackPointExtension>
        </extensions>
      </trkpt>
      <trkpt lat="30.679530836641788482666015625" lon="103.89578436501324176788330078125">
        <ele>517.20001220703125</ele>
        <time>2026-09-11T23:36:37.000Z</time>
        <extensions>
          <ns3:TrackPointExtension>
            <ns3:hr>129</ns3:hr>
            <ns3:cad>76</ns3:cad>
          </ns3:TrackPointExtension>
        </extensions>
      </trkpt>
      <trkpt lat="30.67953494377434253692626953125" lon="103.89574463479220867156982421875">
        <ele>517.4000244140625</ele>
        <time>2026-09-11T23:36:38.000Z</time>
        <extensions>
          <ns3:TrackPointExtension>
            <ns3:hr>130</ns3:hr>
            <ns3:cad>76</ns3:cad>
          </ns3:TrackPointExtension>
        </extensions>
      </trkpt>
      <trkpt lat="30.67951885052025318145751953125" lon="103.8957368396222591400146484375">
        <ele>517.4000244140625</ele>
        <time>2026-09-11T23:36:39.000Z</time>
        <extensions>
          <ns3:TrackPointExtension>
            <ns3:hr>129</ns3:hr>
            <ns3:cad>76</ns3:cad>
          </ns3:TrackPointExtension>
        </extensions>
      </trkpt>
      <trkpt lat="30.67952689714729785919189453125" lon="103.8957351632416248321533203125">
        <ele>517.4000244140625</ele>
        <time>2026-09-11T23:36:40.000Z</time>
        <extensions>
          <ns3:TrackPointExtension>
            <ns3:hr>129</ns3:hr>
            <ns3:cad>78</ns3:cad>
          </ns3:TrackPointExtension>
        </extensions>
      </trkpt>
      <trkpt lat="30.6795249693095684051513671875" lon="103.895725943148136138916015625">
        <ele>517.4000244140625</ele>
        <time>2026-09-11T23:36:41.000Z</time>
        <extensions>
          <ns3:TrackPointExtension>
            <ns3:hr>129</ns3:hr>
            <ns3:cad>79</ns3:cad>
          </ns3:TrackPointExtension>
        </extensions>
      </trkpt>
      <trkpt lat="30.67951885052025318145751953125" lon="103.89570959843695163726806640625">
        <ele>517.4000244140625</ele>
        <time>2026-09-11T23:36:42.000Z</time>
        <extensions>
          <ns3:TrackPointExtension>
            <ns3:hr>129</ns3:hr>
            <ns3:cad>79</ns3:cad>
          </ns3:TrackPointExtension>
        </extensions>
      </trkpt>
      <trkpt lat="30.67951968871057033538818359375" lon="103.89569266699254512786865234375">
        <ele>517.4000244140625</ele>
        <time>2026-09-11T23:36:43.000Z</time>
        <extensions>
          <ns3:TrackPointExtension>
            <ns3:hr>129</ns3:hr>
            <ns3:cad>79</ns3:cad>
          </ns3:TrackPointExtension>
        </extensions>
      </trkpt>
      <trkpt lat="30.67952203564345836639404296875" lon="103.8956674374639987945556640625">
        <ele>517.4000244140625</ele>
        <time>2026-09-11T23:36:44.000Z</time>
        <extensions>
          <ns3:TrackPointExtension>
            <ns3:hr>129</ns3:hr>
            <ns3:cad>80</ns3:cad>
          </ns3:TrackPointExtension>
        </extensions>
      </trkpt>
      <trkpt lat="30.6795216165482997894287109375" lon="103.8956369273364543914794921875">
        <ele>517.4000244140625</ele>
        <time>2026-09-11T23:36:45.000Z</time>
        <extensions>
          <ns3:TrackPointExtension>
            <ns3:hr>129</ns3:hr>
            <ns3:cad>80</ns3:cad>
          </ns3:TrackPointExtension>
        </extensions>
      </trkpt>
      <trkpt lat="30.6795185990631580352783203125" lon="103.8956188224256038665771484375">
        <ele>517.4000244140625</ele>
        <time>2026-09-11T23:36:46.000Z</time>
        <extensions>
          <ns3:TrackPointExtension>
            <ns3:hr>128</ns3:hr>
            <ns3:cad>80</ns3:cad>
          </ns3:TrackPointExtension>
        </extensions>
      </trkpt>
      <trkpt lat="30.67951834760606288909912109375" lon="103.89558814465999603271484375">
        <ele>517.4000244140625</ele>
        <time>2026-09-11T23:36:47.000Z</time>
        <extensions>
          <ns3:TrackPointExtension>
            <ns3:hr>129</ns3:hr>
            <ns3:cad>80</ns3:cad>
          </ns3:TrackPointExtension>
        </extensions>
      </trkpt>
      <trkpt lat="30.679517090320587158203125" lon="103.89556040056049823760986328125">
        <ele>517.4000244140625</ele>
        <time>2026-09-11T23:36:48.000Z</time>
        <extensions>
          <ns3:TrackPointExtension>
            <ns3:hr>128</ns3:hr>
            <ns3:cad>80</ns3:cad>
          </ns3:TrackPointExtension>
        </extensions>
      </trkpt>
      <trkpt lat="30.67951239645481109619140625" lon="103.89554028399288654327392578125">
        <ele>517.4000244140625</ele>
        <time>2026-09-11T23:36:49.000Z</time>
        <extensions>
          <ns3:TrackPointExtension>
            <ns3:hr>129</ns3:hr>
            <ns3:cad>81</ns3:cad>
          </ns3:TrackPointExtension>
        </extensions>
      </trkpt>
      <trkpt lat="30.6795058585703372955322265625" lon="103.89551329426467418670654296875">
        <ele>517.4000244140625</ele>
        <time>2026-09-11T23:36:50.000Z</time>
        <extensions>
          <ns3:TrackPointExtension>
            <ns3:hr>129</ns3:hr>
            <ns3:cad>81</ns3:cad>
          </ns3:TrackPointExtension>
        </extensions>
      </trkpt>
      <trkpt lat="30.67950376309454441070556640625" lon="103.89548395760357379913330078125">
        <ele>517.5999755859375</ele>
        <time>2026-09-11T23:36:51.000Z</time>
        <extensions>
          <ns3:TrackPointExtension>
            <ns3:hr>130</ns3:hr>
            <ns3:cad>82</ns3:cad>
          </ns3:TrackPointExtension>
        </extensions>
      </trkpt>
      <trkpt lat="30.67949655465781688690185546875" lon="103.89546534977853298187255859375">
        <ele>517.5999755859375</ele>
        <time>2026-09-11T23:36:52.000Z</time>
        <extensions>
          <ns3:TrackPointExtension>
            <ns3:hr>130</ns3:hr>
            <ns3:cad>82</ns3:cad>
          </ns3:TrackPointExtension>
        </extensions>
      </trkpt>
      <trkpt lat="30.67949605174362659454345703125" lon="103.89543534256517887115478515625">
        <ele>517.5999755859375</ele>
        <time>2026-09-11T23:36:53.000Z</time>
        <extensions>
          <ns3:TrackPointExtension>
            <ns3:hr>131</ns3:hr>
            <ns3:cad>82</ns3:cad>
          </ns3:TrackPointExtension>
        </extensions>
      </trkpt>
      <trkpt lat="30.679490603506565093994140625" lon="103.8954176567494869232177734375">
        <ele>517.5999755859375</ele>
        <time>2026-09-11T23:36:54.000Z</time>
        <extensions>
          <ns3:TrackPointExtension>
            <ns3:hr>132</ns3:hr>
            <ns3:cad>81</ns3:cad>
          </ns3:TrackPointExtension>
        </extensions>
      </trkpt>
      <trkpt lat="30.67948683165013790130615234375" lon="103.89540298841893672943115234375">
        <ele>517.5999755859375</ele>
        <time>2026-09-11T23:36:55.000Z</time>
        <extensions>
          <ns3:TrackPointExtension>
            <ns3:hr>132</ns3:hr>
            <ns3:cad>80</ns3:cad>
          </ns3:TrackPointExtension>
        </extensions>
      </trkpt>
      <trkpt lat="30.6794807128608226776123046875" lon="103.895376585423946380615234375">
        <ele>517.5999755859375</ele>
        <time>2026-09-11T23:36:56.000Z</time>
        <extensions>
          <ns3:TrackPointExtension>
            <ns3:hr>132</ns3:hr>
            <ns3:cad>80</ns3:cad>
          </ns3:TrackPointExtension>
        </extensions>
      </trkpt>
      <trkpt lat="30.67947484552860260009765625" lon="103.895358480513095855712890625">
        <ele>517.4000244140625</ele>
        <time>2026-09-11T23:36:57.000Z</time>
        <extensions>
          <ns3:TrackPointExtension>
            <ns3:hr>132</ns3:hr>
            <ns3:cad>80</ns3:cad>
          </ns3:TrackPointExtension>
        </extensions>
      </trkpt>
      <trkpt lat="30.679471157491207122802734375" lon="103.8953378610312938690185546875">
        <ele>517.4000244140625</ele>
        <time>2026-09-11T23:36:58.000Z</time>
        <extensions>
          <ns3:TrackPointExtension>
            <ns3:hr>132</ns3:hr>
            <ns3:cad>81</ns3:cad>
          </ns3:TrackPointExtension>
        </extensions>
      </trkpt>
      <trkpt lat="30.6794674694538116455078125" lon="103.895313553512096405029296875">
        <ele>517.4000244140625</ele>
        <time>2026-09-11T23:36:59.000Z</time>
        <extensions>
          <ns3:TrackPointExtension>
            <ns3:hr>132</ns3:hr>
            <ns3:cad>81</ns3:cad>
          </ns3:TrackPointExtension>
        </extensions>
      </trkpt>
      <trkpt lat="30.67945883609354496002197265625" lon="103.89529821462929248809814453125">
        <ele>517.4000244140625</ele>
        <time>2026-09-11T23:37:00.000Z</time>
        <extensions>
          <ns3:TrackPointExtension>
            <ns3:hr>132</ns3:hr>
            <ns3:cad>81</ns3:cad>
          </ns3:TrackPointExtension>
        </extensions>
      </trkpt>
      <trkpt lat="30.679455734789371490478515625" lon="103.8952754996716976165771484375">
        <ele>517.4000244140625</ele>
        <time>2026-09-11T23:37:01.000Z</time>
        <extensions>
          <ns3:TrackPointExtension>
            <ns3:hr>132</ns3:hr>
            <ns3:cad>81</ns3:cad>
          </ns3:TrackPointExtension>
        </extensions>
      </trkpt>
      <trkpt lat="30.67945280112326145172119140625" lon="103.895244486629962921142578125">
        <ele>517.4000244140625</ele>
        <time>2026-09-11T23:37:02.000Z</time>
        <extensions>
          <ns3:TrackPointExtension>
            <ns3:hr>132</ns3:hr>
            <ns3:cad>81</ns3:cad>
          </ns3:TrackPointExtension>
        </extensions>
      </trkpt>
      <trkpt lat="30.67944659851491451263427734375" lon="103.89522780664265155792236328125">
        <ele>517.4000244140625</ele>
        <time>2026-09-11T23:37:03.000Z</time>
        <extensions>
          <ns3:TrackPointExtension>
            <ns3:hr>132</ns3:hr>
            <ns3:cad>81</ns3:cad>
          </ns3:TrackPointExtension>
        </extensions>
      </trkpt>
      <trkpt lat="30.679450370371341705322265625" lon="103.89519788324832916259765625">
        <ele>517.4000244140625</ele>
        <time>2026-09-11T23:37:04.000Z</time>
        <extensions>
          <ns3:TrackPointExtension>
            <ns3:hr>133</ns3:hr>
            <ns3:cad>81</ns3:cad>
          </ns3:TrackPointExtension>
        </extensions>
      </trkpt>
      <trkpt lat="30.6794465146958827972412109375" lon="103.89517701230943202972412109375">
        <ele>517.4000244140625</ele>
        <time>2026-09-11T23:37:05.000Z</time>
        <extensions>
          <ns3:TrackPointExtension>
            <ns3:hr>133</ns3:hr>
            <ns3:cad>81</ns3:cad>
          </ns3:TrackPointExtension>
        </extensions>
      </trkpt>
      <trkpt lat="30.679443664848804473876953125" lon="103.89516008086502552032470703125">
        <ele>517.4000244140625</ele>
        <time>2026-09-11T23:37:06.000Z</time>
        <extensions>
          <ns3:TrackPointExtension>
            <ns3:hr>133</ns3:hr>
            <ns3:cad>81</ns3:cad>
          </ns3:TrackPointExtension>
        </extensions>
      </trkpt>
      <trkpt lat="30.6794475205242633819580078125" lon="103.89513091184198856353759765625">
        <ele>517.4000244140625</ele>
        <time>2026-09-11T23:37:07.000Z</time>
        <extensions>
          <ns3:TrackPointExtension>
            <ns3:hr>133</ns3:hr>
            <ns3:cad>81</ns3:cad>
          </ns3:TrackPointExtension>
        </extensions>
      </trkpt>
      <trkpt lat="30.6794505380094051361083984375" lon="103.89511347748339176177978515625">
        <ele>517.4000244140625</ele>
        <time>2026-09-11T23:37:08.000Z</time>
        <extensions>
          <ns3:TrackPointExtension>
            <ns3:hr>133</ns3:hr>
            <ns3:cad>81</ns3:cad>
          </ns3:TrackPointExtension>
        </extensions>
      </trkpt>
      <trkpt lat="30.67944961600005626678466796875" lon="103.8950939476490020751953125">
        <ele>517.4000244140625</ele>
        <time>2026-09-11T23:37:09.000Z</time>
        <extensions>
          <ns3:TrackPointExtension>
            <ns3:hr>133</ns3:hr>
            <ns3:cad>81</ns3:cad>
          </ns3:TrackPointExtension>
        </extensions>
      </trkpt>
      <trkpt lat="30.67945162765681743621826171875" lon="103.89506855048239231109619140625">
        <ele>517.4000244140625</ele>
        <time>2026-09-11T23:37:10.000Z</time>
        <extensions>
          <ns3:TrackPointExtension>
            <ns3:hr>133</ns3:hr>
            <ns3:cad>81</ns3:cad>
          </ns3:TrackPointExtension>
        </extensions>
      </trkpt>
      <trkpt lat="30.6794515438377857208251953125" lon="103.89505430124700069427490234375">
        <ele>517.4000244140625</ele>
        <time>2026-09-11T23:37:11.000Z</time>
        <extensions>
          <ns3:TrackPointExtension>
            <ns3:hr>133</ns3:hr>
            <ns3:cad>81</ns3:cad>
          </ns3:TrackPointExtension>
        </extensions>
      </trkpt>
      <trkpt lat="30.67945766262710094451904296875" lon="103.89503451995551586151123046875">
        <ele>517.4000244140625</ele>
        <time>2026-09-11T23:37:12.000Z</time>
        <extensions>
          <ns3:TrackPointExtension>
            <ns3:hr>134</ns3:hr>
            <ns3:cad>81</ns3:cad>
          </ns3:TrackPointExtension>
        </extensions>
      </trkpt>
      <trkpt lat="30.67946017719805240631103515625" lon="103.89501607976853847503662109375">
        <ele>517.4000244140625</ele>
        <time>2026-09-11T23:37:13.000Z</time>
        <extensions>
          <ns3:TrackPointExtension>
            <ns3:hr>134</ns3:hr>
            <ns3:cad>81</ns3:cad>
          </ns3:TrackPointExtension>
        </extensions>
      </trkpt>
      <trkpt lat="30.67946068011224269866943359375" lon="103.894998393952846527099609375">
        <ele>517.20001220703125</ele>
        <time>2026-09-11T23:37:14.000Z</time>
        <extensions>
          <ns3:TrackPointExtension>
            <ns3:hr>134</ns3:hr>
            <ns3:cad>81</ns3:cad>
          </ns3:TrackPointExtension>
        </extensions>
      </trkpt>
      <trkpt lat="30.679462440311908721923828125" lon="103.89498020522296428680419921875">
        <ele>517.20001220703125</ele>
        <time>2026-09-11T23:37:15.000Z</time>
        <extensions>
          <ns3:TrackPointExtension>
            <ns3:hr>134</ns3:hr>
            <ns3:cad>81</ns3:cad>
          </ns3:TrackPointExtension>
        </extensions>
      </trkpt>
      <trkpt lat="30.679464451968669891357421875" lon="103.89496126212179660797119140625">
        <ele>517.20001220703125</ele>
        <time>2026-09-11T23:37:16.000Z</time>
        <extensions>
          <ns3:TrackPointExtension>
            <ns3:hr>134</ns3:hr>
            <ns3:cad>81</ns3:cad>
          </ns3:TrackPointExtension>
        </extensions>
      </trkpt>
      <trkpt lat="30.6794619373977184295654296875" lon="103.89494667761027812957763671875">
        <ele>517.20001220703125</ele>
        <time>2026-09-11T23:37:17.000Z</time>
        <extensions>
          <ns3:TrackPointExtension>
            <ns3:hr>134</ns3:hr>
            <ns3:cad>81</ns3:cad>
          </ns3:TrackPointExtension>
        </extensions>
      </trkpt>
      <trkpt lat="30.6794673018157482147216796875" lon="103.894922621548175811767578125">
        <ele>517.20001220703125</ele>
        <time>2026-09-11T23:37:18.000Z</time>
        <extensions>
          <ns3:TrackPointExtension>
            <ns3:hr>134</ns3:hr>
            <ns3:cad>81</ns3:cad>
          </ns3:TrackPointExtension>
        </extensions>
      </trkpt>
      <trkpt lat="30.67947442643344402313232421875" lon="103.894905857741832733154296875">
        <ele>517.20001220703125</ele>
        <time>2026-09-11T23:37:19.000Z</time>
        <extensions>
          <ns3:TrackPointExtension>
            <ns3:hr>135</ns3:hr>
            <ns3:cad>82</ns3:cad>
          </ns3:TrackPointExtension>
        </extensions>
      </trkpt>
      <trkpt lat="30.67947694100439548492431640625" lon="103.8948859088122844696044921875">
        <ele>517.20001220703125</ele>
        <time>2026-09-11T23:37:20.000Z</time>
        <extensions>
          <ns3:TrackPointExtension>
            <ns3:hr>136</ns3:hr>
            <ns3:cad>82</ns3:cad>
          </ns3:TrackPointExtension>
        </extensions>
      </trkpt>
      <trkpt lat="30.679481215775012969970703125" lon="103.8948621042072772979736328125">
        <ele>517.20001220703125</ele>
        <time>2026-09-11T23:37:21.000Z</time>
        <extensions>
          <ns3:TrackPointExtension>
            <ns3:hr>137</ns3:hr>
            <ns3:cad>82</ns3:cad>
          </ns3:TrackPointExtension>
        </extensions>
      </trkpt>
      <trkpt lat="30.67947962321341037750244140625" lon="103.8948446698486804962158203125">
        <ele>517.20001220703125</ele>
        <time>2026-09-11T23:37:22.000Z</time>
        <extensions>
          <ns3:TrackPointExtension>
            <ns3:hr>137</ns3:hr>
            <ns3:cad>82</ns3:cad>
          </ns3:TrackPointExtension>
        </extensions>
      </trkpt>
      <trkpt lat="30.67948733456432819366455078125" lon="103.89482195489108562469482421875">
        <ele>517</ele>
        <time>2026-09-11T23:37:23.000Z</time>
        <extensions>
          <ns3:TrackPointExtension>
            <ns3:hr>137</ns3:hr>
            <ns3:cad>82</ns3:cad>
          </ns3:TrackPointExtension>
        </extensions>
      </trkpt>
      <trkpt lat="30.679487250745296478271484375" lon="103.894799239933490753173828125">
        <ele>517</ele>
        <time>2026-09-11T23:37:24.000Z</time>
        <extensions>
          <ns3:TrackPointExtension>
            <ns3:hr>136</ns3:hr>
            <ns3:cad>82</ns3:cad>
          </ns3:TrackPointExtension>
        </extensions>
      </trkpt>
      <trkpt lat="30.67948850803077220916748046875" lon="103.89478675089776515960693359375">
        <ele>517</ele>
        <time>2026-09-11T23:37:25.000Z</time>
        <extensions>
          <ns3:TrackPointExtension>
            <ns3:hr>136</ns3:hr>
            <ns3:cad>82</ns3:cad>
          </ns3:TrackPointExtension>
        </extensions>
      </trkpt>
      <trkpt lat="30.67948817275464534759521484375" lon="103.89475875534117221832275390625">
        <ele>517</ele>
        <time>2026-09-11T23:37:26.000Z</time>
        <extensions>
          <ns3:TrackPointExtension>
            <ns3:hr>136</ns3:hr>
            <ns3:cad>82</ns3:cad>
          </ns3:TrackPointExtension>
        </extensions>
      </trkpt>
      <trkpt lat="30.6794862449169158935546875" lon="103.894735872745513916015625">
        <ele>517</ele>
        <time>2026-09-11T23:37:27.000Z</time>
        <extensions>
          <ns3:TrackPointExtension>
            <ns3:hr>136</ns3:hr>
            <ns3:cad>82</ns3:cad>
          </ns3:TrackPointExtension>
        </extensions>
      </trkpt>
      <trkpt lat="30.6794743426144123077392578125" lon="103.894712738692760467529296875">
        <ele>517</ele>
        <time>2026-09-11T23:37:28.000Z</time>
        <extensions>
          <ns3:TrackPointExtension>
            <ns3:hr>136</ns3:hr>
            <ns3:cad>82</ns3:cad>
          </ns3:TrackPointExtension>
        </extensions>
      </trkpt>
      <trkpt lat="30.6794709898531436920166015625" lon="103.8946870900690555572509765625">
        <ele>517.20001220703125</ele>
        <time>2026-09-11T23:37:29.000Z</time>
        <extensions>
          <ns3:TrackPointExtension>
            <ns3:hr>136</ns3:hr>
            <ns3:cad>82</ns3:cad>
          </ns3:TrackPointExtension>
        </extensions>
      </trkpt>
      <trkpt lat="30.6794713251292705535888671875" lon="103.89466823078691959381103515625">
        <ele>517.20001220703125</ele>
        <time>2026-09-11T23:37:30.000Z</time>
        <extensions>
          <ns3:TrackPointExtension>
            <ns3:hr>137</ns3:hr>
            <ns3:cad>82</ns3:cad>
          </ns3:TrackPointExtension>
        </extensions>
      </trkpt>
      <trkpt lat="30.67947392351925373077392578125" lon="103.894645012915134429931640625">
        <ele>517.20001220703125</ele>
        <time>2026-09-11T23:37:31.000Z</time>
        <extensions>
          <ns3:TrackPointExtension>
            <ns3:hr>137</ns3:hr>
            <ns3:cad>82</ns3:cad>
          </ns3:TrackPointExtension>
        </extensions>
      </trkpt>
      <trkpt lat="30.6794753484427928924560546875" lon="103.89461240731179714202880859375">
        <ele>517.20001220703125</ele>
        <time>2026-09-11T23:37:32.000Z</time>
        <extensions>
          <ns3:TrackPointExtension>
            <ns3:hr>136</ns3:hr>
            <ns3:cad>82</ns3:cad>
          </ns3:TrackPointExtension>
        </extensions>
      </trkpt>
      <trkpt lat="30.6794746778905391693115234375" lon="103.89459530822932720184326171875">
        <ele>517.20001220703125</ele>
        <time>2026-09-11T23:37:33.000Z</time>
        <extensions>
          <ns3:TrackPointExtension>
            <ns3:hr>136</ns3:hr>
            <ns3:cad>82</ns3:cad>
          </ns3:TrackPointExtension>
        </extensions>
      </trkpt>
      <trkpt lat="30.679479204118251800537109375" lon="103.89456647448241710662841796875">
        <ele>517</ele>
        <time>2026-09-11T23:37:34.000Z</time>
        <extensions>
          <ns3:TrackPointExtension>
            <ns3:hr>136</ns3:hr>
            <ns3:cad>82</ns3:cad>
          </ns3:TrackPointExtension>
        </extensions>
      </trkpt>
      <trkpt lat="30.679480545222759246826171875" lon="103.89454702846705913543701171875">
        <ele>517</ele>
        <time>2026-09-11T23:37:35.000Z</time>
        <extensions>
          <ns3:TrackPointExtension>
            <ns3:hr>136</ns3:hr>
            <ns3:cad>82</ns3:cad>
          </ns3:TrackPointExtension>
        </extensions>
      </trkpt>
      <trkpt lat="30.6794867478311061859130859375" lon="103.8945301808416843414306640625">
        <ele>517</ele>
        <time>2026-09-11T23:37:36.000Z</time>
        <extensions>
          <ns3:TrackPointExtension>
            <ns3:hr>136</ns3:hr>
            <ns3:cad>82</ns3:cad>
          </ns3:TrackPointExtension>
        </extensions>
      </trkpt>
      <trkpt lat="30.67949286662042140960693359375" lon="103.89450578950345516204833984375">
        <ele>517</ele>
        <time>2026-09-11T23:37:37.000Z</time>
        <extensions>
          <ns3:TrackPointExtension>
            <ns3:hr>136</ns3:hr>
            <ns3:cad>82</ns3:cad>
          </ns3:TrackPointExtension>
        </extensions>
      </trkpt>
      <trkpt lat="30.67949957214295864105224609375" lon="103.89448919333517551422119140625">
        <ele>517</ele>
        <time>2026-09-11T23:37:38.000Z</time>
        <extensions>
          <ns3:TrackPointExtension>
            <ns3:hr>136</ns3:hr>
            <ns3:cad>81</ns3:cad>
          </ns3:TrackPointExtension>
        </extensions>
      </trkpt>
      <trkpt lat="30.67950409837067127227783203125" lon="103.89447477646172046661376953125">
        <ele>517</ele>
        <time>2026-09-11T23:37:39.000Z</time>
        <extensions>
          <ns3:TrackPointExtension>
            <ns3:hr>136</ns3:hr>
            <ns3:cad>81</ns3:cad>
          </ns3:TrackPointExtension>
        </extensions>
      </trkpt>
      <trkpt lat="30.679515413939952850341796875" lon="103.89445030130445957183837890625">
        <ele>517</ele>
        <time>2026-09-11T23:37:40.000Z</time>
        <extensions>
          <ns3:TrackPointExtension>
            <ns3:hr>135</ns3:hr>
            <ns3:cad>81</ns3:cad>
          </ns3:TrackPointExtension>
        </extensions>
      </trkpt>
      <trkpt lat="30.67952237091958522796630859375" lon="103.89443554915487766265869140625">
        <ele>517</ele>
        <time>2026-09-11T23:37:41.000Z</time>
        <extensions>
          <ns3:TrackPointExtension>
            <ns3:hr>135</ns3:hr>
            <ns3:cad>81</ns3:cad>
          </ns3:TrackPointExtension>
        </extensions>
      </trkpt>
      <trkpt lat="30.679528824985027313232421875" lon="103.89441492967307567596435546875">
        <ele>516.79998779296875</ele>
        <time>2026-09-11T23:37:42.000Z</time>
        <extensions>
          <ns3:TrackPointExtension>
            <ns3:hr>135</ns3:hr>
            <ns3:cad>81</ns3:cad>
          </ns3:TrackPointExtension>
        </extensions>
      </trkpt>
      <trkpt lat="30.67953578196465969085693359375" lon="103.8943890295922756195068359375">
        <ele>516.79998779296875</ele>
        <time>2026-09-11T23:37:43.000Z</time>
        <extensions>
          <ns3:TrackPointExtension>
            <ns3:hr>135</ns3:hr>
            <ns3:cad>81</ns3:cad>
          </ns3:TrackPointExtension>
        </extensions>
      </trkpt>
      <trkpt lat="30.679538547992706298828125" lon="103.89437687583267688751220703125">
        <ele>516.79998779296875</ele>
        <time>2026-09-11T23:37:44.000Z</time>
        <extensions>
          <ns3:TrackPointExtension>
            <ns3:hr>134</ns3:hr>
            <ns3:cad>81</ns3:cad>
          </ns3:TrackPointExtension>
        </extensions>
      </trkpt>
      <trkpt lat="30.67954114638268947601318359375" lon="103.89435105957090854644775390625">
        <ele>516.79998779296875</ele>
        <time>2026-09-11T23:37:45.000Z</time>
        <extensions>
          <ns3:TrackPointExtension>
            <ns3:hr>135</ns3:hr>
            <ns3:cad>81</ns3:cad>
          </ns3:TrackPointExtension>
        </extensions>
      </trkpt>
      <trkpt lat="30.6795222871005535125732421875" lon="103.89432909898459911346435546875">
        <ele>516.79998779296875</ele>
        <time>2026-09-11T23:37:46.000Z</time>
        <extensions>
          <ns3:TrackPointExtension>
            <ns3:hr>135</ns3:hr>
            <ns3:cad>81</ns3:cad>
          </ns3:TrackPointExtension>
        </extensions>
      </trkpt>
      <trkpt lat="30.6795229576528072357177734375" lon="103.89430512674152851104736328125">
        <ele>517</ele>
        <time>2026-09-11T23:37:47.000Z</time>
        <extensions>
          <ns3:TrackPointExtension>
            <ns3:hr>135</ns3:hr>
            <ns3:cad>81</ns3:cad>
          </ns3:TrackPointExtension>
        </extensions>
      </trkpt>
      <trkpt lat="30.67952639423310756683349609375" lon="103.89428132213652133941650390625">
        <ele>517</ele>
        <time>2026-09-11T23:37:48.000Z</time>
        <extensions>
          <ns3:TrackPointExtension>
            <ns3:hr>135</ns3:hr>
            <ns3:cad>81</ns3:cad>
          </ns3:TrackPointExtension>
        </extensions>
      </trkpt>
      <trkpt lat="30.67953024990856647491455078125" lon="103.8942616246640682220458984375">
        <ele>517</ele>
        <time>2026-09-11T23:37:49.000Z</time>
        <extensions>
          <ns3:TrackPointExtension>
            <ns3:hr>135</ns3:hr>
            <ns3:cad>81</ns3:cad>
          </ns3:TrackPointExtension>
        </extensions>
      </trkpt>
      <trkpt lat="30.6795289926230907440185546875" lon="103.89424477703869342803955078125">
        <ele>517</ele>
        <time>2026-09-11T23:37:50.000Z</time>
        <extensions>
          <ns3:TrackPointExtension>
            <ns3:hr>135</ns3:hr>
            <ns3:cad>82</ns3:cad>
          </ns3:TrackPointExtension>
        </extensions>
      </trkpt>
      <trkpt lat="30.6795346923172473907470703125" lon="103.89422080479562282562255859375">
        <ele>517</ele>
        <time>2026-09-11T23:37:51.000Z</time>
        <extensions>
          <ns3:TrackPointExtension>
            <ns3:hr>136</ns3:hr>
            <ns3:cad>82</ns3:cad>
          </ns3:TrackPointExtension>
        </extensions>
      </trkpt>
      <trkpt lat="30.679539553821086883544921875" lon="103.89420119114220142364501953125">
        <ele>516.79998779296875</ele>
        <time>2026-09-11T23:37:52.000Z</time>
        <extensions>
          <ns3:TrackPointExtension>
            <ns3:hr>135</ns3:hr>
            <ns3:cad>82</ns3:cad>
          </ns3:TrackPointExtension>
        </extensions>
      </trkpt>
      <trkpt lat="30.67953259684145450592041015625" lon="103.8941848464310169219970703125">
        <ele>516.79998779296875</ele>
        <time>2026-09-11T23:37:53.000Z</time>
        <extensions>
          <ns3:TrackPointExtension>
            <ns3:hr>135</ns3:hr>
            <ns3:cad>82</ns3:cad>
          </ns3:TrackPointExtension>
        </extensions>
      </trkpt>
      <trkpt lat="30.679523460566997528076171875" lon="103.894150815904140472412109375">
        <ele>516.79998779296875</ele>
        <time>2026-09-11T23:37:54.000Z</time>
        <extensions>
          <ns3:TrackPointExtension>
            <ns3:hr>136</ns3:hr>
            <ns3:cad>82</ns3:cad>
          </ns3:TrackPointExtension>
        </extensions>
      </trkpt>
      <trkpt lat="30.6795185990631580352783203125" lon="103.8941352255642414093017578125">
        <ele>516.79998779296875</ele>
        <time>2026-09-11T23:37:55.000Z</time>
        <extensions>
          <ns3:TrackPointExtension>
            <ns3:hr>135</ns3:hr>
            <ns3:cad>82</ns3:cad>
          </ns3:TrackPointExtension>
        </extensions>
      </trkpt>
      <trkpt lat="30.679510049521923065185546875" lon="103.8941161148250102996826171875">
        <ele>516.79998779296875</ele>
        <time>2026-09-11T23:37:56.000Z</time>
        <extensions>
          <ns3:TrackPointExtension>
            <ns3:hr>136</ns3:hr>
            <ns3:cad>81</ns3:cad>
          </ns3:TrackPointExtension>
        </extensions>
      </trkpt>
      <trkpt lat="30.67950309254229068756103515625" lon="103.8940881192684173583984375">
        <ele>516.79998779296875</ele>
        <time>2026-09-11T23:37:57.000Z</time>
        <extensions>
          <ns3:TrackPointExtension>
            <ns3:hr>136</ns3:hr>
            <ns3:cad>81</ns3:cad>
          </ns3:TrackPointExtension>
        </extensions>
      </trkpt>
      <trkpt lat="30.67949990741908550262451171875" lon="103.8940644823014736175537109375">
        <ele>516.5999755859375</ele>
        <time>2026-09-11T23:37:58.000Z</time>
        <extensions>
          <ns3:TrackPointExtension>
            <ns3:hr>136</ns3:hr>
            <ns3:cad>81</ns3:cad>
          </ns3:TrackPointExtension>
        </extensions>
      </trkpt>
      <trkpt lat="30.67950057797133922576904296875" lon="103.8940478861331939697265625">
        <ele>516.5999755859375</ele>
        <time>2026-09-11T23:37:59.000Z</time>
        <extensions>
          <ns3:TrackPointExtension>
            <ns3:hr>137</ns3:hr>
            <ns3:cad>81</ns3:cad>
          </ns3:TrackPointExtension>
        </extensions>
      </trkpt>
      <trkpt lat="30.67950091324746608734130859375" lon="103.89402902685105800628662109375">
        <ele>516.5999755859375</ele>
        <time>2026-09-11T23:38:00.000Z</time>
        <extensions>
          <ns3:TrackPointExtension>
            <ns3:hr>137</ns3:hr>
            <ns3:cad>80</ns3:cad>
          </ns3:TrackPointExtension>
        </extensions>
      </trkpt>
      <trkpt lat="30.67949898540973663330078125" lon="103.894012682139873504638671875">
        <ele>516.5999755859375</ele>
        <time>2026-09-11T23:38:01.000Z</time>
        <extensions>
          <ns3:TrackPointExtension>
            <ns3:hr>137</ns3:hr>
            <ns3:cad>80</ns3:cad>
          </ns3:TrackPointExtension>
        </extensions>
      </trkpt>
      <trkpt lat="30.67950108088552951812744140625" lon="103.89398963190615177154541015625">
        <ele>516.5999755859375</ele>
        <time>2026-09-11T23:38:02.000Z</time>
        <extensions>
          <ns3:TrackPointExtension>
            <ns3:hr>137</ns3:hr>
            <ns3:cad>80</ns3:cad>
          </ns3:TrackPointExtension>
        </extensions>
      </trkpt>
      <trkpt lat="30.6795021705329418182373046875" lon="103.89396130107343196868896484375">
        <ele>516.5999755859375</ele>
        <time>2026-09-11T23:38:03.000Z</time>
        <extensions>
          <ns3:TrackPointExtension>
            <ns3:hr>138</ns3:hr>
            <ns3:cad>81</ns3:cad>
          </ns3:TrackPointExtension>
        </extensions>
      </trkpt>
      <trkpt lat="30.6794996559619903564453125" lon="103.89394084922969341278076171875">
        <ele>516.5999755859375</ele>
        <time>2026-09-11T23:38:04.000Z</time>
        <extensions>
          <ns3:TrackPointExtension>
            <ns3:hr>138</ns3:hr>
            <ns3:cad>81</ns3:cad>
          </ns3:TrackPointExtension>
        </extensions>
      </trkpt>
      <trkpt lat="30.6795011647045612335205078125" lon="103.89391754753887653350830078125">
        <ele>516.5999755859375</ele>
        <time>2026-09-11T23:38:05.000Z</time>
        <extensions>
          <ns3:TrackPointExtension>
            <ns3:hr>138</ns3:hr>
            <ns3:cad>81</ns3:cad>
          </ns3:TrackPointExtension>
        </extensions>
      </trkpt>
      <trkpt lat="30.6795038469135761260986328125" lon="103.89389558695256710052490234375">
        <ele>516.5999755859375</ele>
        <time>2026-09-11T23:38:06.000Z</time>
        <extensions>
          <ns3:TrackPointExtension>
            <ns3:hr>138</ns3:hr>
            <ns3:cad>81</ns3:cad>
          </ns3:TrackPointExtension>
        </extensions>
      </trkpt>
      <trkpt lat="30.67950426600873470306396484375" lon="103.89388049952685832977294921875">
        <ele>516.4000244140625</ele>
        <time>2026-09-11T23:38:07.000Z</time>
        <extensions>
          <ns3:TrackPointExtension>
            <ns3:hr>138</ns3:hr>
            <ns3:cad>81</ns3:cad>
          </ns3:TrackPointExtension>
        </extensions>
      </trkpt>
      <trkpt lat="30.67950971424579620361328125" lon="103.89386323280632495880126953125">
        <ele>516.4000244140625</ele>
        <time>2026-09-11T23:38:08.000Z</time>
        <extensions>
          <ns3:TrackPointExtension>
            <ns3:hr>139</ns3:hr>
            <ns3:cad>80</ns3:cad>
          </ns3:TrackPointExtension>
        </extensions>
      </trkpt>
      <trkpt lat="30.67951507866382598876953125" lon="103.89384278096258640289306640625">
        <ele>516.4000244140625</ele>
        <time>2026-09-11T23:38:09.000Z</time>
        <extensions>
          <ns3:TrackPointExtension>
            <ns3:hr>138</ns3:hr>
            <ns3:cad>80</ns3:cad>
          </ns3:TrackPointExtension>
        </extensions>
      </trkpt>
      <trkpt lat="30.679518766701221466064453125" lon="103.89382836408913135528564453125">
        <ele>516.5999755859375</ele>
        <time>2026-09-11T23:38:10.000Z</time>
        <extensions>
          <ns3:TrackPointExtension>
            <ns3:hr>138</ns3:hr>
            <ns3:cad>80</ns3:cad>
          </ns3:TrackPointExtension>
        </extensions>
      </trkpt>
      <trkpt lat="30.67952471785247325897216796875" lon="103.89380506239831447601318359375">
        <ele>516.5999755859375</ele>
        <time>2026-09-11T23:38:11.000Z</time>
        <extensions>
          <ns3:TrackPointExtension>
            <ns3:hr>138</ns3:hr>
            <ns3:cad>80</ns3:cad>
          </ns3:TrackPointExtension>
        </extensions>
      </trkpt>
      <trkpt lat="30.679526813328266143798828125" lon="103.8937875442206859588623046875">
        <ele>516.5999755859375</ele>
        <time>2026-09-11T23:38:12.000Z</time>
        <extensions>
          <ns3:TrackPointExtension>
            <ns3:hr>138</ns3:hr>
            <ns3:cad>81</ns3:cad>
          </ns3:TrackPointExtension>
        </extensions>
      </trkpt>
      <trkpt lat="30.6795251369476318359375" lon="103.89377203769981861114501953125">
        <ele>516.5999755859375</ele>
        <time>2026-09-11T23:38:13.000Z</time>
        <extensions>
          <ns3:TrackPointExtension>
            <ns3:hr>138</ns3:hr>
            <ns3:cad>81</ns3:cad>
          </ns3:TrackPointExtension>
        </extensions>
      </trkpt>
      <trkpt lat="30.679523460566997528076171875" lon="103.893765918910503387451171875">
        <ele>516.79998779296875</ele>
        <time>2026-09-11T23:38:14.000Z</time>
        <extensions>
          <ns3:TrackPointExtension>
            <ns3:hr>137</ns3:hr>
            <ns3:cad>81</ns3:cad>
          </ns3:TrackPointExtension>
        </extensions>
      </trkpt>
      <trkpt lat="30.6795222871005535125732421875" lon="103.8937600515782833099365234375">
        <ele>516.79998779296875</ele>
        <time>2026-09-11T23:38:15.000Z</time>
        <extensions>
          <ns3:TrackPointExtension>
            <ns3:hr>137</ns3:hr>
            <ns3:cad>81</ns3:cad>
          </ns3:TrackPointExtension>
        </extensions>
      </trkpt>
      <trkpt lat="30.67952044308185577392578125" lon="103.89375812374055385589599609375">
        <ele>516.79998779296875</ele>
        <time>2026-09-11T23:38:16.000Z</time>
        <extensions>
          <ns3:TrackPointExtension>
            <ns3:hr>137</ns3:hr>
            <ns3:cad>81</ns3:cad>
          </ns3:TrackPointExtension>
        </extensions>
      </trkpt>
      <trkpt lat="30.67951667122542858123779296875" lon="103.89375627972185611724853515625">
        <ele>516.79998779296875</ele>
        <time>2026-09-11T23:38:17.000Z</time>
        <extensions>
          <ns3:TrackPointExtension>
            <ns3:hr>137</ns3:hr>
            <ns3:cad>81</ns3:cad>
          </ns3:TrackPointExtension>
        </extensions>
      </trkpt>
      <trkpt lat="30.67951415665447711944580078125" lon="103.893754519522190093994140625">
        <ele>516.79998779296875</ele>
        <time>2026-09-11T23:38:18.000Z</time>
        <extensions>
          <ns3:TrackPointExtension>
            <ns3:hr>137</ns3:hr>
            <ns3:cad>81</ns3:cad>
          </ns3:TrackPointExtension>
        </extensions>
      </trkpt>
      <trkpt lat="30.6795128993690013885498046875" lon="103.893755860626697540283203125">
        <ele>516.5999755859375</ele>
        <time>2026-09-11T23:38:19.000Z</time>
        <extensions>
          <ns3:TrackPointExtension>
            <ns3:hr>136</ns3:hr>
            <ns3:cad>0</ns3:cad>
          </ns3:TrackPointExtension>
        </extensions>
      </trkpt>
      <trkpt lat="30.67951197735965251922607421875" lon="103.89375410042703151702880859375">
        <ele>516.5999755859375</ele>
        <time>2026-09-11T23:38:20.000Z</time>
        <extensions>
          <ns3:TrackPointExtension>
            <ns3:hr>136</ns3:hr>
            <ns3:cad>0</ns3:cad>
          </ns3:TrackPointExtension>
        </extensions>
      </trkpt>
      <trkpt lat="30.6795092113316059112548828125" lon="103.89375577680766582489013671875">
        <ele>516.4000244140625</ele>
        <time>2026-09-11T23:38:21.000Z</time>
        <extensions>
          <ns3:TrackPointExtension>
            <ns3:hr>135</ns3:hr>
            <ns3:cad>0</ns3:cad>
          </ns3:TrackPointExtension>
        </extensions>
      </trkpt>
      <trkpt lat="30.67950560711324214935302734375" lon="103.8937597163021564483642578125">
        <ele>516.5999755859375</ele>
        <time>2026-09-11T23:38:22.000Z</time>
        <extensions>
          <ns3:TrackPointExtension>
            <ns3:hr>135</ns3:hr>
            <ns3:cad>0</ns3:cad>
          </ns3:TrackPointExtension>
        </extensions>
      </trkpt>
      <trkpt lat="30.679510049521923065185546875" lon="103.893759883940219879150390625">
        <ele>516.5999755859375</ele>
        <time>2026-09-11T23:38:23.000Z</time>
        <extensions>
          <ns3:TrackPointExtension>
            <ns3:hr>134</ns3:hr>
            <ns3:cad>0</ns3:cad>
          </ns3:TrackPointExtension>
        </extensions>
      </trkpt>
      <trkpt lat="30.67951080389320850372314453125" lon="103.8937650807201862335205078125">
        <ele>516.5999755859375</ele>
        <time>2026-09-11T23:38:24.000Z</time>
        <extensions>
          <ns3:TrackPointExtension>
            <ns3:hr>134</ns3:hr>
            <ns3:cad>0</ns3:cad>
          </ns3:TrackPointExtension>
        </extensions>
      </trkpt>
      <trkpt lat="30.679511725902557373046875" lon="103.8937744684517383575439453125">
        <ele>516.5999755859375</ele>
        <time>2026-09-11T23:38:25.000Z</time>
        <extensions>
          <ns3:TrackPointExtension>
            <ns3:hr>134</ns3:hr>
            <ns3:cad>0</ns3:cad>
          </ns3:TrackPointExtension>
        </extensions>
      </trkpt>
      <trkpt lat="30.679514743387699127197265625" lon="103.8937821798026561737060546875">
        <ele>516.5999755859375</ele>
        <time>2026-09-11T23:38:26.000Z</time>
        <extensions>
          <ns3:TrackPointExtension>
            <ns3:hr>133</ns3:hr>
            <ns3:cad>0</ns3:cad>
          </ns3:TrackPointExtension>
        </extensions>
      </trkpt>
      <trkpt lat="30.67951717413961887359619140625" lon="103.89378427527844905853271484375">
        <ele>516.4000244140625</ele>
        <time>2026-09-11T23:38:27.000Z</time>
        <extensions>
          <ns3:TrackPointExtension>
            <ns3:hr>133</ns3:hr>
            <ns3:cad>0</ns3:cad>
          </ns3:TrackPointExtension>
        </extensions>
      </trkpt>
      <trkpt lat="30.67951985634863376617431640625" lon="103.89378167688846588134765625">
        <ele>516.4000244140625</ele>
        <time>2026-09-11T23:38:28.000Z</time>
        <extensions>
          <ns3:TrackPointExtension>
            <ns3:hr>133</ns3:hr>
            <ns3:cad>0</ns3:cad>
          </ns3:TrackPointExtension>
        </extensions>
      </trkpt>
      <trkpt lat="30.67952320910990238189697265625" lon="103.89377974905073642730712890625">
        <ele>516.4000244140625</ele>
        <time>2026-09-11T23:38:29.000Z</time>
        <extensions>
          <ns3:TrackPointExtension>
            <ns3:hr>133</ns3:hr>
            <ns3:cad>0</ns3:cad>
          </ns3:TrackPointExtension>
        </extensions>
      </trkpt>
      <trkpt lat="30.67952589131891727447509765625" lon="103.89377824030816555023193359375">
        <ele>516.5999755859375</ele>
        <time>2026-09-11T23:38:30.000Z</time>
        <extensions>
          <ns3:TrackPointExtension>
            <ns3:hr>133</ns3:hr>
            <ns3:cad>0</ns3:cad>
          </ns3:TrackPointExtension>
        </extensions>
      </trkpt>
      <trkpt lat="30.6795246340334415435791015625" lon="103.8937748037278652191162109375">
        <ele>516.4000244140625</ele>
        <time>2026-09-11T23:38:31.000Z</time>
        <extensions>
          <ns3:TrackPointExtension>
            <ns3:hr>133</ns3:hr>
            <ns3:cad>0</ns3:cad>
          </ns3:TrackPointExtension>
        </extensions>
      </trkpt>
      <trkpt lat="30.67952438257634639739990234375" lon="103.89377371408045291900634765625">
        <ele>516.4000244140625</ele>
        <time>2026-09-11T23:38:32.000Z</time>
        <extensions>
          <ns3:TrackPointExtension>
            <ns3:hr>133</ns3:hr>
            <ns3:cad>0</ns3:cad>
          </ns3:TrackPointExtension>
        </extensions>
      </trkpt>
      <trkpt lat="30.679524801671504974365234375" lon="103.8937748037278652191162109375">
        <ele>516.4000244140625</ele>
        <time>2026-09-11T23:38:33.000Z</time>
        <extensions>
          <ns3:TrackPointExtension>
            <ns3:hr>133</ns3:hr>
            <ns3:cad>0</ns3:cad>
          </ns3:TrackPointExtension>
        </extensions>
      </trkpt>
      <trkpt lat="30.67952421493828296661376953125" lon="103.89377019368112087249755859375">
        <ele>516.4000244140625</ele>
        <time>2026-09-11T23:38:34.000Z</time>
        <extensions>
          <ns3:TrackPointExtension>
            <ns3:hr>132</ns3:hr>
            <ns3:cad>0</ns3:cad>
          </ns3:TrackPointExtension>
        </extensions>
      </trkpt>
      <trkpt lat="30.67952371202409267425537109375" lon="103.89376868493854999542236328125">
        <ele>516.4000244140625</ele>
        <time>2026-09-11T23:38:35.000Z</time>
        <extensions>
          <ns3:TrackPointExtension>
            <ns3:hr>132</ns3:hr>
            <ns3:cad>0</ns3:cad>
          </ns3:TrackPointExtension>
        </extensions>
      </trkpt>
      <trkpt lat="30.67952371202409267425537109375" lon="103.89376868493854999542236328125">
        <ele>516.4000244140625</ele>
        <time>2026-09-11T23:38:36.000Z</time>
        <extensions>
          <ns3:TrackPointExtension>
            <ns3:hr>132</ns3:hr>
            <ns3:cad>0</ns3:cad>
          </ns3:TrackPointExtension>
        </extensions>
      </trkpt>
      <trkpt lat="30.67952371202409267425537109375" lon="103.89376868493854999542236328125">
        <ele>516.4000244140625</ele>
        <time>2026-09-11T23:38:37.000Z</time>
        <extensions>
          <ns3:TrackPointExtension>
            <ns3:hr>131</ns3:hr>
            <ns3:cad>0</ns3:cad>
          </ns3:TrackPointExtension>
        </extensions>
      </trkpt>
      <trkpt lat="30.67952371202409267425537109375" lon="103.89376868493854999542236328125">
        <ele>516.4000244140625</ele>
        <time>2026-09-11T23:38:38.000Z</time>
        <extensions>
          <ns3:TrackPointExtension>
            <ns3:hr>131</ns3:hr>
            <ns3:cad>0</ns3:cad>
          </ns3:TrackPointExtension>
        </extensions>
      </trkpt>
      <trkpt lat="30.67952371202409267425537109375" lon="103.89376868493854999542236328125">
        <ele>516.4000244140625</ele>
        <time>2026-09-11T23:38:39.000Z</time>
        <extensions>
          <ns3:TrackPointExtension>
            <ns3:hr>131</ns3:hr>
            <ns3:cad>0</ns3:cad>
          </ns3:TrackPointExtension>
        </extensions>
      </trkpt>
      <trkpt lat="30.67952371202409267425537109375" lon="103.89376868493854999542236328125">
        <ele>516.4000244140625</ele>
        <time>2026-09-11T23:38:40.000Z</time>
        <extensions>
          <ns3:TrackPointExtension>
            <ns3:hr>131</ns3:hr>
            <ns3:cad>0</ns3:cad>
          </ns3:TrackPointExtension>
        </extensions>
      </trkpt>
      <trkpt lat="30.67952371202409267425537109375" lon="103.89376868493854999542236328125">
        <ele>516.20001220703125</ele>
        <time>2026-09-11T23:38:41.000Z</time>
        <extensions>
          <ns3:TrackPointExtension>
            <ns3:hr>130</ns3:hr>
            <ns3:cad>0</ns3:cad>
          </ns3:TrackPointExtension>
        </extensions>
      </trkpt>
      <trkpt lat="30.67952371202409267425537109375" lon="103.89376868493854999542236328125">
        <ele>516.20001220703125</ele>
        <time>2026-09-11T23:38:42.000Z</time>
        <extensions>
          <ns3:TrackPointExtension>
            <ns3:hr>130</ns3:hr>
            <ns3:cad>0</ns3:cad>
          </ns3:TrackPointExtension>
        </extensions>
      </trkpt>
      <trkpt lat="30.67952371202409267425537109375" lon="103.89376868493854999542236328125">
        <ele>516.20001220703125</ele>
        <time>2026-09-11T23:38:43.000Z</time>
        <extensions>
          <ns3:TrackPointExtension>
            <ns3:hr>130</ns3:hr>
            <ns3:cad>0</ns3:cad>
          </ns3:TrackPointExtension>
        </extensions>
      </trkpt>
      <trkpt lat="30.67952371202409267425537109375" lon="103.89376868493854999542236328125">
        <ele>516.20001220703125</ele>
        <time>2026-09-11T23:38:44.000Z</time>
        <extensions>
          <ns3:TrackPointExtension>
            <ns3:hr>130</ns3:hr>
            <ns3:cad>0</ns3:cad>
          </ns3:TrackPointExtension>
        </extensions>
      </trkpt>
      <trkpt lat="30.67952371202409267425537109375" lon="103.89376868493854999542236328125">
        <ele>516.20001220703125</ele>
        <time>2026-09-11T23:38:45.000Z</time>
        <extensions>
          <ns3:TrackPointExtension>
            <ns3:hr>130</ns3:hr>
            <ns3:cad>0</ns3:cad>
          </ns3:TrackPointExtension>
        </extensions>
      </trkpt>
      <trkpt lat="30.67952371202409267425537109375" lon="103.89376868493854999542236328125">
        <ele>516.20001220703125</ele>
        <time>2026-09-11T23:38:46.000Z</time>
        <extensions>
          <ns3:TrackPointExtension>
            <ns3:hr>128</ns3:hr>
            <ns3:cad>0</ns3:cad>
          </ns3:TrackPointExtension>
        </extensions>
      </trkpt>
      <trkpt lat="30.67952371202409267425537109375" lon="103.89376868493854999542236328125">
        <ele>516.4000244140625</ele>
        <time>2026-09-11T23:38:47.000Z</time>
        <extensions>
          <ns3:TrackPointExtension>
            <ns3:hr>128</ns3:hr>
            <ns3:cad>0</ns3:cad>
          </ns3:TrackPointExtension>
        </extensions>
      </trkpt>
      <trkpt lat="30.67952371202409267425537109375" lon="103.89376868493854999542236328125">
        <ele>516.4000244140625</ele>
        <time>2026-09-11T23:38:48.000Z</time>
        <extensions>
          <ns3:TrackPointExtension>
            <ns3:hr>127</ns3:hr>
            <ns3:cad>0</ns3:cad>
          </ns3:TrackPointExtension>
        </extensions>
      </trkpt>
      <trkpt lat="30.67952371202409267425537109375" lon="103.89376868493854999542236328125">
        <ele>516.20001220703125</ele>
        <time>2026-09-11T23:38:49.000Z</time>
        <extensions>
          <ns3:TrackPointExtension>
            <ns3:hr>126</ns3:hr>
            <ns3:cad>0</ns3:cad>
          </ns3:TrackPointExtension>
        </extensions>
      </trkpt>
      <trkpt lat="30.67952371202409267425537109375" lon="103.89376868493854999542236328125">
        <ele>516.20001220703125</ele>
        <time>2026-09-11T23:38:50.000Z</time>
        <extensions>
          <ns3:TrackPointExtension>
            <ns3:hr>126</ns3:hr>
            <ns3:cad>0</ns3:cad>
          </ns3:TrackPointExtension>
        </extensions>
      </trkpt>
      <trkpt lat="30.67952371202409267425537109375" lon="103.89376868493854999542236328125">
        <ele>516.4000244140625</ele>
        <time>2026-09-11T23:38:51.000Z</time>
        <extensions>
          <ns3:TrackPointExtension>
            <ns3:hr>126</ns3:hr>
            <ns3:cad>0</ns3:cad>
          </ns3:TrackPointExtension>
        </extensions>
      </trkpt>
      <trkpt lat="30.67952371202409267425537109375" lon="103.89376868493854999542236328125">
        <ele>516.4000244140625</ele>
        <time>2026-09-11T23:38:52.000Z</time>
        <extensions>
          <ns3:TrackPointExtension>
            <ns3:hr>126</ns3:hr>
            <ns3:cad>0</ns3:cad>
          </ns3:TrackPointExtension>
        </extensions>
      </trkpt>
      <trkpt lat="30.67952371202409267425537109375" lon="103.89376868493854999542236328125">
        <ele>516.4000244140625</ele>
        <time>2026-09-11T23:38:53.000Z</time>
        <extensions>
          <ns3:TrackPointExtension>
            <ns3:hr>125</ns3:hr>
            <ns3:cad>0</ns3:cad>
          </ns3:TrackPointExtension>
        </extensions>
      </trkpt>
      <trkpt lat="30.67952371202409267425537109375" lon="103.89376868493854999542236328125">
        <ele>516.4000244140625</ele>
        <time>2026-09-11T23:38:54.000Z</time>
        <extensions>
          <ns3:TrackPointExtension>
            <ns3:hr>125</ns3:hr>
            <ns3:cad>0</ns3:cad>
          </ns3:TrackPointExtension>
        </extensions>
      </trkpt>
      <trkpt lat="30.67952371202409267425537109375" lon="103.89376868493854999542236328125">
        <ele>516.4000244140625</ele>
        <time>2026-09-11T23:38:55.000Z</time>
        <extensions>
          <ns3:TrackPointExtension>
            <ns3:hr>125</ns3:hr>
            <ns3:cad>0</ns3:cad>
          </ns3:TrackPointExtension>
        </extensions>
      </trkpt>
      <trkpt lat="30.67952371202409267425537109375" lon="103.89376868493854999542236328125">
        <ele>516.4000244140625</ele>
        <time>2026-09-11T23:38:56.000Z</time>
        <extensions>
          <ns3:TrackPointExtension>
            <ns3:hr>125</ns3:hr>
            <ns3:cad>0</ns3:cad>
          </ns3:TrackPointExtension>
        </extensions>
      </trkpt>
      <trkpt lat="30.67953175865113735198974609375" lon="103.89377539046108722686767578125">
        <ele>516.20001220703125</ele>
        <time>2026-09-11T23:38:57.000Z</time>
        <extensions>
          <ns3:TrackPointExtension>
            <ns3:hr>124</ns3:hr>
            <ns3:cad>0</ns3:cad>
          </ns3:TrackPointExtension>
        </extensions>
      </trkpt>
      <trkpt lat="30.67953511141240596771240234375" lon="103.8937784917652606964111328125">
        <ele>516.4000244140625</ele>
        <time>2026-09-11T23:38:58.000Z</time>
        <extensions>
          <ns3:TrackPointExtension>
            <ns3:hr>124</ns3:hr>
            <ns3:cad>0</ns3:cad>
          </ns3:TrackPointExtension>
        </extensions>
      </trkpt>
      <trkpt lat="30.67953745834529399871826171875" lon="103.89378678984940052032470703125">
        <ele>516.4000244140625</ele>
        <time>2026-09-11T23:38:59.000Z</time>
        <extensions>
          <ns3:TrackPointExtension>
            <ns3:hr>123</ns3:hr>
            <ns3:cad>0</ns3:cad>
          </ns3:TrackPointExtension>
        </extensions>
      </trkpt>
      <trkpt lat="30.6795336864888668060302734375" lon="103.8937908969819545745849609375">
        <ele>516.4000244140625</ele>
        <time>2026-09-11T23:39:00.000Z</time>
        <extensions>
          <ns3:TrackPointExtension>
            <ns3:hr>123</ns3:hr>
            <ns3:cad>0</ns3:cad>
          </ns3:TrackPointExtension>
        </extensions>
      </trkpt>
      <trkpt lat="30.67952890880405902862548828125" lon="103.8937929086387157440185546875">
        <ele>516.4000244140625</ele>
        <time>2026-09-11T23:39:01.000Z</time>
        <extensions>
          <ns3:TrackPointExtension>
            <ns3:hr>123</ns3:hr>
            <ns3:cad>0</ns3:cad>
          </ns3:TrackPointExtension>
        </extensions>
      </trkpt>
      <trkpt lat="30.67952446639537811279296875" lon="103.893786035478115081787109375">
        <ele>516.5999755859375</ele>
        <time>2026-09-11T23:39:02.000Z</time>
        <extensions>
          <ns3:TrackPointExtension>
            <ns3:hr>123</ns3:hr>
            <ns3:cad>0</ns3:cad>
          </ns3:TrackPointExtension>
        </extensions>
      </trkpt>
      <trkpt lat="30.67952069453895092010498046875" lon="103.89377220533788204193115234375">
        <ele>516.5999755859375</ele>
        <time>2026-09-11T23:39:03.000Z</time>
        <extensions>
          <ns3:TrackPointExtension>
            <ns3:hr>123</ns3:hr>
            <ns3:cad>0</ns3:cad>
          </ns3:TrackPointExtension>
        </extensions>
      </trkpt>
      <trkpt lat="30.6795206107199192047119140625" lon="103.8937530107796192169189453125">
        <ele>516.5999755859375</ele>
        <time>2026-09-11T23:39:04.000Z</time>
        <extensions>
          <ns3:TrackPointExtension>
            <ns3:hr>123</ns3:hr>
            <ns3:cad>0</ns3:cad>
          </ns3:TrackPointExtension>
        </extensions>
      </trkpt>
      <trkpt lat="30.67951616831123828887939453125" lon="103.89372593723237514495849609375">
        <ele>516.5999755859375</ele>
        <time>2026-09-11T23:39:05.000Z</time>
        <extensions>
          <ns3:TrackPointExtension>
            <ns3:hr>123</ns3:hr>
            <ns3:cad>0</ns3:cad>
          </ns3:TrackPointExtension>
        </extensions>
      </trkpt>
      <trkpt lat="30.67951180972158908843994140625" lon="103.89369509182870388031005859375">
        <ele>516.5999755859375</ele>
        <time>2026-09-11T23:39:06.000Z</time>
        <extensions>
          <ns3:TrackPointExtension>
            <ns3:hr>122</ns3:hr>
            <ns3:cad>0</ns3:cad>
          </ns3:TrackPointExtension>
        </extensions>
      </trkpt>
      <trkpt lat="30.67951264791190624237060546875" lon="103.89366676099598407745361328125">
        <ele>516.4000244140625</ele>
        <time>2026-09-11T23:39:07.000Z</time>
        <extensions>
          <ns3:TrackPointExtension>
            <ns3:hr>122</ns3:hr>
            <ns3:cad>0</ns3:cad>
          </ns3:TrackPointExtension>
        </extensions>
      </trkpt>
      <trkpt lat="30.679510720074176788330078125" lon="103.8936333172023296356201171875">
        <ele>516.4000244140625</ele>
        <time>2026-09-11T23:39:08.000Z</time>
        <extensions>
          <ns3:TrackPointExtension>
            <ns3:hr>122</ns3:hr>
            <ns3:cad>0</ns3:cad>
          </ns3:TrackPointExtension>
        </extensions>
      </trkpt>
      <trkpt lat="30.6795095466077327728271484375" lon="103.89359853230416774749755859375">
        <ele>516.4000244140625</ele>
        <time>2026-09-11T23:39:09.000Z</time>
        <extensions>
          <ns3:TrackPointExtension>
            <ns3:hr>122</ns3:hr>
            <ns3:cad>0</ns3:cad>
          </ns3:TrackPointExtension>
        </extensions>
      </trkpt>
      <trkpt lat="30.6795085407793521881103515625" lon="103.89355863444507122039794921875">
        <ele>516.4000244140625</ele>
        <time>2026-09-11T23:39:10.000Z</time>
        <extensions>
          <ns3:TrackPointExtension>
            <ns3:hr>122</ns3:hr>
            <ns3:cad>0</ns3:cad>
          </ns3:TrackPointExtension>
        </extensions>
      </trkpt>
      <trkpt lat="30.67950728349387645721435546875" lon="103.893518485128879547119140625">
        <ele>516.4000244140625</ele>
        <time>2026-09-11T23:39:11.000Z</time>
        <extensions>
          <ns3:TrackPointExtension>
            <ns3:hr>122</ns3:hr>
            <ns3:cad>0</ns3:cad>
          </ns3:TrackPointExtension>
        </extensions>
      </trkpt>
      <trkpt lat="30.6795068643987178802490234375" lon="103.893480598926544189453125">
        <ele>516.20001220703125</ele>
        <time>2026-09-11T23:39:12.000Z</time>
        <extensions>
          <ns3:TrackPointExtension>
            <ns3:hr>121</ns3:hr>
            <ns3:cad>0</ns3:cad>
          </ns3:TrackPointExtension>
        </extensions>
      </trkpt>
      <trkpt lat="30.6795051880180835723876953125" lon="103.8934412039816379547119140625">
        <ele>516.20001220703125</ele>
        <time>2026-09-11T23:39:13.000Z</time>
        <extensions>
          <ns3:TrackPointExtension>
            <ns3:hr>121</ns3:hr>
            <ns3:cad>0</ns3:cad>
          </ns3:TrackPointExtension>
        </extensions>
      </trkpt>
      <trkpt lat="30.67950703203678131103515625" lon="103.89340675435960292816162109375">
        <ele>516.20001220703125</ele>
        <time>2026-09-11T23:39:14.000Z</time>
        <extensions>
          <ns3:TrackPointExtension>
            <ns3:hr>120</ns3:hr>
            <ns3:cad>0</ns3:cad>
          </ns3:TrackPointExtension>
        </extensions>
      </trkpt>
      <trkpt lat="30.6795105524361133575439453125" lon="103.89336937107145786285400390625">
        <ele>516.20001220703125</ele>
        <time>2026-09-11T23:39:15.000Z</time>
        <extensions>
          <ns3:TrackPointExtension>
            <ns3:hr>120</ns3:hr>
            <ns3:cad>0</ns3:cad>
          </ns3:TrackPointExtension>
        </extensions>
      </trkpt>
      <trkpt lat="30.679522119462490081787109375" lon="103.89333651401102542877197265625">
        <ele>516.4000244140625</ele>
        <time>2026-09-11T23:39:16.000Z</time>
        <extensions>
          <ns3:TrackPointExtension>
            <ns3:hr>120</ns3:hr>
            <ns3:cad>0</ns3:cad>
          </ns3:TrackPointExtension>
        </extensions>
      </trkpt>
      <trkpt lat="30.67953645251691341400146484375" lon="103.893301226198673248291015625">
        <ele>516.4000244140625</ele>
        <time>2026-09-11T23:39:17.000Z</time>
        <extensions>
          <ns3:TrackPointExtension>
            <ns3:hr>119</ns3:hr>
            <ns3:cad>0</ns3:cad>
          </ns3:TrackPointExtension>
        </extensions>
      </trkpt>
      <trkpt lat="30.6795444153249263763427734375" lon="103.89326795004308223724365234375">
        <ele>516.4000244140625</ele>
        <time>2026-09-11T23:39:18.000Z</time>
        <extensions>
          <ns3:TrackPointExtension>
            <ns3:hr>119</ns3:hr>
            <ns3:cad>0</ns3:cad>
          </ns3:TrackPointExtension>
        </extensions>
      </trkpt>
      <trkpt lat="30.67954818718135356903076171875" lon="103.893229477107524871826171875">
        <ele>516.4000244140625</ele>
        <time>2026-09-11T23:39:19.000Z</time>
        <extensions>
          <ns3:TrackPointExtension>
            <ns3:hr>118</ns3:hr>
            <ns3:cad>0</ns3:cad>
          </ns3:TrackPointExtension>
        </extensions>
      </trkpt>
      <trkpt lat="30.679551623761653900146484375" lon="103.89319117181003093719482421875">
        <ele>516.4000244140625</ele>
        <time>2026-09-11T23:39:20.000Z</time>
        <extensions>
          <ns3:TrackPointExtension>
            <ns3:hr>117</ns3:hr>
            <ns3:cad>0</ns3:cad>
          </ns3:TrackPointExtension>
        </extensions>
      </trkpt>
      <trkpt lat="30.67955472506582736968994140625" lon="103.8931493461132049560546875">
        <ele>516.4000244140625</ele>
        <time>2026-09-11T23:39:21.000Z</time>
        <extensions>
          <ns3:TrackPointExtension>
            <ns3:hr>117</ns3:hr>
            <ns3:cad>0</ns3:cad>
          </ns3:TrackPointExtension>
        </extensions>
      </trkpt>
      <trkpt lat="30.67955405451357364654541015625" lon="103.89310500584542751312255859375">
        <ele>516.4000244140625</ele>
        <time>2026-09-11T23:39:22.000Z</time>
        <extensions>
          <ns3:TrackPointExtension>
            <ns3:hr>117</ns3:hr>
            <ns3:cad>0</ns3:cad>
          </ns3:TrackPointExtension>
        </extensions>
      </trkpt>
      <trkpt lat="30.679552964866161346435546875" lon="103.89305748045444488525390625">
        <ele>516.4000244140625</ele>
        <time>2026-09-11T23:39:23.000Z</time>
        <extensions>
          <ns3:TrackPointExtension>
            <ns3:hr>116</ns3:hr>
            <ns3:cad>0</ns3:cad>
          </ns3:TrackPointExtension>
        </extensions>
      </trkpt>
      <trkpt lat="30.6795533001422882080078125" lon="103.89301079325377941131591796875">
        <ele>516.4000244140625</ele>
        <time>2026-09-11T23:39:24.000Z</time>
        <extensions>
          <ns3:TrackPointExtension>
            <ns3:hr>117</ns3:hr>
            <ns3:cad>0</ns3:cad>
          </ns3:TrackPointExtension>
        </extensions>
      </trkpt>
      <trkpt lat="30.6795551441609859466552734375" lon="103.89296402223408222198486328125">
        <ele>516.4000244140625</ele>
        <time>2026-09-11T23:39:25.000Z</time>
        <extensions>
          <ns3:TrackPointExtension>
            <ns3:hr>117</ns3:hr>
            <ns3:cad>0</ns3:cad>
          </ns3:TrackPointExtension>
        </extensions>
      </trkpt>
      <trkpt lat="30.67955690436065196990966796875" lon="103.89291574247181415557861328125">
        <ele>516.4000244140625</ele>
        <time>2026-09-11T23:39:26.000Z</time>
        <extensions>
          <ns3:TrackPointExtension>
            <ns3:hr>118</ns3:hr>
            <ns3:cad>0</ns3:cad>
          </ns3:TrackPointExtension>
        </extensions>
      </trkpt>
      <trkpt lat="30.6795613467693328857421875" lon="103.89286964200437068939208984375">
        <ele>516.20001220703125</ele>
        <time>2026-09-11T23:39:27.000Z</time>
        <extensions>
          <ns3:TrackPointExtension>
            <ns3:hr>118</ns3:hr>
            <ns3:cad>0</ns3:cad>
          </ns3:TrackPointExtension>
        </extensions>
      </trkpt>
      <trkpt lat="30.6795658729970455169677734375" lon="103.89282404445111751556396484375">
        <ele>516.20001220703125</ele>
        <time>2026-09-11T23:39:28.000Z</time>
        <extensions>
          <ns3:TrackPointExtension>
            <ns3:hr>118</ns3:hr>
            <ns3:cad>0</ns3:cad>
          </ns3:TrackPointExtension>
        </extensions>
      </trkpt>
      <trkpt lat="30.67957115359604358673095703125" lon="103.8927793689072132110595703125">
        <ele>516.20001220703125</ele>
        <time>2026-09-11T23:39:29.000Z</time>
        <extensions>
          <ns3:TrackPointExtension>
            <ns3:hr>119</ns3:hr>
            <ns3:cad>0</ns3:cad>
          </ns3:TrackPointExtension>
        </extensions>
      </trkpt>
      <trkpt lat="30.67957811057567596435546875" lon="103.8927337713539600372314453125">
        <ele>516.20001220703125</ele>
        <time>2026-09-11T23:39:30.000Z</time>
        <extensions>
          <ns3:TrackPointExtension>
            <ns3:hr>119</ns3:hr>
            <ns3:cad>0</ns3:cad>
          </ns3:TrackPointExtension>
        </extensions>
      </trkpt>
      <trkpt lat="30.67958288826048374176025390625" lon="103.8926878385245800018310546875">
        <ele>516.4000244140625</ele>
        <time>2026-09-11T23:39:31.000Z</time>
        <extensions>
          <ns3:TrackPointExtension>
            <ns3:hr>120</ns3:hr>
            <ns3:cad>0</ns3:cad>
          </ns3:TrackPointExtension>
        </extensions>
      </trkpt>
      <trkpt lat="30.679585151374340057373046875" lon="103.89264165423810482025146484375">
        <ele>516.4000244140625</ele>
        <time>2026-09-11T23:39:32.000Z</time>
        <extensions>
          <ns3:TrackPointExtension>
            <ns3:hr>120</ns3:hr>
            <ns3:cad>0</ns3:cad>
          </ns3:TrackPointExtension>
        </extensions>
      </trkpt>
      <trkpt lat="30.6795846484601497650146484375" lon="103.89259236864745616912841796875">
        <ele>516.4000244140625</ele>
        <time>2026-09-11T23:39:33.000Z</time>
        <extensions>
          <ns3:TrackPointExtension>
            <ns3:hr>121</ns3:hr>
            <ns3:cad>0</ns3:cad>
          </ns3:TrackPointExtension>
        </extensions>
      </trkpt>
      <trkpt lat="30.67957903258502483367919921875" lon="103.8925445079803466796875">
        <ele>516.4000244140625</ele>
        <time>2026-09-11T23:39:34.000Z</time>
        <extensions>
          <ns3:TrackPointExtension>
            <ns3:hr>121</ns3:hr>
            <ns3:cad>0</ns3:cad>
          </ns3:TrackPointExtension>
        </extensions>
      </trkpt>
      <trkpt lat="30.67956847138702869415283203125" lon="103.89250167645514011383056640625">
        <ele>516.20001220703125</ele>
        <time>2026-09-11T23:39:35.000Z</time>
        <extensions>
          <ns3:TrackPointExtension>
            <ns3:hr>122</ns3:hr>
            <ns3:cad>0</ns3:cad>
          </ns3:TrackPointExtension>
        </extensions>
      </trkpt>
      <trkpt lat="30.67956176586449146270751953125" lon="103.8924615271389484405517578125">
        <ele>516.4000244140625</ele>
        <time>2026-09-11T23:39:36.000Z</time>
        <extensions>
          <ns3:TrackPointExtension>
            <ns3:hr>123</ns3:hr>
            <ns3:cad>0</ns3:cad>
          </ns3:TrackPointExtension>
        </extensions>
      </trkpt>
      <trkpt lat="30.67955355159938335418701171875" lon="103.89242179691791534423828125">
        <ele>516.5999755859375</ele>
        <time>2026-09-11T23:39:37.000Z</time>
        <extensions>
          <ns3:TrackPointExtension>
            <ns3:hr>124</ns3:hr>
            <ns3:cad>0</ns3:cad>
          </ns3:TrackPointExtension>
        </extensions>
      </trkpt>
      <trkpt lat="30.67954433150589466094970703125" lon="103.89238131232559680938720703125">
        <ele>516.5999755859375</ele>
        <time>2026-09-11T23:39:38.000Z</time>
        <extensions>
          <ns3:TrackPointExtension>
            <ns3:hr>125</ns3:hr>
            <ns3:cad>0</ns3:cad>
          </ns3:TrackPointExtension>
        </extensions>
      </trkpt>
      <trkpt lat="30.6795330159366130828857421875" lon="103.89234091155230998992919921875">
        <ele>516.79998779296875</ele>
        <time>2026-09-11T23:39:39.000Z</time>
        <extensions>
          <ns3:TrackPointExtension>
            <ns3:hr>126</ns3:hr>
            <ns3:cad>0</ns3:cad>
          </ns3:TrackPointExtension>
        </extensions>
      </trkpt>
      <trkpt lat="30.679517090320587158203125" lon="103.8923019357025623321533203125">
        <ele>517</ele>
        <time>2026-09-11T23:39:40.000Z</time>
        <extensions>
          <ns3:TrackPointExtension>
            <ns3:hr>127</ns3:hr>
            <ns3:cad>0</ns3:cad>
          </ns3:TrackPointExtension>
        </extensions>
      </trkpt>
      <trkpt lat="30.67949236370623111724853515625" lon="103.89226513914763927459716796875">
        <ele>517</ele>
        <time>2026-09-11T23:39:41.000Z</time>
        <extensions>
          <ns3:TrackPointExtension>
            <ns3:hr>126</ns3:hr>
            <ns3:cad>0</ns3:cad>
          </ns3:TrackPointExtension>
        </extensions>
      </trkpt>
      <trkpt lat="30.67946411669254302978515625" lon="103.89223244972527027130126953125">
        <ele>517</ele>
        <time>2026-09-11T23:39:42.000Z</time>
        <extensions>
          <ns3:TrackPointExtension>
            <ns3:hr>126</ns3:hr>
            <ns3:cad>0</ns3:cad>
          </ns3:TrackPointExtension>
        </extensions>
      </trkpt>
      <trkpt lat="30.6794320978224277496337890625" lon="103.8922033645212650299072265625">
        <ele>516.79998779296875</ele>
        <time>2026-09-11T23:39:43.000Z</time>
        <extensions>
          <ns3:TrackPointExtension>
            <ns3:hr>125</ns3:hr>
            <ns3:cad>0</ns3:cad>
          </ns3:TrackPointExtension>
        </extensions>
      </trkpt>
      <trkpt lat="30.67939781583845615386962890625" lon="103.89217914082109928131103515625">
        <ele>516.79998779296875</ele>
        <time>2026-09-11T23:39:44.000Z</time>
        <extensions>
          <ns3:TrackPointExtension>
            <ns3:hr>125</ns3:hr>
            <ns3:cad>0</ns3:cad>
          </ns3:TrackPointExtension>
        </extensions>
      </trkpt>
      <trkpt lat="30.6793643720448017120361328125" lon="103.8921622931957244873046875">
        <ele>516.79998779296875</ele>
        <time>2026-09-11T23:39:45.000Z</time>
        <extensions>
          <ns3:TrackPointExtension>
            <ns3:hr>124</ns3:hr>
            <ns3:cad>0</ns3:cad>
          </ns3:TrackPointExtension>
        </extensions>
      </trkpt>
      <trkpt lat="30.67933092825114727020263671875" lon="103.892145864665508270263671875">
        <ele>516.5999755859375</ele>
        <time>2026-09-11T23:39:46.000Z</time>
        <extensions>
          <ns3:TrackPointExtension>
            <ns3:hr>125</ns3:hr>
            <ns3:cad>0</ns3:cad>
          </ns3:TrackPointExtension>
        </extensions>
      </trkpt>
      <trkpt lat="30.67930058576166629791259765625" lon="103.8921242393553256988525390625">
        <ele>516.5999755859375</ele>
        <time>2026-09-11T23:39:47.000Z</time>
        <extensions>
          <ns3:TrackPointExtension>
            <ns3:hr>126</ns3:hr>
            <ns3:cad>0</ns3:cad>
          </ns3:TrackPointExtension>
        </extensions>
      </trkpt>
      <trkpt lat="30.6792808882892131805419921875" lon="103.8920933939516544342041015625">
        <ele>516.4000244140625</ele>
        <time>2026-09-11T23:39:48.000Z</time>
        <extensions>
          <ns3:TrackPointExtension>
            <ns3:hr>127</ns3:hr>
            <ns3:cad>0</ns3:cad>
          </ns3:TrackPointExtension>
        </extensions>
      </trkpt>
      <trkpt lat="30.67927292548120021820068359375" lon="103.8920558430254459381103515625">
        <ele>516.20001220703125</ele>
        <time>2026-09-11T23:39:49.000Z</time>
        <extensions>
          <ns3:TrackPointExtension>
            <ns3:hr>128</ns3:hr>
            <ns3:cad>0</ns3:cad>
          </ns3:TrackPointExtension>
        </extensions>
      </trkpt>
      <trkpt lat="30.67926705814898014068603515625" lon="103.892016448080539703369140625">
        <ele>516.20001220703125</ele>
        <time>2026-09-11T23:39:50.000Z</time>
        <extensions>
          <ns3:TrackPointExtension>
            <ns3:hr>128</ns3:hr>
            <ns3:cad>0</ns3:cad>
          </ns3:TrackPointExtension>
        </extensions>
      </trkpt>
      <trkpt lat="30.67925767041742801666259765625" lon="103.8919777236878871917724609375">
        <ele>516</ele>
        <time>2026-09-11T23:39:51.000Z</time>
        <extensions>
          <ns3:TrackPointExtension>
            <ns3:hr>128</ns3:hr>
            <ns3:cad>0</ns3:cad>
          </ns3:TrackPointExtension>
        </extensions>
      </trkpt>
      <trkpt lat="30.679242499172687530517578125" lon="103.89194344170391559600830078125">
        <ele>516</ele>
        <time>2026-09-11T23:39:52.000Z</time>
        <extensions>
          <ns3:TrackPointExtension>
            <ns3:hr>129</ns3:hr>
            <ns3:cad>0</ns3:cad>
          </ns3:TrackPointExtension>
        </extensions>
      </trkpt>
      <trkpt lat="30.6792305968701839447021484375" lon="103.89190857298672199249267578125">
        <ele>515.79998779296875</ele>
        <time>2026-09-11T23:39:53.000Z</time>
        <extensions>
          <ns3:TrackPointExtension>
            <ns3:hr>129</ns3:hr>
            <ns3:cad>0</ns3:cad>
          </ns3:TrackPointExtension>
        </extensions>
      </trkpt>
      <trkpt lat="30.67922950722277164459228515625" lon="103.89188024215400218963623046875">
        <ele>515.79998779296875</ele>
        <time>2026-09-11T23:39:54.000Z</time>
        <extensions>
          <ns3:TrackPointExtension>
            <ns3:hr>129</ns3:hr>
            <ns3:cad>0</ns3:cad>
          </ns3:TrackPointExtension>
        </extensions>
      </trkpt>
      <trkpt lat="30.6792409904301166534423828125" lon="103.891869597136974334716796875">
        <ele>516</ele>
        <time>2026-09-11T23:39:55.000Z</time>
        <extensions>
          <ns3:TrackPointExtension>
            <ns3:hr>130</ns3:hr>
            <ns3:cad>0</ns3:cad>
          </ns3:TrackPointExtension>
        </extensions>
      </trkpt>
      <trkpt lat="30.67925834096968173980712890625" lon="103.89186247251927852630615234375">
        <ele>516</ele>
        <time>2026-09-11T23:39:56.000Z</time>
        <extensions>
          <ns3:TrackPointExtension>
            <ns3:hr>130</ns3:hr>
            <ns3:cad>0</ns3:cad>
          </ns3:TrackPointExtension>
        </extensions>
      </trkpt>
      <trkpt lat="30.679282061755657196044921875" lon="103.891858197748661041259765625">
        <ele>516.20001220703125</ele>
        <time>2026-09-11T23:39:57.000Z</time>
        <extensions>
          <ns3:TrackPointExtension>
            <ns3:hr>130</ns3:hr>
            <ns3:cad>0</ns3:cad>
          </ns3:TrackPointExtension>
        </extensions>
      </trkpt>
      <trkpt lat="30.67930930294096469879150390625" lon="103.89184973202645778656005859375">
        <ele>516.20001220703125</ele>
        <time>2026-09-11T23:39:58.000Z</time>
        <extensions>
          <ns3:TrackPointExtension>
            <ns3:hr>130</ns3:hr>
            <ns3:cad>0</ns3:cad>
          </ns3:TrackPointExtension>
        </extensions>
      </trkpt>
      <trkpt lat="30.67933763377368450164794921875" lon="103.891837410628795623779296875">
        <ele>516.4000244140625</ele>
        <time>2026-09-11T23:39:59.000Z</time>
        <extensions>
          <ns3:TrackPointExtension>
            <ns3:hr>130</ns3:hr>
            <ns3:cad>0</ns3:cad>
          </ns3:TrackPointExtension>
        </extensions>
      </trkpt>
      <trkpt lat="30.6793687306344509124755859375" lon="103.89182098209857940673828125">
        <ele>516.4000244140625</ele>
        <time>2026-09-11T23:40:00.000Z</time>
        <extensions>
          <ns3:TrackPointExtension>
            <ns3:hr>129</ns3:hr>
            <ns3:cad>0</ns3:cad>
          </ns3:TrackPointExtension>
        </extensions>
      </trkpt>
      <trkpt lat="30.67939865402877330780029296875" lon="103.89180329628288745880126953125">
        <ele>516.5999755859375</ele>
        <time>2026-09-11T23:40:01.000Z</time>
        <extensions>
          <ns3:TrackPointExtension>
            <ns3:hr>127</ns3:hr>
            <ns3:cad>0</ns3:cad>
          </ns3:TrackPointExtension>
        </extensions>
      </trkpt>
      <trkpt lat="30.6794272363185882568359375" lon="103.891780413687229156494140625">
        <ele>516.5999755859375</ele>
        <time>2026-09-11T23:40:02.000Z</time>
        <extensions>
          <ns3:TrackPointExtension>
            <ns3:hr>125</ns3:hr>
            <ns3:cad>0</ns3:cad>
          </ns3:TrackPointExtension>
        </extensions>
      </trkpt>
      <trkpt lat="30.67945514805614948272705078125" lon="103.89175551943480968475341796875">
        <ele>516.79998779296875</ele>
        <time>2026-09-11T23:40:03.000Z</time>
        <extensions>
          <ns3:TrackPointExtension>
            <ns3:hr>122</ns3:hr>
            <ns3:cad>0</ns3:cad>
          </ns3:TrackPointExtension>
        </extensions>
      </trkpt>
      <trkpt lat="30.67948289215564727783203125" lon="103.89172970317304134368896484375">
        <ele>516.79998779296875</ele>
        <time>2026-09-11T23:40:04.000Z</time>
        <extensions>
          <ns3:TrackPointExtension>
            <ns3:hr>121</ns3:hr>
            <ns3:cad>0</ns3:cad>
          </ns3:TrackPointExtension>
        </extensions>
      </trkpt>
      <trkpt lat="30.67950711585581302642822265625" lon="103.89169801957905292510986328125">
        <ele>516.79998779296875</ele>
        <time>2026-09-11T23:40:05.000Z</time>
        <extensions>
          <ns3:TrackPointExtension>
            <ns3:hr>122</ns3:hr>
            <ns3:cad>0</ns3:cad>
          </ns3:TrackPointExtension>
        </extensions>
      </trkpt>
      <trkpt lat="30.67953092046082019805908203125" lon="103.89165946282446384429931640625">
        <ele>516.79998779296875</ele>
        <time>2026-09-11T23:40:06.000Z</time>
        <extensions>
          <ns3:TrackPointExtension>
            <ns3:hr>121</ns3:hr>
            <ns3:cad>0</ns3:cad>
          </ns3:TrackPointExtension>
        </extensions>
      </trkpt>
      <trkpt lat="30.6795521266758441925048828125" lon="103.89161990024149417877197265625">
        <ele>516.79998779296875</ele>
        <time>2026-09-11T23:40:07.000Z</time>
        <extensions>
          <ns3:TrackPointExtension>
            <ns3:hr>121</ns3:hr>
            <ns3:cad>0</ns3:cad>
          </ns3:TrackPointExtension>
        </extensions>
      </trkpt>
      <trkpt lat="30.6795725785195827484130859375" lon="103.89158000238239765167236328125">
        <ele>516.79998779296875</ele>
        <time>2026-09-11T23:40:08.000Z</time>
        <extensions>
          <ns3:TrackPointExtension>
            <ns3:hr>121</ns3:hr>
            <ns3:cad>0</ns3:cad>
          </ns3:TrackPointExtension>
        </extensions>
      </trkpt>
      <trkpt lat="30.67958976142108440399169921875" lon="103.89153909869492053985595703125">
        <ele>517</ele>
        <time>2026-09-11T23:40:09.000Z</time>
        <extensions>
          <ns3:TrackPointExtension>
            <ns3:hr>120</ns3:hr>
            <ns3:cad>0</ns3:cad>
          </ns3:TrackPointExtension>
        </extensions>
      </trkpt>
      <trkpt lat="30.67960551939904689788818359375" lon="103.8914966024458408355712890625">
        <ele>517</ele>
        <time>2026-09-11T23:40:10.000Z</time>
        <extensions>
          <ns3:TrackPointExtension>
            <ns3:hr>120</ns3:hr>
            <ns3:cad>0</ns3:cad>
          </ns3:TrackPointExtension>
        </extensions>
      </trkpt>
      <trkpt lat="30.679619349539279937744140625" lon="103.891451843082904815673828125">
        <ele>517.20001220703125</ele>
        <time>2026-09-11T23:40:11.000Z</time>
        <extensions>
          <ns3:TrackPointExtension>
            <ns3:hr>120</ns3:hr>
            <ns3:cad>0</ns3:cad>
          </ns3:TrackPointExtension>
        </extensions>
      </trkpt>
      <trkpt lat="30.6796292401850223541259765625" lon="103.891406245529651641845703125">
        <ele>517.4000244140625</ele>
        <time>2026-09-11T23:40:12.000Z</time>
        <extensions>
          <ns3:TrackPointExtension>
            <ns3:hr>121</ns3:hr>
            <ns3:cad>0</ns3:cad>
          </ns3:TrackPointExtension>
        </extensions>
      </trkpt>
      <trkpt lat="30.67963837645947933197021484375" lon="103.89135922305285930633544921875">
        <ele>517.20001220703125</ele>
        <time>2026-09-11T23:40:13.000Z</time>
        <extensions>
          <ns3:TrackPointExtension>
            <ns3:hr>121</ns3:hr>
            <ns3:cad>0</ns3:cad>
          </ns3:TrackPointExtension>
        </extensions>
      </trkpt>
      <trkpt lat="30.67964407615363597869873046875" lon="103.891308344900608062744140625">
        <ele>517.4000244140625</ele>
        <time>2026-09-11T23:40:14.000Z</time>
        <extensions>
          <ns3:TrackPointExtension>
            <ns3:hr>122</ns3:hr>
            <ns3:cad>0</ns3:cad>
          </ns3:TrackPointExtension>
        </extensions>
      </trkpt>
      <trkpt lat="30.67964893765747547149658203125" lon="103.891257382929325103759765625">
        <ele>517.4000244140625</ele>
        <time>2026-09-11T23:40:15.000Z</time>
        <extensions>
          <ns3:TrackPointExtension>
            <ns3:hr>123</ns3:hr>
            <ns3:cad>0</ns3:cad>
          </ns3:TrackPointExtension>
        </extensions>
      </trkpt>
      <trkpt lat="30.6796540506184101104736328125" lon="103.89120331965386867523193359375">
        <ele>517.4000244140625</ele>
        <time>2026-09-11T23:40:16.000Z</time>
        <extensions>
          <ns3:TrackPointExtension>
            <ns3:hr>123</ns3:hr>
            <ns3:cad>0</ns3:cad>
          </ns3:TrackPointExtension>
        </extensions>
      </trkpt>
      <trkpt lat="30.6796567328274250030517578125" lon="103.89115177094936370849609375">
        <ele>517.4000244140625</ele>
        <time>2026-09-11T23:40:17.000Z</time>
        <extensions>
          <ns3:TrackPointExtension>
            <ns3:hr>123</ns3:hr>
            <ns3:cad>51</ns3:cad>
          </ns3:TrackPointExtension>
        </extensions>
      </trkpt>
      <trkpt lat="30.67966117523610591888427734375" lon="103.89110357500612735748291015625">
        <ele>517.4000244140625</ele>
        <time>2026-09-11T23:40:18.000Z</time>
        <extensions>
          <ns3:TrackPointExtension>
            <ns3:hr>124</ns3:hr>
            <ns3:cad>51</ns3:cad>
          </ns3:TrackPointExtension>
        </extensions>
      </trkpt>
      <trkpt lat="30.679665617644786834716796875" lon="103.89105613343417644500732421875">
        <ele>517.5999755859375</ele>
        <time>2026-09-11T23:40:19.000Z</time>
        <extensions>
          <ns3:TrackPointExtension>
            <ns3:hr>124</ns3:hr>
            <ns3:cad>0</ns3:cad>
          </ns3:TrackPointExtension>
        </extensions>
      </trkpt>
      <trkpt lat="30.6796674616634845733642578125" lon="103.8910077698528766632080078125">
        <ele>517.5999755859375</ele>
        <time>2026-09-11T23:40:20.000Z</time>
        <extensions>
          <ns3:TrackPointExtension>
            <ns3:hr>124</ns3:hr>
            <ns3:cad>0</ns3:cad>
          </ns3:TrackPointExtension>
        </extensions>
      </trkpt>
      <trkpt lat="30.67967006005346775054931640625" lon="103.89095890335738658905029296875">
        <ele>517.5999755859375</ele>
        <time>2026-09-11T23:40:21.000Z</time>
        <extensions>
          <ns3:TrackPointExtension>
            <ns3:hr>124</ns3:hr>
            <ns3:cad>0</ns3:cad>
          </ns3:TrackPointExtension>
        </extensions>
      </trkpt>
      <trkpt lat="30.6796734966337680816650390625" lon="103.89091146178543567657470703125">
        <ele>517.5999755859375</ele>
        <time>2026-09-11T23:40:22.000Z</time>
        <extensions>
          <ns3:TrackPointExtension>
            <ns3:hr>124</ns3:hr>
            <ns3:cad>0</ns3:cad>
          </ns3:TrackPointExtension>
        </extensions>
      </trkpt>
      <trkpt lat="30.6796753406524658203125" lon="103.89086418785154819488525390625">
        <ele>517.5999755859375</ele>
        <time>2026-09-11T23:40:23.000Z</time>
        <extensions>
          <ns3:TrackPointExtension>
            <ns3:hr>124</ns3:hr>
            <ns3:cad>0</ns3:cad>
          </ns3:TrackPointExtension>
        </extensions>
      </trkpt>
      <trkpt lat="30.67967995069921016693115234375" lon="103.89081892557442188262939453125">
        <ele>517.5999755859375</ele>
        <time>2026-09-11T23:40:24.000Z</time>
        <extensions>
          <ns3:TrackPointExtension>
            <ns3:hr>125</ns3:hr>
            <ns3:cad>0</ns3:cad>
          </ns3:TrackPointExtension>
        </extensions>
      </trkpt>
      <trkpt lat="30.67968280054628849029541015625" lon="103.890774250030517578125">
        <ele>517.4000244140625</ele>
        <time>2026-09-11T23:40:25.000Z</time>
        <extensions>
          <ns3:TrackPointExtension>
            <ns3:hr>126</ns3:hr>
            <ns3:cad>0</ns3:cad>
          </ns3:TrackPointExtension>
        </extensions>
      </trkpt>
      <trkpt lat="30.67968715913593769073486328125" lon="103.8907321728765964508056640625">
        <ele>517.4000244140625</ele>
        <time>2026-09-11T23:40:26.000Z</time>
        <extensions>
          <ns3:TrackPointExtension>
            <ns3:hr>127</ns3:hr>
            <ns3:cad>0</ns3:cad>
          </ns3:TrackPointExtension>
        </extensions>
      </trkpt>
      <trkpt lat="30.67969101481139659881591796875" lon="103.89068816788494586944580078125">
        <ele>517.4000244140625</ele>
        <time>2026-09-11T23:40:27.000Z</time>
        <extensions>
          <ns3:TrackPointExtension>
            <ns3:hr>128</ns3:hr>
            <ns3:cad>0</ns3:cad>
          </ns3:TrackPointExtension>
        </extensions>
      </trkpt>
      <trkpt lat="30.67969319410622119903564453125" lon="103.890645839273929595947265625">
        <ele>517.4000244140625</ele>
        <time>2026-09-11T23:40:28.000Z</time>
        <extensions>
          <ns3:TrackPointExtension>
            <ns3:hr>131</ns3:hr>
            <ns3:cad>0</ns3:cad>
          </ns3:TrackPointExtension>
        </extensions>
      </trkpt>
      <trkpt lat="30.6796949543058872222900390625" lon="103.89060401357710361480712890625">
        <ele>517.4000244140625</ele>
        <time>2026-09-11T23:40:29.000Z</time>
        <extensions>
          <ns3:TrackPointExtension>
            <ns3:hr>136</ns3:hr>
            <ns3:cad>0</ns3:cad>
          </ns3:TrackPointExtension>
        </extensions>
      </trkpt>
      <trkpt lat="30.67969570867717266082763671875" lon="103.89055992476642131805419921875">
        <ele>517.4000244140625</ele>
        <time>2026-09-11T23:40:30.000Z</time>
        <extensions>
          <ns3:TrackPointExtension>
            <ns3:hr>147</ns3:hr>
            <ns3:cad>0</ns3:cad>
          </ns3:TrackPointExtension>
        </extensions>
      </trkpt>
      <trkpt lat="30.6796967983245849609375" lon="103.89051876962184906005859375">
        <ele>517.4000244140625</ele>
        <time>2026-09-11T23:40:31.000Z</time>
        <extensions>
          <ns3:TrackPointExtension>
            <ns3:hr>152</ns3:hr>
            <ns3:cad>0</ns3:cad>
          </ns3:TrackPointExtension>
        </extensions>
      </trkpt>
      <trkpt lat="30.679697133600711822509765625" lon="103.8904780335724353790283203125">
        <ele>517.4000244140625</ele>
        <time>2026-09-11T23:40:32.000Z</time>
        <extensions>
          <ns3:TrackPointExtension>
            <ns3:hr>153</ns3:hr>
            <ns3:cad>0</ns3:cad>
          </ns3:TrackPointExtension>
        </extensions>
      </trkpt>
      <trkpt lat="30.6796956248581409454345703125" lon="103.89043553732335567474365234375">
        <ele>517.5999755859375</ele>
        <time>2026-09-11T23:40:33.000Z</time>
        <extensions>
          <ns3:TrackPointExtension>
            <ns3:hr>155</ns3:hr>
            <ns3:cad>0</ns3:cad>
          </ns3:TrackPointExtension>
        </extensions>
      </trkpt>
      <trkpt lat="30.6796926073729991912841796875" lon="103.89039346016943454742431640625">
        <ele>517.5999755859375</ele>
        <time>2026-09-11T23:40:34.000Z</time>
        <extensions>
          <ns3:TrackPointExtension>
            <ns3:hr>156</ns3:hr>
            <ns3:cad>0</ns3:cad>
          </ns3:TrackPointExtension>
        </extensions>
      </trkpt>
      <trkpt lat="30.67969118244946002960205078125" lon="103.89035171829164028167724609375">
        <ele>517.5999755859375</ele>
        <time>2026-09-11T23:40:35.000Z</time>
        <extensions>
          <ns3:TrackPointExtension>
            <ns3:hr>156</ns3:hr>
            <ns3:cad>0</ns3:cad>
          </ns3:TrackPointExtension>
        </extensions>
      </trkpt>
      <trkpt lat="30.67968967370688915252685546875" lon="103.8903077132999897003173828125">
        <ele>517.5999755859375</ele>
        <time>2026-09-11T23:40:36.000Z</time>
        <extensions>
          <ns3:TrackPointExtension>
            <ns3:hr>156</ns3:hr>
            <ns3:cad>0</ns3:cad>
          </ns3:TrackPointExtension>
        </extensions>
      </trkpt>
      <trkpt lat="30.67968967370688915252685546875" lon="103.8903077132999897003173828125">
        <ele>517.4000244140625</ele>
        <time>2026-09-11T23:40:37.000Z</time>
        <extensions>
          <ns3:TrackPointExtension>
            <ns3:hr>156</ns3:hr>
            <ns3:cad>0</ns3:cad>
          </ns3:TrackPointExtension>
        </extensions>
      </trkpt>
      <trkpt lat="30.67970015108585357666015625" lon="103.8902225531637668609619140625">
        <ele>517.4000244140625</ele>
        <time>2026-09-11T23:40:38.000Z</time>
        <extensions>
          <ns3:TrackPointExtension>
            <ns3:hr>155</ns3:hr>
            <ns3:cad>0</ns3:cad>
          </ns3:TrackPointExtension>
        </extensions>
      </trkpt>
      <trkpt lat="30.679707862436771392822265625" lon="103.8901774585247039794921875">
        <ele>517.4000244140625</ele>
        <time>2026-09-11T23:40:39.000Z</time>
        <extensions>
          <ns3:TrackPointExtension>
            <ns3:hr>155</ns3:hr>
            <ns3:cad>0</ns3:cad>
          </ns3:TrackPointExtension>
        </extensions>
      </trkpt>
      <trkpt lat="30.67971398122608661651611328125" lon="103.89013362117111682891845703125">
        <ele>517.4000244140625</ele>
        <time>2026-09-11T23:40:40.000Z</time>
        <extensions>
          <ns3:TrackPointExtension>
            <ns3:hr>154</ns3:hr>
            <ns3:cad>0</ns3:cad>
          </ns3:TrackPointExtension>
        </extensions>
      </trkpt>
      <trkpt lat="30.67971599288284778594970703125" lon="103.8900931365787982940673828125">
        <ele>517.20001220703125</ele>
        <time>2026-09-11T23:40:41.000Z</time>
        <extensions>
          <ns3:TrackPointExtension>
            <ns3:hr>154</ns3:hr>
            <ns3:cad>0</ns3:cad>
          </ns3:TrackPointExtension>
        </extensions>
      </trkpt>
      <trkpt lat="30.67971599288284778594970703125" lon="103.8900931365787982940673828125">
        <ele>517.20001220703125</ele>
        <time>2026-09-11T23:40:42.000Z</time>
        <extensions>
          <ns3:TrackPointExtension>
            <ns3:hr>154</ns3:hr>
            <ns3:cad>0</ns3:cad>
          </ns3:TrackPointExtension>
        </extensions>
      </trkpt>
      <trkpt lat="30.679727308452129364013671875" lon="103.89002448879182338714599609375">
        <ele>517.4000244140625</ele>
        <time>2026-09-11T23:40:43.000Z</time>
        <extensions>
          <ns3:TrackPointExtension>
            <ns3:hr>154</ns3:hr>
            <ns3:cad>0</ns3:cad>
          </ns3:TrackPointExtension>
        </extensions>
      </trkpt>
      <trkpt lat="30.6797351874411106109619140625" lon="103.889990039169788360595703125">
        <ele>517.4000244140625</ele>
        <time>2026-09-11T23:40:44.000Z</time>
        <extensions>
          <ns3:TrackPointExtension>
            <ns3:hr>153</ns3:hr>
            <ns3:cad>0</ns3:cad>
          </ns3:TrackPointExtension>
        </extensions>
      </trkpt>
      <trkpt lat="30.679742060601711273193359375" lon="103.8899563439190387725830078125">
        <ele>517.5999755859375</ele>
        <time>2026-09-11T23:40:45.000Z</time>
        <extensions>
          <ns3:TrackPointExtension>
            <ns3:hr>153</ns3:hr>
            <ns3:cad>0</ns3:cad>
          </ns3:TrackPointExtension>
        </extensions>
      </trkpt>
      <trkpt lat="30.6797506101429462432861328125" lon="103.88991921208798885345458984375">
        <ele>517.79998779296875</ele>
        <time>2026-09-11T23:40:46.000Z</time>
        <extensions>
          <ns3:TrackPointExtension>
            <ns3:hr>153</ns3:hr>
            <ns3:cad>0</ns3:cad>
          </ns3:TrackPointExtension>
        </extensions>
      </trkpt>
      <trkpt lat="30.6797571480274200439453125" lon="103.88987998478114604949951171875">
        <ele>518</ele>
        <time>2026-09-11T23:40:47.000Z</time>
        <extensions>
          <ns3:TrackPointExtension>
            <ns3:hr>154</ns3:hr>
            <ns3:cad>0</ns3:cad>
          </ns3:TrackPointExtension>
        </extensions>
      </trkpt>
      <trkpt lat="30.679764859378337860107421875" lon="103.88984151184558868408203125">
        <ele>517.79998779296875</ele>
        <time>2026-09-11T23:40:48.000Z</time>
        <extensions>
          <ns3:TrackPointExtension>
            <ns3:hr>154</ns3:hr>
            <ns3:cad>0</ns3:cad>
          </ns3:TrackPointExtension>
        </extensions>
      </trkpt>
      <trkpt lat="30.67977030761539936065673828125" lon="103.88980035670101642608642578125">
        <ele>517.79998779296875</ele>
        <time>2026-09-11T23:40:49.000Z</time>
        <extensions>
          <ns3:TrackPointExtension>
            <ns3:hr>155</ns3:hr>
            <ns3:cad>0</ns3:cad>
          </ns3:TrackPointExtension>
        </extensions>
      </trkpt>
      <trkpt lat="30.679771564900875091552734375" lon="103.889757692813873291015625">
        <ele>517.79998779296875</ele>
        <time>2026-09-11T23:40:50.000Z</time>
        <extensions>
          <ns3:TrackPointExtension>
            <ns3:hr>155</ns3:hr>
            <ns3:cad>0</ns3:cad>
          </ns3:TrackPointExtension>
        </extensions>
      </trkpt>
      <trkpt lat="30.679771900177001953125" lon="103.88971268199384212493896484375">
        <ele>517.79998779296875</ele>
        <time>2026-09-11T23:40:51.000Z</time>
        <extensions>
          <ns3:TrackPointExtension>
            <ns3:hr>155</ns3:hr>
            <ns3:cad>0</ns3:cad>
          </ns3:TrackPointExtension>
        </extensions>
      </trkpt>
      <trkpt lat="30.67977500148117542266845703125" lon="103.889670856297016143798828125">
        <ele>517.79998779296875</ele>
        <time>2026-09-11T23:40:52.000Z</time>
        <extensions>
          <ns3:TrackPointExtension>
            <ns3:hr>155</ns3:hr>
            <ns3:cad>0</ns3:cad>
          </ns3:TrackPointExtension>
        </extensions>
      </trkpt>
      <trkpt lat="30.679779611527919769287109375" lon="103.889629952609539031982421875">
        <ele>517.79998779296875</ele>
        <time>2026-09-11T23:40:53.000Z</time>
        <extensions>
          <ns3:TrackPointExtension>
            <ns3:hr>155</ns3:hr>
            <ns3:cad>0</ns3:cad>
          </ns3:TrackPointExtension>
        </extensions>
      </trkpt>
      <trkpt lat="30.6797861494123935699462890625" lon="103.8895925693213939666748046875">
        <ele>517.79998779296875</ele>
        <time>2026-09-11T23:40:54.000Z</time>
        <extensions>
          <ns3:TrackPointExtension>
            <ns3:hr>155</ns3:hr>
            <ns3:cad>0</ns3:cad>
          </ns3:TrackPointExtension>
        </extensions>
      </trkpt>
      <trkpt lat="30.67979075945913791656494140625" lon="103.88955325819551944732666015625">
        <ele>517.79998779296875</ele>
        <time>2026-09-11T23:40:55.000Z</time>
        <extensions>
          <ns3:TrackPointExtension>
            <ns3:hr>155</ns3:hr>
            <ns3:cad>0</ns3:cad>
          </ns3:TrackPointExtension>
        </extensions>
      </trkpt>
      <trkpt lat="30.67979696206748485565185546875" lon="103.88951470144093036651611328125">
        <ele>517.79998779296875</ele>
        <time>2026-09-11T23:40:56.000Z</time>
        <extensions>
          <ns3:TrackPointExtension>
            <ns3:hr>155</ns3:hr>
            <ns3:cad>0</ns3:cad>
          </ns3:TrackPointExtension>
        </extensions>
      </trkpt>
      <trkpt lat="30.67980266176164150238037109375" lon="103.88947580941021442413330078125">
        <ele>517.79998779296875</ele>
        <time>2026-09-11T23:40:57.000Z</time>
        <extensions>
          <ns3:TrackPointExtension>
            <ns3:hr>155</ns3:hr>
            <ns3:cad>0</ns3:cad>
          </ns3:TrackPointExtension>
        </extensions>
      </trkpt>
      <trkpt lat="30.679809115827083587646484375" lon="103.88943381607532501220703125">
        <ele>517.79998779296875</ele>
        <time>2026-09-11T23:40:58.000Z</time>
        <extensions>
          <ns3:TrackPointExtension>
            <ns3:hr>155</ns3:hr>
            <ns3:cad>0</ns3:cad>
          </ns3:TrackPointExtension>
        </extensions>
      </trkpt>
      <trkpt lat="30.67981389351189136505126953125" lon="103.8893942534923553466796875">
        <ele>517.79998779296875</ele>
        <time>2026-09-11T23:40:59.000Z</time>
        <extensions>
          <ns3:TrackPointExtension>
            <ns3:hr>156</ns3:hr>
            <ns3:cad>0</ns3:cad>
          </ns3:TrackPointExtension>
        </extensions>
      </trkpt>
      <trkpt lat="30.67981523461639881134033203125" lon="103.889359720051288604736328125">
        <ele>517.79998779296875</ele>
        <time>2026-09-11T23:41:00.000Z</time>
        <extensions>
          <ns3:TrackPointExtension>
            <ns3:hr>155</ns3:hr>
            <ns3:cad>0</ns3:cad>
          </ns3:TrackPointExtension>
        </extensions>
      </trkpt>
      <trkpt lat="30.679815150797367095947265625" lon="103.88932518661022186279296875">
        <ele>517.79998779296875</ele>
        <time>2026-09-11T23:41:01.000Z</time>
        <extensions>
          <ns3:TrackPointExtension>
            <ns3:hr>155</ns3:hr>
            <ns3:cad>0</ns3:cad>
          </ns3:TrackPointExtension>
        </extensions>
      </trkpt>
      <trkpt lat="30.6798153184354305267333984375" lon="103.889286629855632781982421875">
        <ele>518</ele>
        <time>2026-09-11T23:41:02.000Z</time>
        <extensions>
          <ns3:TrackPointExtension>
            <ns3:hr>155</ns3:hr>
            <ns3:cad>0</ns3:cad>
          </ns3:TrackPointExtension>
        </extensions>
      </trkpt>
      <trkpt lat="30.6798134744167327880859375" lon="103.88924798928201198577880859375">
        <ele>518</ele>
        <time>2026-09-11T23:41:03.000Z</time>
        <extensions>
          <ns3:TrackPointExtension>
            <ns3:hr>155</ns3:hr>
            <ns3:cad>0</ns3:cad>
          </ns3:TrackPointExtension>
        </extensions>
      </trkpt>
      <trkpt lat="30.6798102892935276031494140625" lon="103.88920943252742290496826171875">
        <ele>518</ele>
        <time>2026-09-11T23:41:04.000Z</time>
        <extensions>
          <ns3:TrackPointExtension>
            <ns3:hr>155</ns3:hr>
            <ns3:cad>0</ns3:cad>
          </ns3:TrackPointExtension>
        </extensions>
      </trkpt>
      <trkpt lat="30.67980534397065639495849609375" lon="103.8891701214015483856201171875">
        <ele>518</ele>
        <time>2026-09-11T23:41:05.000Z</time>
        <extensions>
          <ns3:TrackPointExtension>
            <ns3:hr>155</ns3:hr>
            <ns3:cad>0</ns3:cad>
          </ns3:TrackPointExtension>
        </extensions>
      </trkpt>
      <trkpt lat="30.67980534397065639495849609375" lon="103.8891701214015483856201171875">
        <ele>518</ele>
        <time>2026-09-11T23:41:06.000Z</time>
        <extensions>
          <ns3:TrackPointExtension>
            <ns3:hr>154</ns3:hr>
            <ns3:cad>0</ns3:cad>
          </ns3:TrackPointExtension>
        </extensions>
      </trkpt>
      <trkpt lat="30.6797946989536285400390625" lon="103.88912737369537353515625">
        <ele>518</ele>
        <time>2026-09-11T23:41:07.000Z</time>
        <extensions>
          <ns3:TrackPointExtension>
            <ns3:hr>154</ns3:hr>
            <ns3:cad>0</ns3:cad>
          </ns3:TrackPointExtension>
        </extensions>
      </trkpt>
      <trkpt lat="30.679752118885517120361328125" lon="103.889055959880352020263671875">
        <ele>518</ele>
        <time>2026-09-11T23:41:08.000Z</time>
        <extensions>
          <ns3:TrackPointExtension>
            <ns3:hr>154</ns3:hr>
            <ns3:cad>0</ns3:cad>
          </ns3:TrackPointExtension>
        </extensions>
      </trkpt>
      <trkpt lat="30.67972823046147823333740234375" lon="103.8890209235250949859619140625">
        <ele>517.79998779296875</ele>
        <time>2026-09-11T23:41:09.000Z</time>
        <extensions>
          <ns3:TrackPointExtension>
            <ns3:hr>154</ns3:hr>
            <ns3:cad>0</ns3:cad>
          </ns3:TrackPointExtension>
        </extensions>
      </trkpt>
      <trkpt lat="30.679705850780010223388671875" lon="103.8889853842556476593017578125">
        <ele>517.79998779296875</ele>
        <time>2026-09-11T23:41:10.000Z</time>
        <extensions>
          <ns3:TrackPointExtension>
            <ns3:hr>154</ns3:hr>
            <ns3:cad>0</ns3:cad>
          </ns3:TrackPointExtension>
        </extensions>
      </trkpt>
      <trkpt lat="30.67968347109854221343994140625" lon="103.88894976116716861724853515625">
        <ele>517.79998779296875</ele>
        <time>2026-09-11T23:41:11.000Z</time>
        <extensions>
          <ns3:TrackPointExtension>
            <ns3:hr>154</ns3:hr>
            <ns3:cad>0</ns3:cad>
          </ns3:TrackPointExtension>
        </extensions>
      </trkpt>
      <trkpt lat="30.679658912122249603271484375" lon="103.88891388662159442901611328125">
        <ele>517.79998779296875</ele>
        <time>2026-09-11T23:41:12.000Z</time>
        <extensions>
          <ns3:TrackPointExtension>
            <ns3:hr>153</ns3:hr>
            <ns3:cad>0</ns3:cad>
          </ns3:TrackPointExtension>
        </extensions>
      </trkpt>
      <trkpt lat="30.6796305812895298004150390625" lon="103.888883627951145172119140625">
        <ele>517.79998779296875</ele>
        <time>2026-09-11T23:41:13.000Z</time>
        <extensions>
          <ns3:TrackPointExtension>
            <ns3:hr>154</ns3:hr>
            <ns3:cad>0</ns3:cad>
          </ns3:TrackPointExtension>
        </extensions>
      </trkpt>
      <trkpt lat="30.6796007417142391204833984375" lon="103.888864852488040924072265625">
        <ele>517.79998779296875</ele>
        <time>2026-09-11T23:41:14.000Z</time>
        <extensions>
          <ns3:TrackPointExtension>
            <ns3:hr>154</ns3:hr>
            <ns3:cad>0</ns3:cad>
          </ns3:TrackPointExtension>
        </extensions>
      </trkpt>
      <trkpt lat="30.6796007417142391204833984375" lon="103.888864852488040924072265625">
        <ele>517.79998779296875</ele>
        <time>2026-09-11T23:41:15.000Z</time>
        <extensions>
          <ns3:TrackPointExtension>
            <ns3:hr>153</ns3:hr>
            <ns3:cad>0</ns3:cad>
          </ns3:TrackPointExtension>
        </extensions>
      </trkpt>
      <trkpt lat="30.67956863902509212493896484375" lon="103.88884984888136386871337890625">
        <ele>517.5999755859375</ele>
        <time>2026-09-11T23:41:16.000Z</time>
        <extensions>
          <ns3:TrackPointExtension>
            <ns3:hr>154</ns3:hr>
            <ns3:cad>0</ns3:cad>
          </ns3:TrackPointExtension>
        </extensions>
      </trkpt>
      <trkpt lat="30.67953511141240596771240234375" lon="103.88884264044463634490966796875">
        <ele>517.5999755859375</ele>
        <time>2026-09-11T23:41:17.000Z</time>
        <extensions>
          <ns3:TrackPointExtension>
            <ns3:hr>153</ns3:hr>
            <ns3:cad>0</ns3:cad>
          </ns3:TrackPointExtension>
        </extensions>
      </trkpt>
      <trkpt lat="30.679477192461490631103515625" lon="103.88883945532143115997314453125">
        <ele>517.5999755859375</ele>
        <time>2026-09-11T23:41:18.000Z</time>
        <extensions>
          <ns3:TrackPointExtension>
            <ns3:hr>153</ns3:hr>
            <ns3:cad>0</ns3:cad>
          </ns3:TrackPointExtension>
        </extensions>
      </trkpt>
      <trkpt lat="30.679477192461490631103515625" lon="103.88883945532143115997314453125">
        <ele>517.5999755859375</ele>
        <time>2026-09-11T23:41:19.000Z</time>
        <extensions>
          <ns3:TrackPointExtension>
            <ns3:hr>153</ns3:hr>
            <ns3:cad>0</ns3:cad>
          </ns3:TrackPointExtension>
        </extensions>
      </trkpt>
      <trkpt lat="30.6794082932174205780029296875" lon="103.8888338394463062286376953125">
        <ele>517.5999755859375</ele>
        <time>2026-09-11T23:41:20.000Z</time>
        <extensions>
          <ns3:TrackPointExtension>
            <ns3:hr>153</ns3:hr>
            <ns3:cad>0</ns3:cad>
          </ns3:TrackPointExtension>
        </extensions>
      </trkpt>
      <trkpt lat="30.6793730892241001129150390625" lon="103.888831324875354766845703125">
        <ele>517.5999755859375</ele>
        <time>2026-09-11T23:41:21.000Z</time>
        <extensions>
          <ns3:TrackPointExtension>
            <ns3:hr>153</ns3:hr>
            <ns3:cad>0</ns3:cad>
          </ns3:TrackPointExtension>
        </extensions>
      </trkpt>
      <trkpt lat="30.6793730892241001129150390625" lon="103.888831324875354766845703125">
        <ele>517.5999755859375</ele>
        <time>2026-09-11T23:41:22.000Z</time>
        <extensions>
          <ns3:TrackPointExtension>
            <ns3:hr>153</ns3:hr>
            <ns3:cad>0</ns3:cad>
          </ns3:TrackPointExtension>
        </extensions>
      </trkpt>
      <trkpt lat="30.679334700107574462890625" lon="103.88882772065699100494384765625">
        <ele>517.5999755859375</ele>
        <time>2026-09-11T23:41:23.000Z</time>
        <extensions>
          <ns3:TrackPointExtension>
            <ns3:hr>153</ns3:hr>
            <ns3:cad>0</ns3:cad>
          </ns3:TrackPointExtension>
        </extensions>
      </trkpt>
      <trkpt lat="30.679261274635791778564453125" lon="103.88881959021091461181640625">
        <ele>517.5999755859375</ele>
        <time>2026-09-11T23:41:24.000Z</time>
        <extensions>
          <ns3:TrackPointExtension>
            <ns3:hr>153</ns3:hr>
            <ns3:cad>0</ns3:cad>
          </ns3:TrackPointExtension>
        </extensions>
      </trkpt>
      <trkpt lat="30.679261274635791778564453125" lon="103.88881959021091461181640625">
        <ele>517.5999755859375</ele>
        <time>2026-09-11T23:41:25.000Z</time>
        <extensions>
          <ns3:TrackPointExtension>
            <ns3:hr>152</ns3:hr>
            <ns3:cad>0</ns3:cad>
          </ns3:TrackPointExtension>
        </extensions>
      </trkpt>
      <trkpt lat="30.67922648973762989044189453125" lon="103.88881481252610683441162109375">
        <ele>517.5999755859375</ele>
        <time>2026-09-11T23:41:26.000Z</time>
        <extensions>
          <ns3:TrackPointExtension>
            <ns3:hr>152</ns3:hr>
            <ns3:cad>0</ns3:cad>
          </ns3:TrackPointExtension>
        </extensions>
      </trkpt>
      <trkpt lat="30.6791528128087520599365234375" lon="103.88881112448871135711669921875">
        <ele>517.5999755859375</ele>
        <time>2026-09-11T23:41:27.000Z</time>
        <extensions>
          <ns3:TrackPointExtension>
            <ns3:hr>152</ns3:hr>
            <ns3:cad>0</ns3:cad>
          </ns3:TrackPointExtension>
        </extensions>
      </trkpt>
      <trkpt lat="30.6791528128087520599365234375" lon="103.88881112448871135711669921875">
        <ele>517.5999755859375</ele>
        <time>2026-09-11T23:41:28.000Z</time>
        <extensions>
          <ns3:TrackPointExtension>
            <ns3:hr>152</ns3:hr>
            <ns3:cad>0</ns3:cad>
          </ns3:TrackPointExtension>
        </extensions>
      </trkpt>
      <trkpt lat="30.67911752499639987945556640625" lon="103.88880978338420391082763671875">
        <ele>517.5999755859375</ele>
        <time>2026-09-11T23:41:29.000Z</time>
        <extensions>
          <ns3:TrackPointExtension>
            <ns3:hr>151</ns3:hr>
            <ns3:cad>0</ns3:cad>
          </ns3:TrackPointExtension>
        </extensions>
      </trkpt>
      <trkpt lat="30.679050721228122711181640625" lon="103.88881615363061428070068359375">
        <ele>517.5999755859375</ele>
        <time>2026-09-11T23:41:30.000Z</time>
        <extensions>
          <ns3:TrackPointExtension>
            <ns3:hr>151</ns3:hr>
            <ns3:cad>0</ns3:cad>
          </ns3:TrackPointExtension>
        </extensions>
      </trkpt>
      <trkpt lat="30.679050721228122711181640625" lon="103.88881615363061428070068359375">
        <ele>517.5999755859375</ele>
        <time>2026-09-11T23:41:31.000Z</time>
        <extensions>
          <ns3:TrackPointExtension>
            <ns3:hr>151</ns3:hr>
            <ns3:cad>0</ns3:cad>
          </ns3:TrackPointExtension>
        </extensions>
      </trkpt>
      <trkpt lat="30.67898274399340152740478515625" lon="103.88881824910640716552734375">
        <ele>517.5999755859375</ele>
        <time>2026-09-11T23:41:32.000Z</time>
        <extensions>
          <ns3:TrackPointExtension>
            <ns3:hr>151</ns3:hr>
            <ns3:cad>0</ns3:cad>
          </ns3:TrackPointExtension>
        </extensions>
      </trkpt>
      <trkpt lat="30.67894888110458850860595703125" lon="103.88881229795515537261962890625">
        <ele>517.5999755859375</ele>
        <time>2026-09-11T23:41:33.000Z</time>
        <extensions>
          <ns3:TrackPointExtension>
            <ns3:hr>150</ns3:hr>
            <ns3:cad>66</ns3:cad>
          </ns3:TrackPointExtension>
        </extensions>
      </trkpt>
      <trkpt lat="30.67894888110458850860595703125" lon="103.88881229795515537261962890625">
        <ele>517.5999755859375</ele>
        <time>2026-09-11T23:41:34.000Z</time>
        <extensions>
          <ns3:TrackPointExtension>
            <ns3:hr>150</ns3:hr>
            <ns3:cad>66</ns3:cad>
          </ns3:TrackPointExtension>
        </extensions>
      </trkpt>
      <trkpt lat="30.6788854300975799560546875" lon="103.88880726881325244903564453125">
        <ele>517.79998779296875</ele>
        <time>2026-09-11T23:41:35.000Z</time>
        <extensions>
          <ns3:TrackPointExtension>
            <ns3:hr>150</ns3:hr>
            <ns3:cad>0</ns3:cad>
          </ns3:TrackPointExtension>
        </extensions>
      </trkpt>
      <trkpt lat="30.678857602179050445556640625" lon="103.88880207203328609466552734375">
        <ele>517.79998779296875</ele>
        <time>2026-09-11T23:41:36.000Z</time>
        <extensions>
          <ns3:TrackPointExtension>
            <ns3:hr>150</ns3:hr>
            <ns3:cad>0</ns3:cad>
          </ns3:TrackPointExtension>
        </extensions>
      </trkpt>
      <trkpt lat="30.678857602179050445556640625" lon="103.88880207203328609466552734375">
        <ele>517.79998779296875</ele>
        <time>2026-09-11T23:41:37.000Z</time>
        <extensions>
          <ns3:TrackPointExtension>
            <ns3:hr>150</ns3:hr>
            <ns3:cad>0</ns3:cad>
          </ns3:TrackPointExtension>
        </extensions>
      </trkpt>
      <trkpt lat="30.6787888705730438232421875" lon="103.88879452832043170928955078125">
        <ele>517.79998779296875</ele>
        <time>2026-09-11T23:41:38.000Z</time>
        <extensions>
          <ns3:TrackPointExtension>
            <ns3:hr>149</ns3:hr>
            <ns3:cad>0</ns3:cad>
          </ns3:TrackPointExtension>
        </extensions>
      </trkpt>
      <trkpt lat="30.67875408567488193511962890625" lon="103.8887919299304485321044921875">
        <ele>517.5999755859375</ele>
        <time>2026-09-11T23:41:39.000Z</time>
        <extensions>
          <ns3:TrackPointExtension>
            <ns3:hr>149</ns3:hr>
            <ns3:cad>0</ns3:cad>
          </ns3:TrackPointExtension>
        </extensions>
      </trkpt>
      <trkpt lat="30.67871904931962490081787109375" lon="103.8887885771691799163818359375">
        <ele>517.5999755859375</ele>
        <time>2026-09-11T23:41:40.000Z</time>
        <extensions>
          <ns3:TrackPointExtension>
            <ns3:hr>148</ns3:hr>
            <ns3:cad>0</ns3:cad>
          </ns3:TrackPointExtension>
        </extensions>
      </trkpt>
      <trkpt lat="30.67871904931962490081787109375" lon="103.8887885771691799163818359375">
        <ele>517.5999755859375</ele>
        <time>2026-09-11T23:41:41.000Z</time>
        <extensions>
          <ns3:TrackPointExtension>
            <ns3:hr>148</ns3:hr>
            <ns3:cad>0</ns3:cad>
          </ns3:TrackPointExtension>
        </extensions>
      </trkpt>
      <trkpt lat="30.678649730980396270751953125" lon="103.8887894153594970703125">
        <ele>517.5999755859375</ele>
        <time>2026-09-11T23:41:42.000Z</time>
        <extensions>
          <ns3:TrackPointExtension>
            <ns3:hr>147</ns3:hr>
            <ns3:cad>0</ns3:cad>
          </ns3:TrackPointExtension>
        </extensions>
      </trkpt>
      <trkpt lat="30.6786167062819004058837890625" lon="103.888787738978862762451171875">
        <ele>517.5999755859375</ele>
        <time>2026-09-11T23:41:43.000Z</time>
        <extensions>
          <ns3:TrackPointExtension>
            <ns3:hr>146</ns3:hr>
            <ns3:cad>0</ns3:cad>
          </ns3:TrackPointExtension>
        </extensions>
      </trkpt>
      <trkpt lat="30.67858510650694370269775390625" lon="103.88878430239856243133544921875">
        <ele>517.5999755859375</ele>
        <time>2026-09-11T23:41:44.000Z</time>
        <extensions>
          <ns3:TrackPointExtension>
            <ns3:hr>147</ns3:hr>
            <ns3:cad>0</ns3:cad>
          </ns3:TrackPointExtension>
        </extensions>
      </trkpt>
      <trkpt lat="30.6785536743700504302978515625" lon="103.8887775130569934844970703125">
        <ele>517.5999755859375</ele>
        <time>2026-09-11T23:41:45.000Z</time>
        <extensions>
          <ns3:TrackPointExtension>
            <ns3:hr>146</ns3:hr>
            <ns3:cad>0</ns3:cad>
          </ns3:TrackPointExtension>
        </extensions>
      </trkpt>
      <trkpt lat="30.67852408625185489654541015625" lon="103.88877390883862972259521484375">
        <ele>517.5999755859375</ele>
        <time>2026-09-11T23:41:46.000Z</time>
        <extensions>
          <ns3:TrackPointExtension>
            <ns3:hr>146</ns3:hr>
            <ns3:cad>0</ns3:cad>
          </ns3:TrackPointExtension>
        </extensions>
      </trkpt>
      <trkpt lat="30.67849458195269107818603515625" lon="103.88877307064831256866455078125">
        <ele>517.5999755859375</ele>
        <time>2026-09-11T23:41:47.000Z</time>
        <extensions>
          <ns3:TrackPointExtension>
            <ns3:hr>146</ns3:hr>
            <ns3:cad>0</ns3:cad>
          </ns3:TrackPointExtension>
        </extensions>
      </trkpt>
      <trkpt lat="30.67846088670194149017333984375" lon="103.888772316277027130126953125">
        <ele>517.5999755859375</ele>
        <time>2026-09-11T23:41:48.000Z</time>
        <extensions>
          <ns3:TrackPointExtension>
            <ns3:hr>147</ns3:hr>
            <ns3:cad>0</ns3:cad>
          </ns3:TrackPointExtension>
        </extensions>
      </trkpt>
      <trkpt lat="30.67846088670194149017333984375" lon="103.888772316277027130126953125">
        <ele>517.5999755859375</ele>
        <time>2026-09-11T23:41:49.000Z</time>
        <extensions>
          <ns3:TrackPointExtension>
            <ns3:hr>146</ns3:hr>
            <ns3:cad>0</ns3:cad>
          </ns3:TrackPointExtension>
        </extensions>
      </trkpt>
      <trkpt lat="30.6783981062471866607666015625" lon="103.88877072371542453765869140625">
        <ele>517.5999755859375</ele>
        <time>2026-09-11T23:41:50.000Z</time>
        <extensions>
          <ns3:TrackPointExtension>
            <ns3:hr>146</ns3:hr>
            <ns3:cad>0</ns3:cad>
          </ns3:TrackPointExtension>
        </extensions>
      </trkpt>
      <trkpt lat="30.67836415953934192657470703125" lon="103.88876569457352161407470703125">
        <ele>517.79998779296875</ele>
        <time>2026-09-11T23:41:51.000Z</time>
        <extensions>
          <ns3:TrackPointExtension>
            <ns3:hr>146</ns3:hr>
            <ns3:cad>0</ns3:cad>
          </ns3:TrackPointExtension>
        </extensions>
      </trkpt>
      <trkpt lat="30.67836415953934192657470703125" lon="103.88876569457352161407470703125">
        <ele>517.79998779296875</ele>
        <time>2026-09-11T23:41:52.000Z</time>
        <extensions>
          <ns3:TrackPointExtension>
            <ns3:hr>146</ns3:hr>
            <ns3:cad>0</ns3:cad>
          </ns3:TrackPointExtension>
        </extensions>
      </trkpt>
      <trkpt lat="30.67829995416104793548583984375" lon="103.88875597156584262847900390625">
        <ele>517.79998779296875</ele>
        <time>2026-09-11T23:41:53.000Z</time>
        <extensions>
          <ns3:TrackPointExtension>
            <ns3:hr>146</ns3:hr>
            <ns3:cad>0</ns3:cad>
          </ns3:TrackPointExtension>
        </extensions>
      </trkpt>
      <trkpt lat="30.67829995416104793548583984375" lon="103.88875597156584262847900390625">
        <ele>517.79998779296875</ele>
        <time>2026-09-11T23:41:54.000Z</time>
        <extensions>
          <ns3:TrackPointExtension>
            <ns3:hr>146</ns3:hr>
            <ns3:cad>0</ns3:cad>
          </ns3:TrackPointExtension>
        </extensions>
      </trkpt>
      <trkpt lat="30.6782650016248226165771484375" lon="103.88874976895749568939208984375">
        <ele>517.5999755859375</ele>
        <time>2026-09-11T23:41:55.000Z</time>
        <extensions>
          <ns3:TrackPointExtension>
            <ns3:hr>147</ns3:hr>
            <ns3:cad>0</ns3:cad>
          </ns3:TrackPointExtension>
        </extensions>
      </trkpt>
      <trkpt lat="30.678231976926326751708984375" lon="103.8887426443397998809814453125">
        <ele>517.5999755859375</ele>
        <time>2026-09-11T23:41:56.000Z</time>
        <extensions>
          <ns3:TrackPointExtension>
            <ns3:hr>147</ns3:hr>
            <ns3:cad>0</ns3:cad>
          </ns3:TrackPointExtension>
        </extensions>
      </trkpt>
      <trkpt lat="30.678168274462223052978515625" lon="103.888742811977863311767578125">
        <ele>517.5999755859375</ele>
        <time>2026-09-11T23:41:57.000Z</time>
        <extensions>
          <ns3:TrackPointExtension>
            <ns3:hr>147</ns3:hr>
            <ns3:cad>57</ns3:cad>
          </ns3:TrackPointExtension>
        </extensions>
      </trkpt>
      <trkpt lat="30.67814103327691555023193359375" lon="103.888742811977863311767578125">
        <ele>517.5999755859375</ele>
        <time>2026-09-11T23:41:58.000Z</time>
        <extensions>
          <ns3:TrackPointExtension>
            <ns3:hr>149</ns3:hr>
            <ns3:cad>57</ns3:cad>
          </ns3:TrackPointExtension>
        </extensions>
      </trkpt>
      <trkpt lat="30.678111612796783447265625" lon="103.88874088414013385772705078125">
        <ele>517.5999755859375</ele>
        <time>2026-09-11T23:41:59.000Z</time>
        <extensions>
          <ns3:TrackPointExtension>
            <ns3:hr>152</ns3:hr>
            <ns3:cad>0</ns3:cad>
          </ns3:TrackPointExtension>
        </extensions>
      </trkpt>
      <trkpt lat="30.67808210849761962890625" lon="103.88873702846467494964599609375">
        <ele>517.5999755859375</ele>
        <time>2026-09-11T23:42:00.000Z</time>
        <extensions>
          <ns3:TrackPointExtension>
            <ns3:hr>153</ns3:hr>
            <ns3:cad>0</ns3:cad>
          </ns3:TrackPointExtension>
        </extensions>
      </trkpt>
      <trkpt lat="30.67808210849761962890625" lon="103.88873702846467494964599609375">
        <ele>517.5999755859375</ele>
        <time>2026-09-11T23:42:01.000Z</time>
        <extensions>
          <ns3:TrackPointExtension>
            <ns3:hr>156</ns3:hr>
            <ns3:cad>0</ns3:cad>
          </ns3:TrackPointExtension>
        </extensions>
      </trkpt>
      <trkpt lat="30.67801999859511852264404296875" lon="103.8887292332947254180908203125">
        <ele>517.4000244140625</ele>
        <time>2026-09-11T23:42:02.000Z</time>
        <extensions>
          <ns3:TrackPointExtension>
            <ns3:hr>157</ns3:hr>
            <ns3:cad>0</ns3:cad>
          </ns3:TrackPointExtension>
        </extensions>
      </trkpt>
      <trkpt lat="30.67798680625855922698974609375" lon="103.888728730380535125732421875">
        <ele>517.4000244140625</ele>
        <time>2026-09-11T23:42:03.000Z</time>
        <extensions>
          <ns3:TrackPointExtension>
            <ns3:hr>157</ns3:hr>
            <ns3:cad>0</ns3:cad>
          </ns3:TrackPointExtension>
        </extensions>
      </trkpt>
      <trkpt lat="30.67798680625855922698974609375" lon="103.888728730380535125732421875">
        <ele>517.4000244140625</ele>
        <time>2026-09-11T23:42:04.000Z</time>
        <extensions>
          <ns3:TrackPointExtension>
            <ns3:hr>157</ns3:hr>
            <ns3:cad>0</ns3:cad>
          </ns3:TrackPointExtension>
        </extensions>
      </trkpt>
      <trkpt lat="30.67791975103318691253662109375" lon="103.88873836956918239593505859375">
        <ele>517.4000244140625</ele>
        <time>2026-09-11T23:42:05.000Z</time>
        <extensions>
          <ns3:TrackPointExtension>
            <ns3:hr>157</ns3:hr>
            <ns3:cad>0</ns3:cad>
          </ns3:TrackPointExtension>
        </extensions>
      </trkpt>
      <trkpt lat="30.6778861396014690399169921875" lon="103.8887433148920536041259765625">
        <ele>517.4000244140625</ele>
        <time>2026-09-11T23:42:06.000Z</time>
        <extensions>
          <ns3:TrackPointExtension>
            <ns3:hr>156</ns3:hr>
            <ns3:cad>0</ns3:cad>
          </ns3:TrackPointExtension>
        </extensions>
      </trkpt>
      <trkpt lat="30.6778861396014690399169921875" lon="103.8887433148920536041259765625">
        <ele>517.4000244140625</ele>
        <time>2026-09-11T23:42:07.000Z</time>
        <extensions>
          <ns3:TrackPointExtension>
            <ns3:hr>156</ns3:hr>
            <ns3:cad>0</ns3:cad>
          </ns3:TrackPointExtension>
        </extensions>
      </trkpt>
      <trkpt lat="30.67782931029796600341796875" lon="103.88873669318854808807373046875">
        <ele>517.4000244140625</ele>
        <time>2026-09-11T23:42:08.000Z</time>
        <extensions>
          <ns3:TrackPointExtension>
            <ns3:hr>156</ns3:hr>
            <ns3:cad>0</ns3:cad>
          </ns3:TrackPointExtension>
        </extensions>
      </trkpt>
      <trkpt lat="30.677802152931690216064453125" lon="103.88873116113245487213134765625">
        <ele>517.5999755859375</ele>
        <time>2026-09-11T23:42:09.000Z</time>
        <extensions>
          <ns3:TrackPointExtension>
            <ns3:hr>155</ns3:hr>
            <ns3:cad>0</ns3:cad>
          </ns3:TrackPointExtension>
        </extensions>
      </trkpt>
      <trkpt lat="30.67777155898511409759521484375" lon="103.88872847892343997955322265625">
        <ele>517.5999755859375</ele>
        <time>2026-09-11T23:42:10.000Z</time>
        <extensions>
          <ns3:TrackPointExtension>
            <ns3:hr>154</ns3:hr>
            <ns3:cad>0</ns3:cad>
          </ns3:TrackPointExtension>
        </extensions>
      </trkpt>
      <trkpt lat="30.67774490453302860260009765625" lon="103.888727389276027679443359375">
        <ele>517.5999755859375</ele>
        <time>2026-09-11T23:42:11.000Z</time>
        <extensions>
          <ns3:TrackPointExtension>
            <ns3:hr>153</ns3:hr>
            <ns3:cad>0</ns3:cad>
          </ns3:TrackPointExtension>
        </extensions>
      </trkpt>
      <trkpt lat="30.67771456204354763031005859375" lon="103.88872361741960048675537109375">
        <ele>517.5999755859375</ele>
        <time>2026-09-11T23:42:12.000Z</time>
        <extensions>
          <ns3:TrackPointExtension>
            <ns3:hr>152</ns3:hr>
            <ns3:cad>0</ns3:cad>
          </ns3:TrackPointExtension>
        </extensions>
      </trkpt>
      <trkpt lat="30.67768354900181293487548828125" lon="103.888722360134124755859375">
        <ele>517.5999755859375</ele>
        <time>2026-09-11T23:42:13.000Z</time>
        <extensions>
          <ns3:TrackPointExtension>
            <ns3:hr>149</ns3:hr>
            <ns3:cad>0</ns3:cad>
          </ns3:TrackPointExtension>
        </extensions>
      </trkpt>
      <trkpt lat="30.67768354900181293487548828125" lon="103.888722360134124755859375">
        <ele>517.5999755859375</ele>
        <time>2026-09-11T23:42:14.000Z</time>
        <extensions>
          <ns3:TrackPointExtension>
            <ns3:hr>146</ns3:hr>
            <ns3:cad>0</ns3:cad>
          </ns3:TrackPointExtension>
        </extensions>
      </trkpt>
      <trkpt lat="30.67761850543320178985595703125" lon="103.88871909119188785552978515625">
        <ele>517.5999755859375</ele>
        <time>2026-09-11T23:42:15.000Z</time>
        <extensions>
          <ns3:TrackPointExtension>
            <ns3:hr>145</ns3:hr>
            <ns3:cad>53</ns3:cad>
          </ns3:TrackPointExtension>
        </extensions>
      </trkpt>
      <trkpt lat="30.677582211792469024658203125" lon="103.888713307678699493408203125">
        <ele>517.4000244140625</ele>
        <time>2026-09-11T23:42:16.000Z</time>
        <extensions>
          <ns3:TrackPointExtension>
            <ns3:hr>145</ns3:hr>
            <ns3:cad>53</ns3:cad>
          </ns3:TrackPointExtension>
        </extensions>
      </trkpt>
      <trkpt lat="30.67754767835140228271484375" lon="103.88870987109839916229248046875">
        <ele>517.4000244140625</ele>
        <time>2026-09-11T23:42:17.000Z</time>
        <extensions>
          <ns3:TrackPointExtension>
            <ns3:hr>145</ns3:hr>
            <ns3:cad>0</ns3:cad>
          </ns3:TrackPointExtension>
        </extensions>
      </trkpt>
      <trkpt lat="30.67751280963420867919921875" lon="103.88870635069906711578369140625">
        <ele>517.4000244140625</ele>
        <time>2026-09-11T23:42:18.000Z</time>
        <extensions>
          <ns3:TrackPointExtension>
            <ns3:hr>145</ns3:hr>
            <ns3:cad>0</ns3:cad>
          </ns3:TrackPointExtension>
        </extensions>
      </trkpt>
      <trkpt lat="30.67747852765023708343505859375" lon="103.88870283029973506927490234375">
        <ele>517.20001220703125</ele>
        <time>2026-09-11T23:42:19.000Z</time>
        <extensions>
          <ns3:TrackPointExtension>
            <ns3:hr>145</ns3:hr>
            <ns3:cad>0</ns3:cad>
          </ns3:TrackPointExtension>
        </extensions>
      </trkpt>
      <trkpt lat="30.677446089684963226318359375" lon="103.88869880698621273040771484375">
        <ele>517.20001220703125</ele>
        <time>2026-09-11T23:42:20.000Z</time>
        <extensions>
          <ns3:TrackPointExtension>
            <ns3:hr>144</ns3:hr>
            <ns3:cad>0</ns3:cad>
          </ns3:TrackPointExtension>
        </extensions>
      </trkpt>
      <trkpt lat="30.6774123944342136383056640625" lon="103.8886953704059123992919921875">
        <ele>517.4000244140625</ele>
        <time>2026-09-11T23:42:21.000Z</time>
        <extensions>
          <ns3:TrackPointExtension>
            <ns3:hr>143</ns3:hr>
            <ns3:cad>0</ns3:cad>
          </ns3:TrackPointExtension>
        </extensions>
      </trkpt>
      <trkpt lat="30.6773781962692737579345703125" lon="103.88869210146367549896240234375">
        <ele>517.4000244140625</ele>
        <time>2026-09-11T23:42:22.000Z</time>
        <extensions>
          <ns3:TrackPointExtension>
            <ns3:hr>143</ns3:hr>
            <ns3:cad>0</ns3:cad>
          </ns3:TrackPointExtension>
        </extensions>
      </trkpt>
      <trkpt lat="30.677344501018524169921875" lon="103.88868774287402629852294921875">
        <ele>517.4000244140625</ele>
        <time>2026-09-11T23:42:23.000Z</time>
        <extensions>
          <ns3:TrackPointExtension>
            <ns3:hr>142</ns3:hr>
            <ns3:cad>0</ns3:cad>
          </ns3:TrackPointExtension>
        </extensions>
      </trkpt>
      <trkpt lat="30.6773097999393939971923828125" lon="103.888684473931789398193359375">
        <ele>517.4000244140625</ele>
        <time>2026-09-11T23:42:24.000Z</time>
        <extensions>
          <ns3:TrackPointExtension>
            <ns3:hr>142</ns3:hr>
            <ns3:cad>0</ns3:cad>
          </ns3:TrackPointExtension>
        </extensions>
      </trkpt>
      <trkpt lat="30.67727434448897838592529296875" lon="103.88868120498955249786376953125">
        <ele>517.4000244140625</ele>
        <time>2026-09-11T23:42:25.000Z</time>
        <extensions>
          <ns3:TrackPointExtension>
            <ns3:hr>142</ns3:hr>
            <ns3:cad>0</ns3:cad>
          </ns3:TrackPointExtension>
        </extensions>
      </trkpt>
      <trkpt lat="30.67724131979048252105712890625" lon="103.88867584057152271270751953125">
        <ele>517.20001220703125</ele>
        <time>2026-09-11T23:42:26.000Z</time>
        <extensions>
          <ns3:TrackPointExtension>
            <ns3:hr>142</ns3:hr>
            <ns3:cad>0</ns3:cad>
          </ns3:TrackPointExtension>
        </extensions>
      </trkpt>
      <trkpt lat="30.677210390567779541015625" lon="103.88867550529539585113525390625">
        <ele>517.20001220703125</ele>
        <time>2026-09-11T23:42:27.000Z</time>
        <extensions>
          <ns3:TrackPointExtension>
            <ns3:hr>141</ns3:hr>
            <ns3:cad>0</ns3:cad>
          </ns3:TrackPointExtension>
        </extensions>
      </trkpt>
      <trkpt lat="30.677210390567779541015625" lon="103.88867550529539585113525390625">
        <ele>517.20001220703125</ele>
        <time>2026-09-11T23:42:28.000Z</time>
        <extensions>
          <ns3:TrackPointExtension>
            <ns3:hr>142</ns3:hr>
            <ns3:cad>0</ns3:cad>
          </ns3:TrackPointExtension>
        </extensions>
      </trkpt>
      <trkpt lat="30.67714534699916839599609375" lon="103.88867651112377643585205078125">
        <ele>517.20001220703125</ele>
        <time>2026-09-11T23:42:29.000Z</time>
        <extensions>
          <ns3:TrackPointExtension>
            <ns3:hr>142</ns3:hr>
            <ns3:cad>0</ns3:cad>
          </ns3:TrackPointExtension>
        </extensions>
      </trkpt>
      <trkpt lat="30.67711207084357738494873046875" lon="103.88866796158254146575927734375">
        <ele>517.20001220703125</ele>
        <time>2026-09-11T23:42:30.000Z</time>
        <extensions>
          <ns3:TrackPointExtension>
            <ns3:hr>142</ns3:hr>
            <ns3:cad>0</ns3:cad>
          </ns3:TrackPointExtension>
        </extensions>
      </trkpt>
      <trkpt lat="30.6770791299641132354736328125" lon="103.8886631838977336883544921875">
        <ele>517.20001220703125</ele>
        <time>2026-09-11T23:42:31.000Z</time>
        <extensions>
          <ns3:TrackPointExtension>
            <ns3:hr>142</ns3:hr>
            <ns3:cad>0</ns3:cad>
          </ns3:TrackPointExtension>
        </extensions>
      </trkpt>
      <trkpt lat="30.677044428884983062744140625" lon="103.88866075314581394195556640625">
        <ele>517.20001220703125</ele>
        <time>2026-09-11T23:42:32.000Z</time>
        <extensions>
          <ns3:TrackPointExtension>
            <ns3:hr>142</ns3:hr>
            <ns3:cad>0</ns3:cad>
          </ns3:TrackPointExtension>
        </extensions>
      </trkpt>
      <trkpt lat="30.677010901272296905517578125" lon="103.88865723274648189544677734375">
        <ele>517</ele>
        <time>2026-09-11T23:42:33.000Z</time>
        <extensions>
          <ns3:TrackPointExtension>
            <ns3:hr>142</ns3:hr>
            <ns3:cad>0</ns3:cad>
          </ns3:TrackPointExtension>
        </extensions>
      </trkpt>
      <trkpt lat="30.677010901272296905517578125" lon="103.88865723274648189544677734375">
        <ele>517</ele>
        <time>2026-09-11T23:42:34.000Z</time>
        <extensions>
          <ns3:TrackPointExtension>
            <ns3:hr>142</ns3:hr>
            <ns3:cad>0</ns3:cad>
          </ns3:TrackPointExtension>
        </extensions>
      </trkpt>
      <trkpt lat="30.67697812803089618682861328125" lon="103.8886566460132598876953125">
        <ele>517</ele>
        <time>2026-09-11T23:42:35.000Z</time>
        <extensions>
          <ns3:TrackPointExtension>
            <ns3:hr>142</ns3:hr>
            <ns3:cad>0</ns3:cad>
          </ns3:TrackPointExtension>
        </extensions>
      </trkpt>
      <trkpt lat="30.67694510333240032196044921875" lon="103.88865455053746700286865234375">
        <ele>517</ele>
        <time>2026-09-11T23:42:36.000Z</time>
        <extensions>
          <ns3:TrackPointExtension>
            <ns3:hr>142</ns3:hr>
            <ns3:cad>0</ns3:cad>
          </ns3:TrackPointExtension>
        </extensions>
      </trkpt>
      <trkpt lat="30.67691392265260219573974609375" lon="103.8886551372706890106201171875">
        <ele>517</ele>
        <time>2026-09-11T23:42:37.000Z</time>
        <extensions>
          <ns3:TrackPointExtension>
            <ns3:hr>140</ns3:hr>
            <ns3:cad>0</ns3:cad>
          </ns3:TrackPointExtension>
        </extensions>
      </trkpt>
      <trkpt lat="30.67685022018849849700927734375" lon="103.88866175897419452667236328125">
        <ele>517</ele>
        <time>2026-09-11T23:42:38.000Z</time>
        <extensions>
          <ns3:TrackPointExtension>
            <ns3:hr>138</ns3:hr>
            <ns3:cad>0</ns3:cad>
          </ns3:TrackPointExtension>
        </extensions>
      </trkpt>
      <trkpt lat="30.67685022018849849700927734375" lon="103.88866175897419452667236328125">
        <ele>517</ele>
        <time>2026-09-11T23:42:39.000Z</time>
        <extensions>
          <ns3:TrackPointExtension>
            <ns3:hr>137</ns3:hr>
            <ns3:cad>0</ns3:cad>
          </ns3:TrackPointExtension>
        </extensions>
      </trkpt>
      <trkpt lat="30.676816441118717193603515625" lon="103.888661675155162811279296875">
        <ele>517</ele>
        <time>2026-09-11T23:42:40.000Z</time>
        <extensions>
          <ns3:TrackPointExtension>
            <ns3:hr>130</ns3:hr>
            <ns3:cad>0</ns3:cad>
          </ns3:TrackPointExtension>
        </extensions>
      </trkpt>
      <trkpt lat="30.6767503917217254638671875" lon="103.88865672983229160308837890625">
        <ele>517.20001220703125</ele>
        <time>2026-09-11T23:42:41.000Z</time>
        <extensions>
          <ns3:TrackPointExtension>
            <ns3:hr>128</ns3:hr>
            <ns3:cad>0</ns3:cad>
          </ns3:TrackPointExtension>
        </extensions>
      </trkpt>
      <trkpt lat="30.67671594209969043731689453125" lon="103.888652622699737548828125">
        <ele>517.20001220703125</ele>
        <time>2026-09-11T23:42:42.000Z</time>
        <extensions>
          <ns3:TrackPointExtension>
            <ns3:hr>128</ns3:hr>
            <ns3:cad>0</ns3:cad>
          </ns3:TrackPointExtension>
        </extensions>
      </trkpt>
      <trkpt lat="30.67671594209969043731689453125" lon="103.888652622699737548828125">
        <ele>517</ele>
        <time>2026-09-11T23:42:43.000Z</time>
        <extensions>
          <ns3:TrackPointExtension>
            <ns3:hr>128</ns3:hr>
            <ns3:cad>0</ns3:cad>
          </ns3:TrackPointExtension>
        </extensions>
      </trkpt>
      <trkpt lat="30.67668057046830654144287109375" lon="103.8886467553675174713134765625">
        <ele>517</ele>
        <time>2026-09-11T23:42:44.000Z</time>
        <extensions>
          <ns3:TrackPointExtension>
            <ns3:hr>128</ns3:hr>
            <ns3:cad>0</ns3:cad>
          </ns3:TrackPointExtension>
        </extensions>
      </trkpt>
      <trkpt lat="30.67664586938917636871337890625" lon="103.8886403851211071014404296875">
        <ele>517</ele>
        <time>2026-09-11T23:42:45.000Z</time>
        <extensions>
          <ns3:TrackPointExtension>
            <ns3:hr>128</ns3:hr>
            <ns3:cad>0</ns3:cad>
          </ns3:TrackPointExtension>
        </extensions>
      </trkpt>
      <trkpt lat="30.67661292850971221923828125" lon="103.8886340148746967315673828125">
        <ele>517.20001220703125</ele>
        <time>2026-09-11T23:42:46.000Z</time>
        <extensions>
          <ns3:TrackPointExtension>
            <ns3:hr>128</ns3:hr>
            <ns3:cad>0</ns3:cad>
          </ns3:TrackPointExtension>
        </extensions>
      </trkpt>
      <trkpt lat="30.67658199928700923919677734375" lon="103.88863208703696727752685546875">
        <ele>517.20001220703125</ele>
        <time>2026-09-11T23:42:47.000Z</time>
        <extensions>
          <ns3:TrackPointExtension>
            <ns3:hr>128</ns3:hr>
            <ns3:cad>0</ns3:cad>
          </ns3:TrackPointExtension>
        </extensions>
      </trkpt>
      <trkpt lat="30.67654964514076709747314453125" lon="103.88862915337085723876953125">
        <ele>517.20001220703125</ele>
        <time>2026-09-11T23:42:48.000Z</time>
        <extensions>
          <ns3:TrackPointExtension>
            <ns3:hr>128</ns3:hr>
            <ns3:cad>0</ns3:cad>
          </ns3:TrackPointExtension>
        </extensions>
      </trkpt>
      <trkpt lat="30.6764853559434413909912109375" lon="103.88862538151443004608154296875">
        <ele>517</ele>
        <time>2026-09-11T23:42:49.000Z</time>
        <extensions>
          <ns3:TrackPointExtension>
            <ns3:hr>128</ns3:hr>
            <ns3:cad>0</ns3:cad>
          </ns3:TrackPointExtension>
        </extensions>
      </trkpt>
      <trkpt lat="30.67645358853042125701904296875" lon="103.888622112572193145751953125">
        <ele>517</ele>
        <time>2026-09-11T23:42:50.000Z</time>
        <extensions>
          <ns3:TrackPointExtension>
            <ns3:hr>127</ns3:hr>
            <ns3:cad>0</ns3:cad>
          </ns3:TrackPointExtension>
        </extensions>
      </trkpt>
      <trkpt lat="30.676423497498035430908203125" lon="103.8886242918670177459716796875">
        <ele>517</ele>
        <time>2026-09-11T23:42:51.000Z</time>
        <extensions>
          <ns3:TrackPointExtension>
            <ns3:hr>128</ns3:hr>
            <ns3:cad>0</ns3:cad>
          </ns3:TrackPointExtension>
        </extensions>
      </trkpt>
      <trkpt lat="30.676389969885349273681640625" lon="103.8886232860386371612548828125">
        <ele>517</ele>
        <time>2026-09-11T23:42:52.000Z</time>
        <extensions>
          <ns3:TrackPointExtension>
            <ns3:hr>128</ns3:hr>
            <ns3:cad>0</ns3:cad>
          </ns3:TrackPointExtension>
        </extensions>
      </trkpt>
      <trkpt lat="30.676356442272663116455078125" lon="103.8886209391057491302490234375">
        <ele>517</ele>
        <time>2026-09-11T23:42:53.000Z</time>
        <extensions>
          <ns3:TrackPointExtension>
            <ns3:hr>128</ns3:hr>
            <ns3:cad>0</ns3:cad>
          </ns3:TrackPointExtension>
        </extensions>
      </trkpt>
      <trkpt lat="30.67632459104061126708984375" lon="103.8886165805160999298095703125">
        <ele>517.20001220703125</ele>
        <time>2026-09-11T23:42:54.000Z</time>
        <extensions>
          <ns3:TrackPointExtension>
            <ns3:hr>128</ns3:hr>
            <ns3:cad>0</ns3:cad>
          </ns3:TrackPointExtension>
        </extensions>
      </trkpt>
      <trkpt lat="30.67632459104061126708984375" lon="103.8886165805160999298095703125">
        <ele>517.20001220703125</ele>
        <time>2026-09-11T23:42:55.000Z</time>
        <extensions>
          <ns3:TrackPointExtension>
            <ns3:hr>127</ns3:hr>
            <ns3:cad>0</ns3:cad>
          </ns3:TrackPointExtension>
        </extensions>
      </trkpt>
      <trkpt lat="30.67625887691974639892578125" lon="103.88860903680324554443359375">
        <ele>517.20001220703125</ele>
        <time>2026-09-11T23:42:56.000Z</time>
        <extensions>
          <ns3:TrackPointExtension>
            <ns3:hr>127</ns3:hr>
            <ns3:cad>0</ns3:cad>
          </ns3:TrackPointExtension>
        </extensions>
      </trkpt>
      <trkpt lat="30.67622375674545764923095703125" lon="103.88860476203262805938720703125">
        <ele>517.20001220703125</ele>
        <time>2026-09-11T23:42:57.000Z</time>
        <extensions>
          <ns3:TrackPointExtension>
            <ns3:hr>127</ns3:hr>
            <ns3:cad>0</ns3:cad>
          </ns3:TrackPointExtension>
        </extensions>
      </trkpt>
      <trkpt lat="30.67618913948535919189453125" lon="103.8886045105755329132080078125">
        <ele>517.20001220703125</ele>
        <time>2026-09-11T23:42:58.000Z</time>
        <extensions>
          <ns3:TrackPointExtension>
            <ns3:hr>127</ns3:hr>
            <ns3:cad>0</ns3:cad>
          </ns3:TrackPointExtension>
        </extensions>
      </trkpt>
      <trkpt lat="30.67615686915814876556396484375" lon="103.88860367238521575927734375">
        <ele>517.20001220703125</ele>
        <time>2026-09-11T23:42:59.000Z</time>
        <extensions>
          <ns3:TrackPointExtension>
            <ns3:hr>126</ns3:hr>
            <ns3:cad>0</ns3:cad>
          </ns3:TrackPointExtension>
        </extensions>
      </trkpt>
      <trkpt lat="30.67612552084028720855712890625" lon="103.88860166072845458984375">
        <ele>517.20001220703125</ele>
        <time>2026-09-11T23:43:00.000Z</time>
        <extensions>
          <ns3:TrackPointExtension>
            <ns3:hr>125</ns3:hr>
            <ns3:cad>0</ns3:cad>
          </ns3:TrackPointExtension>
        </extensions>
      </trkpt>
      <trkpt lat="30.67612552084028720855712890625" lon="103.88860166072845458984375">
        <ele>517.20001220703125</ele>
        <time>2026-09-11T23:43:01.000Z</time>
        <extensions>
          <ns3:TrackPointExtension>
            <ns3:hr>125</ns3:hr>
            <ns3:cad>0</ns3:cad>
          </ns3:TrackPointExtension>
        </extensions>
      </trkpt>
      <trkpt lat="30.6760927475988864898681640625" lon="103.88859755359590053558349609375">
        <ele>517.20001220703125</ele>
        <time>2026-09-11T23:43:02.000Z</time>
        <extensions>
          <ns3:TrackPointExtension>
            <ns3:hr>125</ns3:hr>
            <ns3:cad>54</ns3:cad>
          </ns3:TrackPointExtension>
        </extensions>
      </trkpt>
      <trkpt lat="30.67602929659187793731689453125" lon="103.88859403319656848907470703125">
        <ele>517.20001220703125</ele>
        <time>2026-09-11T23:43:03.000Z</time>
        <extensions>
          <ns3:TrackPointExtension>
            <ns3:hr>126</ns3:hr>
            <ns3:cad>54</ns3:cad>
          </ns3:TrackPointExtension>
        </extensions>
      </trkpt>
      <trkpt lat="30.67599811591207981109619140625" lon="103.88859185390174388885498046875">
        <ele>517.20001220703125</ele>
        <time>2026-09-11T23:43:04.000Z</time>
        <extensions>
          <ns3:TrackPointExtension>
            <ns3:hr>125</ns3:hr>
            <ns3:cad>0</ns3:cad>
          </ns3:TrackPointExtension>
        </extensions>
      </trkpt>
      <trkpt lat="30.67596626468002796173095703125" lon="103.8885887525975704193115234375">
        <ele>517.4000244140625</ele>
        <time>2026-09-11T23:43:05.000Z</time>
        <extensions>
          <ns3:TrackPointExtension>
            <ns3:hr>126</ns3:hr>
            <ns3:cad>0</ns3:cad>
          </ns3:TrackPointExtension>
        </extensions>
      </trkpt>
      <trkpt lat="30.6759338267147541046142578125" lon="103.88858397491276264190673828125">
        <ele>517.4000244140625</ele>
        <time>2026-09-11T23:43:06.000Z</time>
        <extensions>
          <ns3:TrackPointExtension>
            <ns3:hr>126</ns3:hr>
            <ns3:cad>0</ns3:cad>
          </ns3:TrackPointExtension>
        </extensions>
      </trkpt>
      <trkpt lat="30.6759338267147541046142578125" lon="103.88858397491276264190673828125">
        <ele>517.20001220703125</ele>
        <time>2026-09-11T23:43:07.000Z</time>
        <extensions>
          <ns3:TrackPointExtension>
            <ns3:hr>126</ns3:hr>
            <ns3:cad>0</ns3:cad>
          </ns3:TrackPointExtension>
        </extensions>
      </trkpt>
      <trkpt lat="30.67586819641292095184326171875" lon="103.88857425190508365631103515625">
        <ele>517.20001220703125</ele>
        <time>2026-09-11T23:43:08.000Z</time>
        <extensions>
          <ns3:TrackPointExtension>
            <ns3:hr>126</ns3:hr>
            <ns3:cad>0</ns3:cad>
          </ns3:TrackPointExtension>
        </extensions>
      </trkpt>
      <trkpt lat="30.67586819641292095184326171875" lon="103.88857425190508365631103515625">
        <ele>517.20001220703125</ele>
        <time>2026-09-11T23:43:09.000Z</time>
        <extensions>
          <ns3:TrackPointExtension>
            <ns3:hr>125</ns3:hr>
            <ns3:cad>0</ns3:cad>
          </ns3:TrackPointExtension>
        </extensions>
      </trkpt>
      <trkpt lat="30.6758359260857105255126953125" lon="103.888570480048656463623046875">
        <ele>517.20001220703125</ele>
        <time>2026-09-11T23:43:10.000Z</time>
        <extensions>
          <ns3:TrackPointExtension>
            <ns3:hr>126</ns3:hr>
            <ns3:cad>0</ns3:cad>
          </ns3:TrackPointExtension>
        </extensions>
      </trkpt>
      <trkpt lat="30.6758007220923900604248046875" lon="103.8885672949254512786865234375">
        <ele>517.20001220703125</ele>
        <time>2026-09-11T23:43:11.000Z</time>
        <extensions>
          <ns3:TrackPointExtension>
            <ns3:hr>126</ns3:hr>
            <ns3:cad>0</ns3:cad>
          </ns3:TrackPointExtension>
        </extensions>
      </trkpt>
      <trkpt lat="30.67573291249573230743408203125" lon="103.88856385834515094757080078125">
        <ele>517.20001220703125</ele>
        <time>2026-09-11T23:43:12.000Z</time>
        <extensions>
          <ns3:TrackPointExtension>
            <ns3:hr>125</ns3:hr>
            <ns3:cad>0</ns3:cad>
          </ns3:TrackPointExtension>
        </extensions>
      </trkpt>
      <trkpt lat="30.67569837905466556549072265625" lon="103.88856754638254642486572265625">
        <ele>517.20001220703125</ele>
        <time>2026-09-11T23:43:13.000Z</time>
        <extensions>
          <ns3:TrackPointExtension>
            <ns3:hr>125</ns3:hr>
            <ns3:cad>0</ns3:cad>
          </ns3:TrackPointExtension>
        </extensions>
      </trkpt>
      <trkpt lat="30.675666444003582000732421875" lon="103.888567127287387847900390625">
        <ele>517.20001220703125</ele>
        <time>2026-09-11T23:43:14.000Z</time>
        <extensions>
          <ns3:TrackPointExtension>
            <ns3:hr>125</ns3:hr>
            <ns3:cad>72</ns3:cad>
          </ns3:TrackPointExtension>
        </extensions>
      </trkpt>
      <trkpt lat="30.6756350956857204437255859375" lon="103.88856478035449981689453125">
        <ele>517.20001220703125</ele>
        <time>2026-09-11T23:43:15.000Z</time>
        <extensions>
          <ns3:TrackPointExtension>
            <ns3:hr>125</ns3:hr>
            <ns3:cad>72</ns3:cad>
          </ns3:TrackPointExtension>
        </extensions>
      </trkpt>
      <trkpt lat="30.6756350956857204437255859375" lon="103.88856478035449981689453125">
        <ele>517.20001220703125</ele>
        <time>2026-09-11T23:43:16.000Z</time>
        <extensions>
          <ns3:TrackPointExtension>
            <ns3:hr>125</ns3:hr>
            <ns3:cad>0</ns3:cad>
          </ns3:TrackPointExtension>
        </extensions>
      </trkpt>
      <trkpt lat="30.67557156085968017578125" lon="103.88855681754648685455322265625">
        <ele>517.20001220703125</ele>
        <time>2026-09-11T23:43:17.000Z</time>
        <extensions>
          <ns3:TrackPointExtension>
            <ns3:hr>125</ns3:hr>
            <ns3:cad>0</ns3:cad>
          </ns3:TrackPointExtension>
        </extensions>
      </trkpt>
      <trkpt lat="30.67553794942796230316162109375" lon="103.88855363242328166961669921875">
        <ele>517.20001220703125</ele>
        <time>2026-09-11T23:43:18.000Z</time>
        <extensions>
          <ns3:TrackPointExtension>
            <ns3:hr>125</ns3:hr>
            <ns3:cad>0</ns3:cad>
          </ns3:TrackPointExtension>
        </extensions>
      </trkpt>
      <trkpt lat="30.6755103729665279388427734375" lon="103.88855027966201305389404296875">
        <ele>517.20001220703125</ele>
        <time>2026-09-11T23:43:19.000Z</time>
        <extensions>
          <ns3:TrackPointExtension>
            <ns3:hr>125</ns3:hr>
            <ns3:cad>72</ns3:cad>
          </ns3:TrackPointExtension>
        </extensions>
      </trkpt>
      <trkpt lat="30.6755103729665279388427734375" lon="103.88855027966201305389404296875">
        <ele>517.20001220703125</ele>
        <time>2026-09-11T23:43:20.000Z</time>
        <extensions>
          <ns3:TrackPointExtension>
            <ns3:hr>126</ns3:hr>
            <ns3:cad>72</ns3:cad>
          </ns3:TrackPointExtension>
        </extensions>
      </trkpt>
      <trkpt lat="30.67544491030275821685791015625" lon="103.888536952435970306396484375">
        <ele>517.20001220703125</ele>
        <time>2026-09-11T23:43:21.000Z</time>
        <extensions>
          <ns3:TrackPointExtension>
            <ns3:hr>126</ns3:hr>
            <ns3:cad>0</ns3:cad>
          </ns3:TrackPointExtension>
        </extensions>
      </trkpt>
      <trkpt lat="30.6754131428897380828857421875" lon="103.88853200711309909820556640625">
        <ele>517.20001220703125</ele>
        <time>2026-09-11T23:43:22.000Z</time>
        <extensions>
          <ns3:TrackPointExtension>
            <ns3:hr>126</ns3:hr>
            <ns3:cad>0</ns3:cad>
          </ns3:TrackPointExtension>
        </extensions>
      </trkpt>
      <trkpt lat="30.6753822974860668182373046875" lon="103.88852764852344989776611328125">
        <ele>517.4000244140625</ele>
        <time>2026-09-11T23:43:23.000Z</time>
        <extensions>
          <ns3:TrackPointExtension>
            <ns3:hr>125</ns3:hr>
            <ns3:cad>0</ns3:cad>
          </ns3:TrackPointExtension>
        </extensions>
      </trkpt>
      <trkpt lat="30.67535270936787128448486328125" lon="103.88852530159056186676025390625">
        <ele>517.4000244140625</ele>
        <time>2026-09-11T23:43:24.000Z</time>
        <extensions>
          <ns3:TrackPointExtension>
            <ns3:hr>125</ns3:hr>
            <ns3:cad>0</ns3:cad>
          </ns3:TrackPointExtension>
        </extensions>
      </trkpt>
      <trkpt lat="30.67532085813581943511962890625" lon="103.88852345757186412811279296875">
        <ele>517.4000244140625</ele>
        <time>2026-09-11T23:43:25.000Z</time>
        <extensions>
          <ns3:TrackPointExtension>
            <ns3:hr>125</ns3:hr>
            <ns3:cad>0</ns3:cad>
          </ns3:TrackPointExtension>
        </extensions>
      </trkpt>
      <trkpt lat="30.67532085813581943511962890625" lon="103.88852345757186412811279296875">
        <ele>517.20001220703125</ele>
        <time>2026-09-11T23:43:26.000Z</time>
        <extensions>
          <ns3:TrackPointExtension>
            <ns3:hr>124</ns3:hr>
            <ns3:cad>0</ns3:cad>
          </ns3:TrackPointExtension>
        </extensions>
      </trkpt>
      <trkpt lat="30.6752550601959228515625" lon="103.88851583003997802734375">
        <ele>517.4000244140625</ele>
        <time>2026-09-11T23:43:27.000Z</time>
        <extensions>
          <ns3:TrackPointExtension>
            <ns3:hr>123</ns3:hr>
            <ns3:cad>0</ns3:cad>
          </ns3:TrackPointExtension>
        </extensions>
      </trkpt>
      <trkpt lat="30.6752550601959228515625" lon="103.88851583003997802734375">
        <ele>517.4000244140625</ele>
        <time>2026-09-11T23:43:28.000Z</time>
        <extensions>
          <ns3:TrackPointExtension>
            <ns3:hr>122</ns3:hr>
            <ns3:cad>0</ns3:cad>
          </ns3:TrackPointExtension>
        </extensions>
      </trkpt>
      <trkpt lat="30.6752240471541881561279296875" lon="103.8885136507451534271240234375">
        <ele>517.4000244140625</ele>
        <time>2026-09-11T23:43:29.000Z</time>
        <extensions>
          <ns3:TrackPointExtension>
            <ns3:hr>121</ns3:hr>
            <ns3:cad>0</ns3:cad>
          </ns3:TrackPointExtension>
        </extensions>
      </trkpt>
      <trkpt lat="30.67519295029342174530029296875" lon="103.88851247727870941162109375">
        <ele>517.20001220703125</ele>
        <time>2026-09-11T23:43:30.000Z</time>
        <extensions>
          <ns3:TrackPointExtension>
            <ns3:hr>117</ns3:hr>
            <ns3:cad>0</ns3:cad>
          </ns3:TrackPointExtension>
        </extensions>
      </trkpt>
      <trkpt lat="30.67515925504267215728759765625" lon="103.888512142002582550048828125">
        <ele>517.20001220703125</ele>
        <time>2026-09-11T23:43:31.000Z</time>
        <extensions>
          <ns3:TrackPointExtension>
            <ns3:hr>116</ns3:hr>
            <ns3:cad>0</ns3:cad>
          </ns3:TrackPointExtension>
        </extensions>
      </trkpt>
      <trkpt lat="30.67512790672481060028076171875" lon="103.88850987888872623443603515625">
        <ele>517.20001220703125</ele>
        <time>2026-09-11T23:43:32.000Z</time>
        <extensions>
          <ns3:TrackPointExtension>
            <ns3:hr>116</ns3:hr>
            <ns3:cad>0</ns3:cad>
          </ns3:TrackPointExtension>
        </extensions>
      </trkpt>
      <trkpt lat="30.675060935318470001220703125" lon="103.88850870542228221893310546875">
        <ele>517.20001220703125</ele>
        <time>2026-09-11T23:43:33.000Z</time>
        <extensions>
          <ns3:TrackPointExtension>
            <ns3:hr>116</ns3:hr>
            <ns3:cad>0</ns3:cad>
          </ns3:TrackPointExtension>
        </extensions>
      </trkpt>
      <trkpt lat="30.675060935318470001220703125" lon="103.88850870542228221893310546875">
        <ele>517.20001220703125</ele>
        <time>2026-09-11T23:43:34.000Z</time>
        <extensions>
          <ns3:TrackPointExtension>
            <ns3:hr>115</ns3:hr>
            <ns3:cad>0</ns3:cad>
          </ns3:TrackPointExtension>
        </extensions>
      </trkpt>
      <trkpt lat="30.67503050900995731353759765625" lon="103.88850987888872623443603515625">
        <ele>517.20001220703125</ele>
        <time>2026-09-11T23:43:35.000Z</time>
        <extensions>
          <ns3:TrackPointExtension>
            <ns3:hr>115</ns3:hr>
            <ns3:cad>0</ns3:cad>
          </ns3:TrackPointExtension>
        </extensions>
      </trkpt>
      <trkpt lat="30.67496999166905879974365234375" lon="103.88850652612745761871337890625">
        <ele>517.20001220703125</ele>
        <time>2026-09-11T23:43:36.000Z</time>
        <extensions>
          <ns3:TrackPointExtension>
            <ns3:hr>115</ns3:hr>
            <ns3:cad>0</ns3:cad>
          </ns3:TrackPointExtension>
        </extensions>
      </trkpt>
      <trkpt lat="30.67494048736989498138427734375" lon="103.888506107032299041748046875">
        <ele>517.4000244140625</ele>
        <time>2026-09-11T23:43:37.000Z</time>
        <extensions>
          <ns3:TrackPointExtension>
            <ns3:hr>116</ns3:hr>
            <ns3:cad>0</ns3:cad>
          </ns3:TrackPointExtension>
        </extensions>
      </trkpt>
      <trkpt lat="30.67491316236555576324462890625" lon="103.88850434683263301849365234375">
        <ele>517.20001220703125</ele>
        <time>2026-09-11T23:43:38.000Z</time>
        <extensions>
          <ns3:TrackPointExtension>
            <ns3:hr>115</ns3:hr>
            <ns3:cad>0</ns3:cad>
          </ns3:TrackPointExtension>
        </extensions>
      </trkpt>
      <trkpt lat="30.6748862564563751220703125" lon="103.88849931769073009490966796875">
        <ele>517.20001220703125</ele>
        <time>2026-09-11T23:43:39.000Z</time>
        <extensions>
          <ns3:TrackPointExtension>
            <ns3:hr>115</ns3:hr>
            <ns3:cad>0</ns3:cad>
          </ns3:TrackPointExtension>
        </extensions>
      </trkpt>
      <trkpt lat="30.674860775470733642578125" lon="103.88849445618689060211181640625">
        <ele>517.4000244140625</ele>
        <time>2026-09-11T23:43:40.000Z</time>
        <extensions>
          <ns3:TrackPointExtension>
            <ns3:hr>115</ns3:hr>
            <ns3:cad>0</ns3:cad>
          </ns3:TrackPointExtension>
        </extensions>
      </trkpt>
      <trkpt lat="30.67483521066606044769287109375" lon="103.88848808594048023223876953125">
        <ele>517.4000244140625</ele>
        <time>2026-09-11T23:43:41.000Z</time>
        <extensions>
          <ns3:TrackPointExtension>
            <ns3:hr>115</ns3:hr>
            <ns3:cad>0</ns3:cad>
          </ns3:TrackPointExtension>
        </extensions>
      </trkpt>
      <trkpt lat="30.6748093105852603912353515625" lon="103.88848775066435337066650390625">
        <ele>517.4000244140625</ele>
        <time>2026-09-11T23:43:42.000Z</time>
        <extensions>
          <ns3:TrackPointExtension>
            <ns3:hr>116</ns3:hr>
            <ns3:cad>0</ns3:cad>
          </ns3:TrackPointExtension>
        </extensions>
      </trkpt>
      <trkpt lat="30.67478223703801631927490234375" lon="103.8884824700653553009033203125">
        <ele>517.4000244140625</ele>
        <time>2026-09-11T23:43:43.000Z</time>
        <extensions>
          <ns3:TrackPointExtension>
            <ns3:hr>115</ns3:hr>
            <ns3:cad>0</ns3:cad>
          </ns3:TrackPointExtension>
        </extensions>
      </trkpt>
      <trkpt lat="30.67475507967174053192138671875" lon="103.888477273285388946533203125">
        <ele>517.4000244140625</ele>
        <time>2026-09-11T23:43:44.000Z</time>
        <extensions>
          <ns3:TrackPointExtension>
            <ns3:hr>115</ns3:hr>
            <ns3:cad>0</ns3:cad>
          </ns3:TrackPointExtension>
        </extensions>
      </trkpt>
      <trkpt lat="30.67472507245838642120361328125" lon="103.88847014866769313812255859375">
        <ele>517.20001220703125</ele>
        <time>2026-09-11T23:43:45.000Z</time>
        <extensions>
          <ns3:TrackPointExtension>
            <ns3:hr>115</ns3:hr>
            <ns3:cad>0</ns3:cad>
          </ns3:TrackPointExtension>
        </extensions>
      </trkpt>
      <trkpt lat="30.6746983341872692108154296875" lon="103.8884626887738704681396484375">
        <ele>517.20001220703125</ele>
        <time>2026-09-11T23:43:46.000Z</time>
        <extensions>
          <ns3:TrackPointExtension>
            <ns3:hr>115</ns3:hr>
            <ns3:cad>0</ns3:cad>
          </ns3:TrackPointExtension>
        </extensions>
      </trkpt>
      <trkpt lat="30.6746705062687397003173828125" lon="103.88845170848071575164794921875">
        <ele>517.20001220703125</ele>
        <time>2026-09-11T23:43:47.000Z</time>
        <extensions>
          <ns3:TrackPointExtension>
            <ns3:hr>115</ns3:hr>
            <ns3:cad>0</ns3:cad>
          </ns3:TrackPointExtension>
        </extensions>
      </trkpt>
      <trkpt lat="30.67464024759829044342041015625" lon="103.8884447515010833740234375">
        <ele>517.20001220703125</ele>
        <time>2026-09-11T23:43:48.000Z</time>
        <extensions>
          <ns3:TrackPointExtension>
            <ns3:hr>115</ns3:hr>
            <ns3:cad>0</ns3:cad>
          </ns3:TrackPointExtension>
        </extensions>
      </trkpt>
      <trkpt lat="30.67464024759829044342041015625" lon="103.8884447515010833740234375">
        <ele>517.20001220703125</ele>
        <time>2026-09-11T23:43:49.000Z</time>
        <extensions>
          <ns3:TrackPointExtension>
            <ns3:hr>116</ns3:hr>
            <ns3:cad>0</ns3:cad>
          </ns3:TrackPointExtension>
        </extensions>
      </trkpt>
      <trkpt lat="30.67460822872817516326904296875" lon="103.88843779452145099639892578125">
        <ele>517.20001220703125</ele>
        <time>2026-09-11T23:43:50.000Z</time>
        <extensions>
          <ns3:TrackPointExtension>
            <ns3:hr>116</ns3:hr>
            <ns3:cad>0</ns3:cad>
          </ns3:TrackPointExtension>
        </extensions>
      </trkpt>
      <trkpt lat="30.67453983239829540252685546875" lon="103.88842790387570858001708984375">
        <ele>517.20001220703125</ele>
        <time>2026-09-11T23:43:51.000Z</time>
        <extensions>
          <ns3:TrackPointExtension>
            <ns3:hr>116</ns3:hr>
            <ns3:cad>0</ns3:cad>
          </ns3:TrackPointExtension>
        </extensions>
      </trkpt>
      <trkpt lat="30.67453983239829540252685546875" lon="103.88842790387570858001708984375">
        <ele>517.20001220703125</ele>
        <time>2026-09-11T23:43:52.000Z</time>
        <extensions>
          <ns3:TrackPointExtension>
            <ns3:hr>116</ns3:hr>
            <ns3:cad>0</ns3:cad>
          </ns3:TrackPointExtension>
        </extensions>
      </trkpt>
      <trkpt lat="30.67447562702000141143798828125" lon="103.88841415755450725555419921875">
        <ele>517.20001220703125</ele>
        <time>2026-09-11T23:43:53.000Z</time>
        <extensions>
          <ns3:TrackPointExtension>
            <ns3:hr>117</ns3:hr>
            <ns3:cad>0</ns3:cad>
          </ns3:TrackPointExtension>
        </extensions>
      </trkpt>
      <trkpt lat="30.67444545216858386993408203125" lon="103.88840510509908199310302734375">
        <ele>517.20001220703125</ele>
        <time>2026-09-11T23:43:54.000Z</time>
        <extensions>
          <ns3:TrackPointExtension>
            <ns3:hr>116</ns3:hr>
            <ns3:cad>0</ns3:cad>
          </ns3:TrackPointExtension>
        </extensions>
      </trkpt>
      <trkpt lat="30.674415528774261474609375" lon="103.8883969746530055999755859375">
        <ele>517.20001220703125</ele>
        <time>2026-09-11T23:43:55.000Z</time>
        <extensions>
          <ns3:TrackPointExtension>
            <ns3:hr>117</ns3:hr>
            <ns3:cad>0</ns3:cad>
          </ns3:TrackPointExtension>
        </extensions>
      </trkpt>
      <trkpt lat="30.6743846833705902099609375" lon="103.8883916102349758148193359375">
        <ele>517.20001220703125</ele>
        <time>2026-09-11T23:43:56.000Z</time>
        <extensions>
          <ns3:TrackPointExtension>
            <ns3:hr>117</ns3:hr>
            <ns3:cad>0</ns3:cad>
          </ns3:TrackPointExtension>
        </extensions>
      </trkpt>
      <trkpt lat="30.6743560172617435455322265625" lon="103.8883885927498340606689453125">
        <ele>517.20001220703125</ele>
        <time>2026-09-11T23:43:57.000Z</time>
        <extensions>
          <ns3:TrackPointExtension>
            <ns3:hr>118</ns3:hr>
            <ns3:cad>0</ns3:cad>
          </ns3:TrackPointExtension>
        </extensions>
      </trkpt>
      <trkpt lat="30.674326010048389434814453125" lon="103.8883879221975803375244140625">
        <ele>517.20001220703125</ele>
        <time>2026-09-11T23:43:58.000Z</time>
        <extensions>
          <ns3:TrackPointExtension>
            <ns3:hr>118</ns3:hr>
            <ns3:cad>0</ns3:cad>
          </ns3:TrackPointExtension>
        </extensions>
      </trkpt>
      <trkpt lat="30.674326010048389434814453125" lon="103.8883879221975803375244140625">
        <ele>517.20001220703125</ele>
        <time>2026-09-11T23:43:59.000Z</time>
        <extensions>
          <ns3:TrackPointExtension>
            <ns3:hr>118</ns3:hr>
            <ns3:cad>0</ns3:cad>
          </ns3:TrackPointExtension>
        </extensions>
      </trkpt>
      <trkpt lat="30.67426775582134723663330078125" lon="103.88839689083397388458251953125">
        <ele>517.20001220703125</ele>
        <time>2026-09-11T23:44:00.000Z</time>
        <extensions>
          <ns3:TrackPointExtension>
            <ns3:hr>119</ns3:hr>
            <ns3:cad>0</ns3:cad>
          </ns3:TrackPointExtension>
        </extensions>
      </trkpt>
      <trkpt lat="30.67426775582134723663330078125" lon="103.88839689083397388458251953125">
        <ele>517.20001220703125</ele>
        <time>2026-09-11T23:44:01.000Z</time>
        <extensions>
          <ns3:TrackPointExtension>
            <ns3:hr>119</ns3:hr>
            <ns3:cad>0</ns3:cad>
          </ns3:TrackPointExtension>
        </extensions>
      </trkpt>
      <trkpt lat="30.6742034666240215301513671875" lon="103.8884043507277965545654296875">
        <ele>517.20001220703125</ele>
        <time>2026-09-11T23:44:02.000Z</time>
        <extensions>
          <ns3:TrackPointExtension>
            <ns3:hr>119</ns3:hr>
            <ns3:cad>0</ns3:cad>
          </ns3:TrackPointExtension>
        </extensions>
      </trkpt>
      <trkpt lat="30.6741699390113353729248046875" lon="103.888405524194240570068359375">
        <ele>517.20001220703125</ele>
        <time>2026-09-11T23:44:03.000Z</time>
        <extensions>
          <ns3:TrackPointExtension>
            <ns3:hr>120</ns3:hr>
            <ns3:cad>0</ns3:cad>
          </ns3:TrackPointExtension>
        </extensions>
      </trkpt>
      <trkpt lat="30.67413565702736377716064453125" lon="103.8884016685187816619873046875">
        <ele>517.20001220703125</ele>
        <time>2026-09-11T23:44:04.000Z</time>
        <extensions>
          <ns3:TrackPointExtension>
            <ns3:hr>120</ns3:hr>
            <ns3:cad>0</ns3:cad>
          </ns3:TrackPointExtension>
        </extensions>
      </trkpt>
      <trkpt lat="30.6741032190620899200439453125" lon="103.8883973099291324615478515625">
        <ele>517.20001220703125</ele>
        <time>2026-09-11T23:44:05.000Z</time>
        <extensions>
          <ns3:TrackPointExtension>
            <ns3:hr>120</ns3:hr>
            <ns3:cad>0</ns3:cad>
          </ns3:TrackPointExtension>
        </extensions>
      </trkpt>
      <trkpt lat="30.67407019436359405517578125" lon="103.8883949629962444305419921875">
        <ele>517.20001220703125</ele>
        <time>2026-09-11T23:44:06.000Z</time>
        <extensions>
          <ns3:TrackPointExtension>
            <ns3:hr>120</ns3:hr>
            <ns3:cad>0</ns3:cad>
          </ns3:TrackPointExtension>
        </extensions>
      </trkpt>
      <trkpt lat="30.67407019436359405517578125" lon="103.8883949629962444305419921875">
        <ele>517.20001220703125</ele>
        <time>2026-09-11T23:44:07.000Z</time>
        <extensions>
          <ns3:TrackPointExtension>
            <ns3:hr>120</ns3:hr>
            <ns3:cad>0</ns3:cad>
          </ns3:TrackPointExtension>
        </extensions>
      </trkpt>
      <trkpt lat="30.67400288768112659454345703125" lon="103.8883895985782146453857421875">
        <ele>517.20001220703125</ele>
        <time>2026-09-11T23:44:08.000Z</time>
        <extensions>
          <ns3:TrackPointExtension>
            <ns3:hr>120</ns3:hr>
            <ns3:cad>0</ns3:cad>
          </ns3:TrackPointExtension>
        </extensions>
      </trkpt>
      <trkpt lat="30.673969946801662445068359375" lon="103.8883899338543415069580078125">
        <ele>517.20001220703125</ele>
        <time>2026-09-11T23:44:09.000Z</time>
        <extensions>
          <ns3:TrackPointExtension>
            <ns3:hr>120</ns3:hr>
            <ns3:cad>0</ns3:cad>
          </ns3:TrackPointExtension>
        </extensions>
      </trkpt>
      <trkpt lat="30.67393415607511997222900390625" lon="103.88838867656886577606201171875">
        <ele>517.20001220703125</ele>
        <time>2026-09-11T23:44:10.000Z</time>
        <extensions>
          <ns3:TrackPointExtension>
            <ns3:hr>120</ns3:hr>
            <ns3:cad>0</ns3:cad>
          </ns3:TrackPointExtension>
        </extensions>
      </trkpt>
      <trkpt lat="30.67390079610049724578857421875" lon="103.88838716782629489898681640625">
        <ele>517.20001220703125</ele>
        <time>2026-09-11T23:44:11.000Z</time>
        <extensions>
          <ns3:TrackPointExtension>
            <ns3:hr>119</ns3:hr>
            <ns3:cad>0</ns3:cad>
          </ns3:TrackPointExtension>
        </extensions>
      </trkpt>
      <trkpt lat="30.6738675199449062347412109375" lon="103.88838641345500946044921875">
        <ele>517.20001220703125</ele>
        <time>2026-09-11T23:44:12.000Z</time>
        <extensions>
          <ns3:TrackPointExtension>
            <ns3:hr>119</ns3:hr>
            <ns3:cad>0</ns3:cad>
          </ns3:TrackPointExtension>
        </extensions>
      </trkpt>
      <trkpt lat="30.673834495246410369873046875" lon="103.888382725417613983154296875">
        <ele>517.4000244140625</ele>
        <time>2026-09-11T23:44:13.000Z</time>
        <extensions>
          <ns3:TrackPointExtension>
            <ns3:hr>119</ns3:hr>
            <ns3:cad>0</ns3:cad>
          </ns3:TrackPointExtension>
        </extensions>
      </trkpt>
      <trkpt lat="30.6738021411001682281494140625" lon="103.88838130049407482147216796875">
        <ele>517.4000244140625</ele>
        <time>2026-09-11T23:44:14.000Z</time>
        <extensions>
          <ns3:TrackPointExtension>
            <ns3:hr>119</ns3:hr>
            <ns3:cad>0</ns3:cad>
          </ns3:TrackPointExtension>
        </extensions>
      </trkpt>
      <trkpt lat="30.67377054132521152496337890625" lon="103.88838104903697967529296875">
        <ele>517.4000244140625</ele>
        <time>2026-09-11T23:44:15.000Z</time>
        <extensions>
          <ns3:TrackPointExtension>
            <ns3:hr>119</ns3:hr>
            <ns3:cad>0</ns3:cad>
          </ns3:TrackPointExtension>
        </extensions>
      </trkpt>
      <trkpt lat="30.67374036647379398345947265625" lon="103.88837702572345733642578125">
        <ele>517.4000244140625</ele>
        <time>2026-09-11T23:44:16.000Z</time>
        <extensions>
          <ns3:TrackPointExtension>
            <ns3:hr>119</ns3:hr>
            <ns3:cad>0</ns3:cad>
          </ns3:TrackPointExtension>
        </extensions>
      </trkpt>
      <trkpt lat="30.67374036647379398345947265625" lon="103.88837702572345733642578125">
        <ele>517.4000244140625</ele>
        <time>2026-09-11T23:44:17.000Z</time>
        <extensions>
          <ns3:TrackPointExtension>
            <ns3:hr>119</ns3:hr>
            <ns3:cad>0</ns3:cad>
          </ns3:TrackPointExtension>
        </extensions>
      </trkpt>
      <trkpt lat="30.67371371202170848846435546875" lon="103.8883577473461627960205078125">
        <ele>517.4000244140625</ele>
        <time>2026-09-11T23:44:18.000Z</time>
        <extensions>
          <ns3:TrackPointExtension>
            <ns3:hr>119</ns3:hr>
            <ns3:cad>0</ns3:cad>
          </ns3:TrackPointExtension>
        </extensions>
      </trkpt>
      <trkpt lat="30.6736968643963336944580078125" lon="103.88833318836987018585205078125">
        <ele>517.4000244140625</ele>
        <time>2026-09-11T23:44:19.000Z</time>
        <extensions>
          <ns3:TrackPointExtension>
            <ns3:hr>119</ns3:hr>
            <ns3:cad>0</ns3:cad>
          </ns3:TrackPointExtension>
        </extensions>
      </trkpt>
      <trkpt lat="30.673685967922210693359375" lon="103.88830326497554779052734375">
        <ele>517.4000244140625</ele>
        <time>2026-09-11T23:44:20.000Z</time>
        <extensions>
          <ns3:TrackPointExtension>
            <ns3:hr>119</ns3:hr>
            <ns3:cad>0</ns3:cad>
          </ns3:TrackPointExtension>
        </extensions>
      </trkpt>
      <trkpt lat="30.67368638701736927032470703125" lon="103.8882742635905742645263671875">
        <ele>517.20001220703125</ele>
        <time>2026-09-11T23:44:21.000Z</time>
        <extensions>
          <ns3:TrackPointExtension>
            <ns3:hr>119</ns3:hr>
            <ns3:cad>0</ns3:cad>
          </ns3:TrackPointExtension>
        </extensions>
      </trkpt>
      <trkpt lat="30.67368789575994014739990234375" lon="103.88824551366269588470458984375">
        <ele>517.20001220703125</ele>
        <time>2026-09-11T23:44:22.000Z</time>
        <extensions>
          <ns3:TrackPointExtension>
            <ns3:hr>119</ns3:hr>
            <ns3:cad>57</ns3:cad>
          </ns3:TrackPointExtension>
        </extensions>
      </trkpt>
      <trkpt lat="30.6736854650080204010009765625" lon="103.88821500353515148162841796875">
        <ele>517.20001220703125</ele>
        <time>2026-09-11T23:44:23.000Z</time>
        <extensions>
          <ns3:TrackPointExtension>
            <ns3:hr>119</ns3:hr>
            <ns3:cad>57</ns3:cad>
          </ns3:TrackPointExtension>
        </extensions>
      </trkpt>
      <trkpt lat="30.673684962093830108642578125" lon="103.88818399049341678619384765625">
        <ele>517.20001220703125</ele>
        <time>2026-09-11T23:44:24.000Z</time>
        <extensions>
          <ns3:TrackPointExtension>
            <ns3:hr>120</ns3:hr>
            <ns3:cad>57</ns3:cad>
          </ns3:TrackPointExtension>
        </extensions>
      </trkpt>
      <trkpt lat="30.67369602620601654052734375" lon="103.88811911456286907196044921875">
        <ele>517</ele>
        <time>2026-09-11T23:44:25.000Z</time>
        <extensions>
          <ns3:TrackPointExtension>
            <ns3:hr>119</ns3:hr>
            <ns3:cad>57</ns3:cad>
          </ns3:TrackPointExtension>
        </extensions>
      </trkpt>
      <trkpt lat="30.67369602620601654052734375" lon="103.88811911456286907196044921875">
        <ele>517</ele>
        <time>2026-09-11T23:44:26.000Z</time>
        <extensions>
          <ns3:TrackPointExtension>
            <ns3:hr>119</ns3:hr>
            <ns3:cad>57</ns3:cad>
          </ns3:TrackPointExtension>
        </extensions>
      </trkpt>
      <trkpt lat="30.67370298318564891815185546875" lon="103.8880865089595317840576171875">
        <ele>516.79998779296875</ele>
        <time>2026-09-11T23:44:27.000Z</time>
        <extensions>
          <ns3:TrackPointExtension>
            <ns3:hr>119</ns3:hr>
            <ns3:cad>57</ns3:cad>
          </ns3:TrackPointExtension>
        </extensions>
      </trkpt>
      <trkpt lat="30.6737065874040126800537109375" lon="103.88805960305035114288330078125">
        <ele>517</ele>
        <time>2026-09-11T23:44:28.000Z</time>
        <extensions>
          <ns3:TrackPointExtension>
            <ns3:hr>119</ns3:hr>
            <ns3:cad>57</ns3:cad>
          </ns3:TrackPointExtension>
        </extensions>
      </trkpt>
      <trkpt lat="30.67369401454925537109375" lon="103.8880456052720546722412109375">
        <ele>517</ele>
        <time>2026-09-11T23:44:29.000Z</time>
        <extensions>
          <ns3:TrackPointExtension>
            <ns3:hr>118</ns3:hr>
            <ns3:cad>57</ns3:cad>
          </ns3:TrackPointExtension>
        </extensions>
      </trkpt>
      <trkpt lat="30.67366157658398151397705078125" lon="103.8880154304206371307373046875">
        <ele>517.20001220703125</ele>
        <time>2026-09-11T23:44:30.000Z</time>
        <extensions>
          <ns3:TrackPointExtension>
            <ns3:hr>118</ns3:hr>
            <ns3:cad>0</ns3:cad>
          </ns3:TrackPointExtension>
        </extensions>
      </trkpt>
      <trkpt lat="30.67366157658398151397705078125" lon="103.8880154304206371307373046875">
        <ele>517.4000244140625</ele>
        <time>2026-09-11T23:44:31.000Z</time>
        <extensions>
          <ns3:TrackPointExtension>
            <ns3:hr>118</ns3:hr>
            <ns3:cad>0</ns3:cad>
          </ns3:TrackPointExtension>
        </extensions>
      </trkpt>
      <trkpt lat="30.67362821660935878753662109375" lon="103.8879684917628765106201171875">
        <ele>517.5999755859375</ele>
        <time>2026-09-11T23:44:32.000Z</time>
        <extensions>
          <ns3:TrackPointExtension>
            <ns3:hr>118</ns3:hr>
            <ns3:cad>0</ns3:cad>
          </ns3:TrackPointExtension>
        </extensions>
      </trkpt>
      <trkpt lat="30.6736106984317302703857421875" lon="103.88794275932013988494873046875">
        <ele>517.5999755859375</ele>
        <time>2026-09-11T23:44:33.000Z</time>
        <extensions>
          <ns3:TrackPointExtension>
            <ns3:hr>118</ns3:hr>
            <ns3:cad>0</ns3:cad>
          </ns3:TrackPointExtension>
        </extensions>
      </trkpt>
      <trkpt lat="30.673593096435070037841796875" lon="103.8879182003438472747802734375">
        <ele>517.5999755859375</ele>
        <time>2026-09-11T23:44:34.000Z</time>
        <extensions>
          <ns3:TrackPointExtension>
            <ns3:hr>117</ns3:hr>
            <ns3:cad>0</ns3:cad>
          </ns3:TrackPointExtension>
        </extensions>
      </trkpt>
      <trkpt lat="30.67357490770518779754638671875" lon="103.8878937251865863800048828125">
        <ele>517.5999755859375</ele>
        <time>2026-09-11T23:44:35.000Z</time>
        <extensions>
          <ns3:TrackPointExtension>
            <ns3:hr>117</ns3:hr>
            <ns3:cad>0</ns3:cad>
          </ns3:TrackPointExtension>
        </extensions>
      </trkpt>
      <trkpt lat="30.67357490770518779754638671875" lon="103.8878937251865863800048828125">
        <ele>517.5999755859375</ele>
        <time>2026-09-11T23:44:36.000Z</time>
        <extensions>
          <ns3:TrackPointExtension>
            <ns3:hr>117</ns3:hr>
            <ns3:cad>0</ns3:cad>
          </ns3:TrackPointExtension>
        </extensions>
      </trkpt>
      <trkpt lat="30.67353584803640842437744140625" lon="103.88784619979560375213623046875">
        <ele>517.5999755859375</ele>
        <time>2026-09-11T23:44:37.000Z</time>
        <extensions>
          <ns3:TrackPointExtension>
            <ns3:hr>116</ns3:hr>
            <ns3:cad>0</ns3:cad>
          </ns3:TrackPointExtension>
        </extensions>
      </trkpt>
      <trkpt lat="30.67352344281971454620361328125" lon="103.887813426554203033447265625">
        <ele>517.5999755859375</ele>
        <time>2026-09-11T23:44:38.000Z</time>
        <extensions>
          <ns3:TrackPointExtension>
            <ns3:hr>116</ns3:hr>
            <ns3:cad>0</ns3:cad>
          </ns3:TrackPointExtension>
        </extensions>
      </trkpt>
      <trkpt lat="30.67352344281971454620361328125" lon="103.887813426554203033447265625">
        <ele>517.5999755859375</ele>
        <time>2026-09-11T23:44:39.000Z</time>
        <extensions>
          <ns3:TrackPointExtension>
            <ns3:hr>116</ns3:hr>
            <ns3:cad>56</ns3:cad>
          </ns3:TrackPointExtension>
        </extensions>
      </trkpt>
      <trkpt lat="30.6735221855342388153076171875" lon="103.8877795636653900146484375">
        <ele>517.5999755859375</ele>
        <time>2026-09-11T23:44:40.000Z</time>
        <extensions>
          <ns3:TrackPointExtension>
            <ns3:hr>116</ns3:hr>
            <ns3:cad>56</ns3:cad>
          </ns3:TrackPointExtension>
        </extensions>
      </trkpt>
      <trkpt lat="30.6735231913626194000244140625" lon="103.88771795667707920074462890625">
        <ele>517.5999755859375</ele>
        <time>2026-09-11T23:44:41.000Z</time>
        <extensions>
          <ns3:TrackPointExtension>
            <ns3:hr>115</ns3:hr>
            <ns3:cad>0</ns3:cad>
          </ns3:TrackPointExtension>
        </extensions>
      </trkpt>
      <trkpt lat="30.67352495156228542327880859375" lon="103.88768627308309078216552734375">
        <ele>517.5999755859375</ele>
        <time>2026-09-11T23:44:42.000Z</time>
        <extensions>
          <ns3:TrackPointExtension>
            <ns3:hr>115</ns3:hr>
            <ns3:cad>0</ns3:cad>
          </ns3:TrackPointExtension>
        </extensions>
      </trkpt>
      <trkpt lat="30.67352495156228542327880859375" lon="103.88768627308309078216552734375">
        <ele>517.5999755859375</ele>
        <time>2026-09-11T23:44:43.000Z</time>
        <extensions>
          <ns3:TrackPointExtension>
            <ns3:hr>115</ns3:hr>
            <ns3:cad>0</ns3:cad>
          </ns3:TrackPointExtension>
        </extensions>
      </trkpt>
      <trkpt lat="30.67352495156228542327880859375" lon="103.887655176222324371337890625">
        <ele>517.5999755859375</ele>
        <time>2026-09-11T23:44:44.000Z</time>
        <extensions>
          <ns3:TrackPointExtension>
            <ns3:hr>115</ns3:hr>
            <ns3:cad>0</ns3:cad>
          </ns3:TrackPointExtension>
        </extensions>
      </trkpt>
      <trkpt lat="30.67352612502872943878173828125" lon="103.88759315013885498046875">
        <ele>517.5999755859375</ele>
        <time>2026-09-11T23:44:45.000Z</time>
        <extensions>
          <ns3:TrackPointExtension>
            <ns3:hr>115</ns3:hr>
            <ns3:cad>0</ns3:cad>
          </ns3:TrackPointExtension>
        </extensions>
      </trkpt>
      <trkpt lat="30.6735295616090297698974609375" lon="103.88756188564002513885498046875">
        <ele>517.5999755859375</ele>
        <time>2026-09-11T23:44:46.000Z</time>
        <extensions>
          <ns3:TrackPointExtension>
            <ns3:hr>115</ns3:hr>
            <ns3:cad>0</ns3:cad>
          </ns3:TrackPointExtension>
        </extensions>
      </trkpt>
      <trkpt lat="30.6735295616090297698974609375" lon="103.88756188564002513885498046875">
        <ele>517.79998779296875</ele>
        <time>2026-09-11T23:44:47.000Z</time>
        <extensions>
          <ns3:TrackPointExtension>
            <ns3:hr>114</ns3:hr>
            <ns3:cad>0</ns3:cad>
          </ns3:TrackPointExtension>
        </extensions>
      </trkpt>
      <trkpt lat="30.67353266291320323944091796875" lon="103.88753137551248073577880859375">
        <ele>517.5999755859375</ele>
        <time>2026-09-11T23:44:48.000Z</time>
        <extensions>
          <ns3:TrackPointExtension>
            <ns3:hr>113</ns3:hr>
            <ns3:cad>0</ns3:cad>
          </ns3:TrackPointExtension>
        </extensions>
      </trkpt>
      <trkpt lat="30.6735366024076938629150390625" lon="103.88749784789979457855224609375">
        <ele>517.79998779296875</ele>
        <time>2026-09-11T23:44:49.000Z</time>
        <extensions>
          <ns3:TrackPointExtension>
            <ns3:hr>112</ns3:hr>
            <ns3:cad>0</ns3:cad>
          </ns3:TrackPointExtension>
        </extensions>
      </trkpt>
      <trkpt lat="30.67353886552155017852783203125" lon="103.88746851123869419097900390625">
        <ele>517.5999755859375</ele>
        <time>2026-09-11T23:44:50.000Z</time>
        <extensions>
          <ns3:TrackPointExtension>
            <ns3:hr>112</ns3:hr>
            <ns3:cad>0</ns3:cad>
          </ns3:TrackPointExtension>
        </extensions>
      </trkpt>
      <trkpt lat="30.673542134463787078857421875" lon="103.8874407671391963958740234375">
        <ele>517.79998779296875</ele>
        <time>2026-09-11T23:44:51.000Z</time>
        <extensions>
          <ns3:TrackPointExtension>
            <ns3:hr>112</ns3:hr>
            <ns3:cad>0</ns3:cad>
          </ns3:TrackPointExtension>
        </extensions>
      </trkpt>
      <trkpt lat="30.6735480017960071563720703125" lon="103.8874129392206668853759765625">
        <ele>517.79998779296875</ele>
        <time>2026-09-11T23:44:52.000Z</time>
        <extensions>
          <ns3:TrackPointExtension>
            <ns3:hr>113</ns3:hr>
            <ns3:cad>0</ns3:cad>
          </ns3:TrackPointExtension>
        </extensions>
      </trkpt>
      <trkpt lat="30.67355261184275150299072265625" lon="103.8873834349215030670166015625">
        <ele>517.79998779296875</ele>
        <time>2026-09-11T23:44:53.000Z</time>
        <extensions>
          <ns3:TrackPointExtension>
            <ns3:hr>113</ns3:hr>
            <ns3:cad>0</ns3:cad>
          </ns3:TrackPointExtension>
        </extensions>
      </trkpt>
      <trkpt lat="30.6735558807849884033203125" lon="103.88735703192651271820068359375">
        <ele>517.79998779296875</ele>
        <time>2026-09-11T23:44:54.000Z</time>
        <extensions>
          <ns3:TrackPointExtension>
            <ns3:hr>113</ns3:hr>
            <ns3:cad>0</ns3:cad>
          </ns3:TrackPointExtension>
        </extensions>
      </trkpt>
      <trkpt lat="30.6735540367662906646728515625" lon="103.887298442423343658447265625">
        <ele>517.79998779296875</ele>
        <time>2026-09-11T23:44:55.000Z</time>
        <extensions>
          <ns3:TrackPointExtension>
            <ns3:hr>113</ns3:hr>
            <ns3:cad>0</ns3:cad>
          </ns3:TrackPointExtension>
        </extensions>
      </trkpt>
      <trkpt lat="30.6735540367662906646728515625" lon="103.887298442423343658447265625">
        <ele>517.79998779296875</ele>
        <time>2026-09-11T23:44:56.000Z</time>
        <extensions>
          <ns3:TrackPointExtension>
            <ns3:hr>113</ns3:hr>
            <ns3:cad>0</ns3:cad>
          </ns3:TrackPointExtension>
        </extensions>
      </trkpt>
      <trkpt lat="30.673558898270130157470703125" lon="103.88726868666708469390869140625">
        <ele>517.79998779296875</ele>
        <time>2026-09-11T23:44:57.000Z</time>
        <extensions>
          <ns3:TrackPointExtension>
            <ns3:hr>113</ns3:hr>
            <ns3:cad>0</ns3:cad>
          </ns3:TrackPointExtension>
        </extensions>
      </trkpt>
      <trkpt lat="30.67357356660068035125732421875" lon="103.88720951043069362640380859375">
        <ele>517.79998779296875</ele>
        <time>2026-09-11T23:44:58.000Z</time>
        <extensions>
          <ns3:TrackPointExtension>
            <ns3:hr>113</ns3:hr>
            <ns3:cad>0</ns3:cad>
          </ns3:TrackPointExtension>
        </extensions>
      </trkpt>
      <trkpt lat="30.673579014837741851806640625" lon="103.88718620873987674713134765625">
        <ele>517.79998779296875</ele>
        <time>2026-09-11T23:44:59.000Z</time>
        <extensions>
          <ns3:TrackPointExtension>
            <ns3:hr>112</ns3:hr>
            <ns3:cad>0</ns3:cad>
          </ns3:TrackPointExtension>
        </extensions>
      </trkpt>
      <trkpt lat="30.67358345724642276763916015625" lon="103.887161649763584136962890625">
        <ele>517.79998779296875</ele>
        <time>2026-09-11T23:45:00.000Z</time>
        <extensions>
          <ns3:TrackPointExtension>
            <ns3:hr>113</ns3:hr>
            <ns3:cad>0</ns3:cad>
          </ns3:TrackPointExtension>
        </extensions>
      </trkpt>
      <trkpt lat="30.6735868938267230987548828125" lon="103.8871358335018157958984375">
        <ele>517.79998779296875</ele>
        <time>2026-09-11T23:45:01.000Z</time>
        <extensions>
          <ns3:TrackPointExtension>
            <ns3:hr>113</ns3:hr>
            <ns3:cad>0</ns3:cad>
          </ns3:TrackPointExtension>
        </extensions>
      </trkpt>
      <trkpt lat="30.6735868938267230987548828125" lon="103.8871358335018157958984375">
        <ele>517.79998779296875</ele>
        <time>2026-09-11T23:45:02.000Z</time>
        <extensions>
          <ns3:TrackPointExtension>
            <ns3:hr>113</ns3:hr>
            <ns3:cad>0</ns3:cad>
          </ns3:TrackPointExtension>
        </extensions>
      </trkpt>
      <trkpt lat="30.67359385080635547637939453125" lon="103.88708554208278656005859375">
        <ele>517.79998779296875</ele>
        <time>2026-09-11T23:45:03.000Z</time>
        <extensions>
          <ns3:TrackPointExtension>
            <ns3:hr>112</ns3:hr>
            <ns3:cad>0</ns3:cad>
          </ns3:TrackPointExtension>
        </extensions>
      </trkpt>
      <trkpt lat="30.67359753884375095367431640625" lon="103.88705603778362274169921875">
        <ele>517.79998779296875</ele>
        <time>2026-09-11T23:45:04.000Z</time>
        <extensions>
          <ns3:TrackPointExtension>
            <ns3:hr>113</ns3:hr>
            <ns3:cad>0</ns3:cad>
          </ns3:TrackPointExtension>
        </extensions>
      </trkpt>
      <trkpt lat="30.6735986284911632537841796875" lon="103.88702812604606151580810546875">
        <ele>517.79998779296875</ele>
        <time>2026-09-11T23:45:05.000Z</time>
        <extensions>
          <ns3:TrackPointExtension>
            <ns3:hr>113</ns3:hr>
            <ns3:cad>0</ns3:cad>
          </ns3:TrackPointExtension>
        </extensions>
      </trkpt>
      <trkpt lat="30.67360357381403446197509765625" lon="103.88699744828045368194580078125">
        <ele>517.79998779296875</ele>
        <time>2026-09-11T23:45:06.000Z</time>
        <extensions>
          <ns3:TrackPointExtension>
            <ns3:hr>113</ns3:hr>
            <ns3:cad>0</ns3:cad>
          </ns3:TrackPointExtension>
        </extensions>
      </trkpt>
      <trkpt lat="30.67361019551753997802734375" lon="103.88696777634322643280029296875">
        <ele>517.79998779296875</ele>
        <time>2026-09-11T23:45:07.000Z</time>
        <extensions>
          <ns3:TrackPointExtension>
            <ns3:hr>112</ns3:hr>
            <ns3:cad>0</ns3:cad>
          </ns3:TrackPointExtension>
        </extensions>
      </trkpt>
      <trkpt lat="30.673614554107189178466796875" lon="103.88693642802536487579345703125">
        <ele>517.79998779296875</ele>
        <time>2026-09-11T23:45:08.000Z</time>
        <extensions>
          <ns3:TrackPointExtension>
            <ns3:hr>113</ns3:hr>
            <ns3:cad>0</ns3:cad>
          </ns3:TrackPointExtension>
        </extensions>
      </trkpt>
      <trkpt lat="30.6736207567155361175537109375" lon="103.8869090192019939422607421875">
        <ele>517.79998779296875</ele>
        <time>2026-09-11T23:45:09.000Z</time>
        <extensions>
          <ns3:TrackPointExtension>
            <ns3:hr>113</ns3:hr>
            <ns3:cad>0</ns3:cad>
          </ns3:TrackPointExtension>
        </extensions>
      </trkpt>
      <trkpt lat="30.6736207567155361175537109375" lon="103.8869090192019939422607421875">
        <ele>517.79998779296875</ele>
        <time>2026-09-11T23:45:10.000Z</time>
        <extensions>
          <ns3:TrackPointExtension>
            <ns3:hr>113</ns3:hr>
            <ns3:cad>0</ns3:cad>
          </ns3:TrackPointExtension>
        </extensions>
      </trkpt>
      <trkpt lat="30.67362050525844097137451171875" lon="103.88686937279999256134033203125">
        <ele>518</ele>
        <time>2026-09-11T23:45:11.000Z</time>
        <extensions>
          <ns3:TrackPointExtension>
            <ns3:hr>114</ns3:hr>
            <ns3:cad>0</ns3:cad>
          </ns3:TrackPointExtension>
        </extensions>
      </trkpt>
      <trkpt lat="30.67361916415393352508544921875" lon="103.88685948215425014495849609375">
        <ele>518</ele>
        <time>2026-09-11T23:45:12.000Z</time>
        <extensions>
          <ns3:TrackPointExtension>
            <ns3:hr>114</ns3:hr>
            <ns3:cad>0</ns3:cad>
          </ns3:TrackPointExtension>
        </extensions>
      </trkpt>
      <trkpt lat="30.67361178807914257049560546875" lon="103.886857219040393829345703125">
        <ele>517.79998779296875</ele>
        <time>2026-09-11T23:45:13.000Z</time>
        <extensions>
          <ns3:TrackPointExtension>
            <ns3:hr>114</ns3:hr>
            <ns3:cad>0</ns3:cad>
          </ns3:TrackPointExtension>
        </extensions>
      </trkpt>
      <trkpt lat="30.67360575310885906219482421875" lon="103.88685462065041065216064453125">
        <ele>517.5999755859375</ele>
        <time>2026-09-11T23:45:14.000Z</time>
        <extensions>
          <ns3:TrackPointExtension>
            <ns3:hr>116</ns3:hr>
            <ns3:cad>0</ns3:cad>
          </ns3:TrackPointExtension>
        </extensions>
      </trkpt>
      <trkpt lat="30.67359921522438526153564453125" lon="103.8868510164320468902587890625">
        <ele>517.5999755859375</ele>
        <time>2026-09-11T23:45:15.000Z</time>
        <extensions>
          <ns3:TrackPointExtension>
            <ns3:hr>116</ns3:hr>
            <ns3:cad>0</ns3:cad>
          </ns3:TrackPointExtension>
        </extensions>
      </trkpt>
      <trkpt lat="30.6735982932150363922119140625" lon="103.88685026206076145172119140625">
        <ele>517.5999755859375</ele>
        <time>2026-09-11T23:45:16.000Z</time>
        <extensions>
          <ns3:TrackPointExtension>
            <ns3:hr>116</ns3:hr>
            <ns3:cad>0</ns3:cad>
          </ns3:TrackPointExtension>
        </extensions>
      </trkpt>
      <trkpt lat="30.67359921522438526153564453125" lon="103.88684808276593685150146484375">
        <ele>517.5999755859375</ele>
        <time>2026-09-11T23:45:17.000Z</time>
        <extensions>
          <ns3:TrackPointExtension>
            <ns3:hr>116</ns3:hr>
            <ns3:cad>0</ns3:cad>
          </ns3:TrackPointExtension>
        </extensions>
      </trkpt>
      <trkpt lat="30.67359887994825839996337890625" lon="103.886847831308841705322265625">
        <ele>517.5999755859375</ele>
        <time>2026-09-11T23:45:18.000Z</time>
        <extensions>
          <ns3:TrackPointExtension>
            <ns3:hr>116</ns3:hr>
            <ns3:cad>0</ns3:cad>
          </ns3:TrackPointExtension>
        </extensions>
      </trkpt>
      <trkpt lat="30.67359887994825839996337890625" lon="103.886847831308841705322265625">
        <ele>517.5999755859375</ele>
        <time>2026-09-11T23:45:19.000Z</time>
        <extensions>
          <ns3:TrackPointExtension>
            <ns3:hr>116</ns3:hr>
            <ns3:cad>0</ns3:cad>
          </ns3:TrackPointExtension>
        </extensions>
      </trkpt>
      <trkpt lat="30.67360307089984416961669921875" lon="103.8868434727191925048828125">
        <ele>517.5999755859375</ele>
        <time>2026-09-11T23:45:20.000Z</time>
        <extensions>
          <ns3:TrackPointExtension>
            <ns3:hr>114</ns3:hr>
            <ns3:cad>0</ns3:cad>
          </ns3:TrackPointExtension>
        </extensions>
      </trkpt>
      <trkpt lat="30.6735986284911632537841796875" lon="103.88684439472854137420654296875">
        <ele>517.5999755859375</ele>
        <time>2026-09-11T23:45:21.000Z</time>
        <extensions>
          <ns3:TrackPointExtension>
            <ns3:hr>112</ns3:hr>
            <ns3:cad>0</ns3:cad>
          </ns3:TrackPointExtension>
        </extensions>
      </trkpt>
      <trkpt lat="30.6735982932150363922119140625" lon="103.88684439472854137420654296875">
        <ele>517.5999755859375</ele>
        <time>2026-09-11T23:45:22.000Z</time>
        <extensions>
          <ns3:TrackPointExtension>
            <ns3:hr>110</ns3:hr>
            <ns3:cad>0</ns3:cad>
          </ns3:TrackPointExtension>
        </extensions>
      </trkpt>
      <trkpt lat="30.6735982932150363922119140625" lon="103.88684439472854137420654296875">
        <ele>517.4000244140625</ele>
        <time>2026-09-11T23:45:23.000Z</time>
        <extensions>
          <ns3:TrackPointExtension>
            <ns3:hr>110</ns3:hr>
            <ns3:cad>0</ns3:cad>
          </ns3:TrackPointExtension>
        </extensions>
      </trkpt>
      <trkpt lat="30.6735982932150363922119140625" lon="103.88684439472854137420654296875">
        <ele>517.4000244140625</ele>
        <time>2026-09-11T23:45:24.000Z</time>
        <extensions>
          <ns3:TrackPointExtension>
            <ns3:hr>110</ns3:hr>
            <ns3:cad>0</ns3:cad>
          </ns3:TrackPointExtension>
        </extensions>
      </trkpt>
      <trkpt lat="30.6735982932150363922119140625" lon="103.88684439472854137420654296875">
        <ele>517.4000244140625</ele>
        <time>2026-09-11T23:45:25.000Z</time>
        <extensions>
          <ns3:TrackPointExtension>
            <ns3:hr>109</ns3:hr>
            <ns3:cad>0</ns3:cad>
          </ns3:TrackPointExtension>
        </extensions>
      </trkpt>
      <trkpt lat="30.6735982932150363922119140625" lon="103.88684439472854137420654296875">
        <ele>517.4000244140625</ele>
        <time>2026-09-11T23:45:26.000Z</time>
        <extensions>
          <ns3:TrackPointExtension>
            <ns3:hr>109</ns3:hr>
            <ns3:cad>0</ns3:cad>
          </ns3:TrackPointExtension>
        </extensions>
      </trkpt>
      <trkpt lat="30.6735982932150363922119140625" lon="103.88684439472854137420654296875">
        <ele>517.20001220703125</ele>
        <time>2026-09-11T23:45:27.000Z</time>
        <extensions>
          <ns3:TrackPointExtension>
            <ns3:hr>108</ns3:hr>
            <ns3:cad>0</ns3:cad>
          </ns3:TrackPointExtension>
        </extensions>
      </trkpt>
      <trkpt lat="30.6735982932150363922119140625" lon="103.88684439472854137420654296875">
        <ele>517.20001220703125</ele>
        <time>2026-09-11T23:45:28.000Z</time>
        <extensions>
          <ns3:TrackPointExtension>
            <ns3:hr>107</ns3:hr>
            <ns3:cad>0</ns3:cad>
          </ns3:TrackPointExtension>
        </extensions>
      </trkpt>
      <trkpt lat="30.6735982932150363922119140625" lon="103.88684439472854137420654296875">
        <ele>517.20001220703125</ele>
        <time>2026-09-11T23:45:29.000Z</time>
        <extensions>
          <ns3:TrackPointExtension>
            <ns3:hr>107</ns3:hr>
            <ns3:cad>0</ns3:cad>
          </ns3:TrackPointExtension>
        </extensions>
      </trkpt>
      <trkpt lat="30.6735982932150363922119140625" lon="103.88684439472854137420654296875">
        <ele>517.20001220703125</ele>
        <time>2026-09-11T23:45:30.000Z</time>
        <extensions>
          <ns3:TrackPointExtension>
            <ns3:hr>106</ns3:hr>
            <ns3:cad>0</ns3:cad>
          </ns3:TrackPointExtension>
        </extensions>
      </trkpt>
      <trkpt lat="30.6735982932150363922119140625" lon="103.88684439472854137420654296875">
        <ele>517.20001220703125</ele>
        <time>2026-09-11T23:45:31.000Z</time>
        <extensions>
          <ns3:TrackPointExtension>
            <ns3:hr>106</ns3:hr>
            <ns3:cad>0</ns3:cad>
          </ns3:TrackPointExtension>
        </extensions>
      </trkpt>
      <trkpt lat="30.6735982932150363922119140625" lon="103.88684439472854137420654296875">
        <ele>517.20001220703125</ele>
        <time>2026-09-11T23:45:32.000Z</time>
        <extensions>
          <ns3:TrackPointExtension>
            <ns3:hr>106</ns3:hr>
            <ns3:cad>0</ns3:cad>
          </ns3:TrackPointExtension>
        </extensions>
      </trkpt>
      <trkpt lat="30.6735982932150363922119140625" lon="103.88684439472854137420654296875">
        <ele>517.20001220703125</ele>
        <time>2026-09-11T23:45:33.000Z</time>
        <extensions>
          <ns3:TrackPointExtension>
            <ns3:hr>106</ns3:hr>
            <ns3:cad>0</ns3:cad>
          </ns3:TrackPointExtension>
        </extensions>
      </trkpt>
      <trkpt lat="30.6735982932150363922119140625" lon="103.88684439472854137420654296875">
        <ele>517</ele>
        <time>2026-09-11T23:45:34.000Z</time>
        <extensions>
          <ns3:TrackPointExtension>
            <ns3:hr>110</ns3:hr>
            <ns3:cad>0</ns3:cad>
          </ns3:TrackPointExtension>
        </extensions>
      </trkpt>
      <trkpt lat="30.6735982932150363922119140625" lon="103.88684439472854137420654296875">
        <ele>517</ele>
        <time>2026-09-11T23:45:35.000Z</time>
        <extensions>
          <ns3:TrackPointExtension>
            <ns3:hr>118</ns3:hr>
            <ns3:cad>0</ns3:cad>
          </ns3:TrackPointExtension>
        </extensions>
      </trkpt>
      <trkpt lat="30.6735982932150363922119140625" lon="103.88684439472854137420654296875">
        <ele>517</ele>
        <time>2026-09-11T23:45:36.000Z</time>
        <extensions>
          <ns3:TrackPointExtension>
            <ns3:hr>119</ns3:hr>
            <ns3:cad>0</ns3:cad>
          </ns3:TrackPointExtension>
        </extensions>
      </trkpt>
      <trkpt lat="30.6735982932150363922119140625" lon="103.88684439472854137420654296875">
        <ele>517.20001220703125</ele>
        <time>2026-09-11T23:45:37.000Z</time>
        <extensions>
          <ns3:TrackPointExtension>
            <ns3:hr>119</ns3:hr>
            <ns3:cad>0</ns3:cad>
          </ns3:TrackPointExtension>
        </extensions>
      </trkpt>
      <trkpt lat="30.6735982932150363922119140625" lon="103.88684439472854137420654296875">
        <ele>517.20001220703125</ele>
        <time>2026-09-11T23:45:38.000Z</time>
        <extensions>
          <ns3:TrackPointExtension>
            <ns3:hr>119</ns3:hr>
            <ns3:cad>0</ns3:cad>
          </ns3:TrackPointExtension>
        </extensions>
      </trkpt>
      <trkpt lat="30.6735982932150363922119140625" lon="103.88684439472854137420654296875">
        <ele>517.20001220703125</ele>
        <time>2026-09-11T23:45:39.000Z</time>
        <extensions>
          <ns3:TrackPointExtension>
            <ns3:hr>119</ns3:hr>
            <ns3:cad>0</ns3:cad>
          </ns3:TrackPointExtension>
        </extensions>
      </trkpt>
      <trkpt lat="30.6735982932150363922119140625" lon="103.88684439472854137420654296875">
        <ele>517.20001220703125</ele>
        <time>2026-09-11T23:45:40.000Z</time>
        <extensions>
          <ns3:TrackPointExtension>
            <ns3:hr>119</ns3:hr>
            <ns3:cad>0</ns3:cad>
          </ns3:TrackPointExtension>
        </extensions>
      </trkpt>
      <trkpt lat="30.6735982932150363922119140625" lon="103.88684439472854137420654296875">
        <ele>517.20001220703125</ele>
        <time>2026-09-11T23:45:41.000Z</time>
        <extensions>
          <ns3:TrackPointExtension>
            <ns3:hr>118</ns3:hr>
            <ns3:cad>0</ns3:cad>
          </ns3:TrackPointExtension>
        </extensions>
      </trkpt>
      <trkpt lat="30.6735982932150363922119140625" lon="103.88684439472854137420654296875">
        <ele>517.20001220703125</ele>
        <time>2026-09-11T23:45:42.000Z</time>
        <extensions>
          <ns3:TrackPointExtension>
            <ns3:hr>118</ns3:hr>
            <ns3:cad>0</ns3:cad>
          </ns3:TrackPointExtension>
        </extensions>
      </trkpt>
      <trkpt lat="30.6735982932150363922119140625" lon="103.88684439472854137420654296875">
        <ele>517.20001220703125</ele>
        <time>2026-09-11T23:45:43.000Z</time>
        <extensions>
          <ns3:TrackPointExtension>
            <ns3:hr>118</ns3:hr>
            <ns3:cad>0</ns3:cad>
          </ns3:TrackPointExtension>
        </extensions>
      </trkpt>
      <trkpt lat="30.6735982932150363922119140625" lon="103.88684439472854137420654296875">
        <ele>517.20001220703125</ele>
        <time>2026-09-11T23:45:44.000Z</time>
        <extensions>
          <ns3:TrackPointExtension>
            <ns3:hr>118</ns3:hr>
            <ns3:cad>0</ns3:cad>
          </ns3:TrackPointExtension>
        </extensions>
      </trkpt>
      <trkpt lat="30.6735982932150363922119140625" lon="103.88684439472854137420654296875">
        <ele>517.20001220703125</ele>
        <time>2026-09-11T23:45:45.000Z</time>
        <extensions>
          <ns3:TrackPointExtension>
            <ns3:hr>118</ns3:hr>
            <ns3:cad>0</ns3:cad>
          </ns3:TrackPointExtension>
        </extensions>
      </trkpt>
      <trkpt lat="30.67359535954892635345458984375" lon="103.88684607110917568206787109375">
        <ele>517.20001220703125</ele>
        <time>2026-09-11T23:45:46.000Z</time>
        <extensions>
          <ns3:TrackPointExtension>
            <ns3:hr>118</ns3:hr>
            <ns3:cad>0</ns3:cad>
          </ns3:TrackPointExtension>
        </extensions>
      </trkpt>
      <trkpt lat="30.6735932640731334686279296875" lon="103.88684682548046112060546875">
        <ele>517</ele>
        <time>2026-09-11T23:45:47.000Z</time>
        <extensions>
          <ns3:TrackPointExtension>
            <ns3:hr>118</ns3:hr>
            <ns3:cad>0</ns3:cad>
          </ns3:TrackPointExtension>
        </extensions>
      </trkpt>
      <trkpt lat="30.673593766987323760986328125" lon="103.88684690929949283599853515625">
        <ele>517</ele>
        <time>2026-09-11T23:45:48.000Z</time>
        <extensions>
          <ns3:TrackPointExtension>
            <ns3:hr>118</ns3:hr>
            <ns3:cad>0</ns3:cad>
          </ns3:TrackPointExtension>
        </extensions>
      </trkpt>
      <trkpt lat="30.6735982932150363922119140625" lon="103.88684439472854137420654296875">
        <ele>517</ele>
        <time>2026-09-11T23:45:49.000Z</time>
        <extensions>
          <ns3:TrackPointExtension>
            <ns3:hr>118</ns3:hr>
            <ns3:cad>0</ns3:cad>
          </ns3:TrackPointExtension>
        </extensions>
      </trkpt>
      <trkpt lat="30.6735982932150363922119140625" lon="103.88684439472854137420654296875">
        <ele>516.79998779296875</ele>
        <time>2026-09-11T23:45:50.000Z</time>
        <extensions>
          <ns3:TrackPointExtension>
            <ns3:hr>118</ns3:hr>
            <ns3:cad>0</ns3:cad>
          </ns3:TrackPointExtension>
        </extensions>
      </trkpt>
      <trkpt lat="30.6735982932150363922119140625" lon="103.88684439472854137420654296875">
        <ele>516.79998779296875</ele>
        <time>2026-09-11T23:45:51.000Z</time>
        <extensions>
          <ns3:TrackPointExtension>
            <ns3:hr>118</ns3:hr>
            <ns3:cad>0</ns3:cad>
          </ns3:TrackPointExtension>
        </extensions>
      </trkpt>
      <trkpt lat="30.6735982932150363922119140625" lon="103.88684439472854137420654296875">
        <ele>516.79998779296875</ele>
        <time>2026-09-11T23:45:52.000Z</time>
        <extensions>
          <ns3:TrackPointExtension>
            <ns3:hr>117</ns3:hr>
            <ns3:cad>0</ns3:cad>
          </ns3:TrackPointExtension>
        </extensions>
      </trkpt>
      <trkpt lat="30.6735982932150363922119140625" lon="103.88684439472854137420654296875">
        <ele>516.79998779296875</ele>
        <time>2026-09-11T23:45:53.000Z</time>
        <extensions>
          <ns3:TrackPointExtension>
            <ns3:hr>117</ns3:hr>
            <ns3:cad>0</ns3:cad>
          </ns3:TrackPointExtension>
        </extensions>
      </trkpt>
      <trkpt lat="30.6735912524163722991943359375" lon="103.8868463225662708282470703125">
        <ele>516.79998779296875</ele>
        <time>2026-09-11T23:45:54.000Z</time>
        <extensions>
          <ns3:TrackPointExtension>
            <ns3:hr>115</ns3:hr>
            <ns3:cad>0</ns3:cad>
          </ns3:TrackPointExtension>
        </extensions>
      </trkpt>
      <trkpt lat="30.673589408397674560546875" lon="103.88684037141501903533935546875">
        <ele>516.79998779296875</ele>
        <time>2026-09-11T23:45:55.000Z</time>
        <extensions>
          <ns3:TrackPointExtension>
            <ns3:hr>115</ns3:hr>
            <ns3:cad>0</ns3:cad>
          </ns3:TrackPointExtension>
        </extensions>
      </trkpt>
      <trkpt lat="30.67358949221670627593994140625" lon="103.8868354260921478271484375">
        <ele>516.79998779296875</ele>
        <time>2026-09-11T23:45:56.000Z</time>
        <extensions>
          <ns3:TrackPointExtension>
            <ns3:hr>115</ns3:hr>
            <ns3:cad>0</ns3:cad>
          </ns3:TrackPointExtension>
        </extensions>
      </trkpt>
      <trkpt lat="30.6735885702073574066162109375" lon="103.8868282176554203033447265625">
        <ele>516.79998779296875</ele>
        <time>2026-09-11T23:45:57.000Z</time>
        <extensions>
          <ns3:TrackPointExtension>
            <ns3:hr>115</ns3:hr>
            <ns3:cad>45</ns3:cad>
          </ns3:TrackPointExtension>
        </extensions>
      </trkpt>
      <trkpt lat="30.67358664236962795257568359375" lon="103.88681807555258274078369140625">
        <ele>516.79998779296875</ele>
        <time>2026-09-11T23:45:58.000Z</time>
        <extensions>
          <ns3:TrackPointExtension>
            <ns3:hr>116</ns3:hr>
            <ns3:cad>45</ns3:cad>
          </ns3:TrackPointExtension>
        </extensions>
      </trkpt>
      <trkpt lat="30.67358664236962795257568359375" lon="103.88681807555258274078369140625">
        <ele>516.79998779296875</ele>
        <time>2026-09-11T23:45:59.000Z</time>
        <extensions>
          <ns3:TrackPointExtension>
            <ns3:hr>117</ns3:hr>
            <ns3:cad>45</ns3:cad>
          </ns3:TrackPointExtension>
        </extensions>
      </trkpt>
      <trkpt lat="30.6735905818641185760498046875" lon="103.88679712079465389251708984375">
        <ele>516.79998779296875</ele>
        <time>2026-09-11T23:46:00.000Z</time>
        <extensions>
          <ns3:TrackPointExtension>
            <ns3:hr>119</ns3:hr>
            <ns3:cad>45</ns3:cad>
          </ns3:TrackPointExtension>
        </extensions>
      </trkpt>
      <trkpt lat="30.6735905818641185760498046875" lon="103.88679712079465389251708984375">
        <ele>516.5999755859375</ele>
        <time>2026-09-11T23:46:01.000Z</time>
        <extensions>
          <ns3:TrackPointExtension>
            <ns3:hr>120</ns3:hr>
            <ns3:cad>45</ns3:cad>
          </ns3:TrackPointExtension>
        </extensions>
      </trkpt>
      <trkpt lat="30.6735956110060214996337890625" lon="103.886780440807342529296875">
        <ele>516.5999755859375</ele>
        <time>2026-09-11T23:46:02.000Z</time>
        <extensions>
          <ns3:TrackPointExtension>
            <ns3:hr>121</ns3:hr>
            <ns3:cad>48</ns3:cad>
          </ns3:TrackPointExtension>
        </extensions>
      </trkpt>
      <trkpt lat="30.6735992990434169769287109375" lon="103.8867708854377269744873046875">
        <ele>516.5999755859375</ele>
        <time>2026-09-11T23:46:03.000Z</time>
        <extensions>
          <ns3:TrackPointExtension>
            <ns3:hr>121</ns3:hr>
            <ns3:cad>48</ns3:cad>
          </ns3:TrackPointExtension>
        </extensions>
      </trkpt>
      <trkpt lat="30.6735976226627826690673828125" lon="103.88675604946911334991455078125">
        <ele>516.5999755859375</ele>
        <time>2026-09-11T23:46:04.000Z</time>
        <extensions>
          <ns3:TrackPointExtension>
            <ns3:hr>121</ns3:hr>
            <ns3:cad>48</ns3:cad>
          </ns3:TrackPointExtension>
        </extensions>
      </trkpt>
      <trkpt lat="30.6735976226627826690673828125" lon="103.88675604946911334991455078125">
        <ele>516.5999755859375</ele>
        <time>2026-09-11T23:46:05.000Z</time>
        <extensions>
          <ns3:TrackPointExtension>
            <ns3:hr>121</ns3:hr>
            <ns3:cad>48</ns3:cad>
          </ns3:TrackPointExtension>
        </extensions>
      </trkpt>
      <trkpt lat="30.6735929287970066070556640625" lon="103.88673291541635990142822265625">
        <ele>516.5999755859375</ele>
        <time>2026-09-11T23:46:06.000Z</time>
        <extensions>
          <ns3:TrackPointExtension>
            <ns3:hr>121</ns3:hr>
            <ns3:cad>49</ns3:cad>
          </ns3:TrackPointExtension>
        </extensions>
      </trkpt>
      <trkpt lat="30.6735979579389095306396484375" lon="103.88671833090484142303466796875">
        <ele>516.5999755859375</ele>
        <time>2026-09-11T23:46:07.000Z</time>
        <extensions>
          <ns3:TrackPointExtension>
            <ns3:hr>122</ns3:hr>
            <ns3:cad>51</ns3:cad>
          </ns3:TrackPointExtension>
        </extensions>
      </trkpt>
      <trkpt lat="30.67359812557697296142578125" lon="103.88670198619365692138671875">
        <ele>516.5999755859375</ele>
        <time>2026-09-11T23:46:08.000Z</time>
        <extensions>
          <ns3:TrackPointExtension>
            <ns3:hr>122</ns3:hr>
            <ns3:cad>53</ns3:cad>
          </ns3:TrackPointExtension>
        </extensions>
      </trkpt>
      <trkpt lat="30.67360742948949337005615234375" lon="103.88669016771018505096435546875">
        <ele>516.4000244140625</ele>
        <time>2026-09-11T23:46:09.000Z</time>
        <extensions>
          <ns3:TrackPointExtension>
            <ns3:hr>122</ns3:hr>
            <ns3:cad>53</ns3:cad>
          </ns3:TrackPointExtension>
        </extensions>
      </trkpt>
      <trkpt lat="30.67362084053456783294677734375" lon="103.8866879045963287353515625">
        <ele>516.4000244140625</ele>
        <time>2026-09-11T23:46:10.000Z</time>
        <extensions>
          <ns3:TrackPointExtension>
            <ns3:hr>122</ns3:hr>
            <ns3:cad>54</ns3:cad>
          </ns3:TrackPointExtension>
        </extensions>
      </trkpt>
      <trkpt lat="30.673634670674800872802734375" lon="103.8866897486150264739990234375">
        <ele>516.4000244140625</ele>
        <time>2026-09-11T23:46:11.000Z</time>
        <extensions>
          <ns3:TrackPointExtension>
            <ns3:hr>121</ns3:hr>
            <ns3:cad>55</ns3:cad>
          </ns3:TrackPointExtension>
        </extensions>
      </trkpt>
      <trkpt lat="30.67364766262471675872802734375" lon="103.88669016771018505096435546875">
        <ele>516.4000244140625</ele>
        <time>2026-09-11T23:46:12.000Z</time>
        <extensions>
          <ns3:TrackPointExtension>
            <ns3:hr>122</ns3:hr>
            <ns3:cad>56</ns3:cad>
          </ns3:TrackPointExtension>
        </extensions>
      </trkpt>
      <trkpt lat="30.67366090603172779083251953125" lon="103.8866897486150264739990234375">
        <ele>516.4000244140625</ele>
        <time>2026-09-11T23:46:13.000Z</time>
        <extensions>
          <ns3:TrackPointExtension>
            <ns3:hr>122</ns3:hr>
            <ns3:cad>56</ns3:cad>
          </ns3:TrackPointExtension>
        </extensions>
      </trkpt>
      <trkpt lat="30.6736730597913265228271484375" lon="103.886691592633724212646484375">
        <ele>516.20001220703125</ele>
        <time>2026-09-11T23:46:14.000Z</time>
        <extensions>
          <ns3:TrackPointExtension>
            <ns3:hr>122</ns3:hr>
            <ns3:cad>56</ns3:cad>
          </ns3:TrackPointExtension>
        </extensions>
      </trkpt>
      <trkpt lat="30.6736874766647815704345703125" lon="103.8866924308240413665771484375">
        <ele>516.20001220703125</ele>
        <time>2026-09-11T23:46:15.000Z</time>
        <extensions>
          <ns3:TrackPointExtension>
            <ns3:hr>122</ns3:hr>
            <ns3:cad>56</ns3:cad>
          </ns3:TrackPointExtension>
        </extensions>
      </trkpt>
      <trkpt lat="30.67369963042438030242919921875" lon="103.886694945394992828369140625">
        <ele>516.20001220703125</ele>
        <time>2026-09-11T23:46:16.000Z</time>
        <extensions>
          <ns3:TrackPointExtension>
            <ns3:hr>122</ns3:hr>
            <ns3:cad>56</ns3:cad>
          </ns3:TrackPointExtension>
        </extensions>
      </trkpt>
      <trkpt lat="30.67371740005910396575927734375" lon="103.8866994716227054595947265625">
        <ele>516.20001220703125</ele>
        <time>2026-09-11T23:46:17.000Z</time>
        <extensions>
          <ns3:TrackPointExtension>
            <ns3:hr>122</ns3:hr>
            <ns3:cad>56</ns3:cad>
          </ns3:TrackPointExtension>
        </extensions>
      </trkpt>
      <trkpt lat="30.67371740005910396575927734375" lon="103.8866994716227054595947265625">
        <ele>516.20001220703125</ele>
        <time>2026-09-11T23:46:18.000Z</time>
        <extensions>
          <ns3:TrackPointExtension>
            <ns3:hr>123</ns3:hr>
            <ns3:cad>56</ns3:cad>
          </ns3:TrackPointExtension>
        </extensions>
      </trkpt>
      <trkpt lat="30.67373466677963733673095703125" lon="103.88670173473656177520751953125">
        <ele>516.4000244140625</ele>
        <time>2026-09-11T23:46:19.000Z</time>
        <extensions>
          <ns3:TrackPointExtension>
            <ns3:hr>122</ns3:hr>
            <ns3:cad>56</ns3:cad>
          </ns3:TrackPointExtension>
        </extensions>
      </trkpt>
      <trkpt lat="30.67374841310083866119384765625" lon="103.88670659624040126800537109375">
        <ele>516.4000244140625</ele>
        <time>2026-09-11T23:46:20.000Z</time>
        <extensions>
          <ns3:TrackPointExtension>
            <ns3:hr>122</ns3:hr>
            <ns3:cad>56</ns3:cad>
          </ns3:TrackPointExtension>
        </extensions>
      </trkpt>
      <trkpt lat="30.67375930957496166229248046875" lon="103.88671162538230419158935546875">
        <ele>516.4000244140625</ele>
        <time>2026-09-11T23:46:21.000Z</time>
        <extensions>
          <ns3:TrackPointExtension>
            <ns3:hr>122</ns3:hr>
            <ns3:cad>58</ns3:cad>
          </ns3:TrackPointExtension>
        </extensions>
      </trkpt>
      <trkpt lat="30.673769451677799224853515625" lon="103.886712379753589630126953125">
        <ele>516.4000244140625</ele>
        <time>2026-09-11T23:46:22.000Z</time>
        <extensions>
          <ns3:TrackPointExtension>
            <ns3:hr>122</ns3:hr>
            <ns3:cad>58</ns3:cad>
          </ns3:TrackPointExtension>
        </extensions>
      </trkpt>
      <trkpt lat="30.6737837009131908416748046875" lon="103.88672034256160259246826171875">
        <ele>516.4000244140625</ele>
        <time>2026-09-11T23:46:23.000Z</time>
        <extensions>
          <ns3:TrackPointExtension>
            <ns3:hr>122</ns3:hr>
            <ns3:cad>58</ns3:cad>
          </ns3:TrackPointExtension>
        </extensions>
      </trkpt>
      <trkpt lat="30.673786215484142303466796875" lon="103.88672285713255405426025390625">
        <ele>516.5999755859375</ele>
        <time>2026-09-11T23:46:24.000Z</time>
        <extensions>
          <ns3:TrackPointExtension>
            <ns3:hr>121</ns3:hr>
            <ns3:cad>59</ns3:cad>
          </ns3:TrackPointExtension>
        </extensions>
      </trkpt>
      <trkpt lat="30.673786215484142303466796875" lon="103.88672285713255405426025390625">
        <ele>516.5999755859375</ele>
        <time>2026-09-11T23:46:25.000Z</time>
        <extensions>
          <ns3:TrackPointExtension>
            <ns3:hr>121</ns3:hr>
            <ns3:cad>59</ns3:cad>
          </ns3:TrackPointExtension>
        </extensions>
      </trkpt>
    </trkseg>
  </trk>
</gpx>
